company_id,company_name,role,tagline,category,topic,pattern,difficulty,question_count,fit_strong,fit_borderline
agastya,Agastya,Campus / Placement,12 real questions from past Agastya interviews,Technical,General,Tell me about your self,medium,8,7,5.5
agastya,Agastya,Campus / Placement,12 real questions from past Agastya interviews,Technical,Java,did you work on java and xml,medium,8,7,5.5
agastya,Agastya,Campus / Placement,12 real questions from past Agastya interviews,Technical,General,questions on activities and fragments,medium,8,7,5.5
agastya,Agastya,Campus / Placement,12 real questions from past Agastya interviews,Technical,General,question on pillars of android,medium,8,7,5.5
agastya,Agastya,Campus / Placement,12 real questions from past Agastya interviews,Technical,General,Later asked few questions on the task done,medium,8,7,5.5
agastya,Agastya,Campus / Placement,12 real questions from past Agastya interviews,Technical,General,"while doing the task given, he asked to build in mvvm architecture",hard,8,7,5.5
agastya,Agastya,Campus / Placement,12 real questions from past Agastya interviews,Technical,General,about past company experience and roles and responsibilities,medium,8,7,5.5
agastya,Agastya,Campus / Placement,12 real questions from past Agastya interviews,Technical,General,pillars of android,medium,8,7,5.5
agastya,Agastya,Campus / Placement,12 real questions from past Agastya interviews,Technical,General,Questions on activities and fragment.,medium,8,7,5.5
agastya,Agastya,Campus / Placement,12 real questions from past Agastya interviews,Technical,General,Some basic backend request response,medium,8,7,5.5
agastya,Agastya,Campus / Placement,12 real questions from past Agastya interviews,Technical,APIs,Asked to build an MVVM architecture based api call and display in the app,hard,8,7,5.5
agastya,Agastya,Campus / Placement,12 real questions from past Agastya interviews,Technical,General,next questions on implementation,medium,8,7,5.5
alter-square,Alter square,Campus / Placement,7 real questions from past Alter square interviews,Technical,General,"Coding:automorphic number, 1=a,2=b…26=z let input=“12” we have to print possible ways count and show “ab”—“12” and “l”—“12”",medium,8,7,5.5
alter-square,Alter square,Campus / Placement,7 real questions from past Alter square interviews,Situational,Behavioral,"What is regularexpressions,what is promise,fetch,axios, tell about project,",medium,8,7,5.5
alter-square,Alter square,Campus / Placement,7 real questions from past Alter square interviews,Technical,Python,Python,medium,8,7,5.5
alter-square,Alter square,Campus / Placement,7 real questions from past Alter square interviews,Technical,General,2*(3+2)-1 convert this expression into code to get output that follows bodmas rule,medium,8,7,5.5
alter-square,Alter square,Campus / Placement,7 real questions from past Alter square interviews,Technical,General,Find the longest nonrepeatig substring in a given string,medium,8,7,5.5
alter-square,Alter square,Campus / Placement,7 real questions from past Alter square interviews,Technical,SQL,Sql,medium,8,7,5.5
alter-square,Alter square,Campus / Placement,7 real questions from past Alter square interviews,Technical,General,Given three tables and asked questions and we need to write queries (10 queries advanced level ),medium,8,7,5.5
altersqaure,Altersqaure,Campus / Placement,1 real questions from past Altersqaure interviews,Technical,General,Explain MongoDB aggregation,medium,8,7,5.5
altersquare,Altersquare,Campus / Placement,119 real questions from past Altersquare interviews,Technical,General,2 coding questions,medium,12,7,5.5
altersquare,Altersquare,Campus / Placement,119 real questions from past Altersquare interviews,Technical,General,Pass by value/ pass by reference,medium,12,7,5.5
altersquare,Altersquare,Campus / Placement,119 real questions from past Altersquare interviews,Technical,General,Promises,medium,12,7,5.5
altersquare,Altersquare,Campus / Placement,119 real questions from past Altersquare interviews,Technical,General,What is the type of array,medium,12,7,5.5
altersquare,Altersquare,Campus / Placement,119 real questions from past Altersquare interviews,Technical,General,"Given the size of a list of integers, n, and the",medium,12,7,5.5
altersquare,Altersquare,Campus / Placement,119 real questions from past Altersquare interviews,Technical,General,Ist my bet your task is to compute the,medium,12,7,5.5
altersquare,Altersquare,Campus / Placement,119 real questions from past Altersquare interviews,Technical,General,running total based on the following,medium,12,7,5.5
altersquare,Altersquare,Campus / Placement,119 real questions from past Altersquare interviews,Technical,General,If the langenge you are coding in uses 0-,medium,12,7,5.5
altersquare,Altersquare,Campus / Placement,119 real questions from past Altersquare interviews,Technical,General,besed indexing:,medium,12,7,5.5
altersquare,Altersquare,Campus / Placement,119 real questions from past Altersquare interviews,Technical,General,Add the lens at the venut,medium,12,7,5.5
altersquare,Altersquare,Campus / Placement,119 real questions from past Altersquare interviews,Technical,General,inderes to the total.,medium,12,7,5.5
altersquare,Altersquare,Campus / Placement,119 real questions from past Altersquare interviews,Technical,General,fubtract the elements at the odd-,medium,12,7,5.5
altersquare,Altersquare,Campus / Placement,119 real questions from past Altersquare interviews,Technical,General,membered in from the total.,medium,12,7,5.5
altersquare,Altersquare,Campus / Placement,119 real questions from past Altersquare interviews,Technical,General,of the language you are cosangin,medium,12,7,5.5
altersquare,Altersquare,Campus / Placement,119 real questions from past Altersquare interviews,Technical,General,Add them of the drumband,medium,12,7,5.5
altersquare,Altersquare,Campus / Placement,119 real questions from past Altersquare interviews,Technical,General,mdesas to the final.,medium,12,7,5.5
altersquare,Altersquare,Campus / Placement,119 real questions from past Altersquare interviews,Technical,General,Subtract the elements at the aven,medium,12,7,5.5
altersquare,Altersquare,Campus / Placement,119 real questions from past Altersquare interviews,Technical,General,mds from the total,medium,12,7,5.5
altersquare,Altersquare,Campus / Placement,119 real questions from past Altersquare interviews,Technical,General,reisidered an even andex,medium,12,7,5.5
altersquare,Altersquare,Campus / Placement,119 real questions from past Altersquare interviews,Technical,General,Note: Index O is considered an even index.,medium,12,7,5.5
altersquare,Altersquare,Campus / Placement,119 real questions from past Altersquare interviews,Technical,General,"Thon, hased on the running total, return a",medium,12,7,5.5
altersquare,Altersquare,Campus / Placement,119 real questions from past Altersquare interviews,Technical,General,value according to the following rules:,medium,12,7,5.5
altersquare,Altersquare,Campus / Placement,119 real questions from past Altersquare interviews,Technical,General,"If the total is divisible by 2 (but not by 3),",medium,12,7,5.5
altersquare,Altersquare,Campus / Placement,119 real questions from past Altersquare interviews,Technical,General,return the total multighed by 2.,medium,12,7,5.5
altersquare,Altersquare,Campus / Placement,119 real questions from past Altersquare interviews,Technical,General,"If the total is divisible by 3 (but not by 2),",medium,12,7,5.5
altersquare,Altersquare,Campus / Placement,119 real questions from past Altersquare interviews,Technical,General,return the total multiplied by 3.,medium,12,7,5.5
altersquare,Altersquare,Campus / Placement,119 real questions from past Altersquare interviews,Technical,General,"If the total is divisible by 6, return the total",medium,12,7,5.5
altersquare,Altersquare,Campus / Placement,119 real questions from past Altersquare interviews,Technical,General,multiplied by 6.,medium,12,7,5.5
altersquare,Altersquare,Campus / Placement,119 real questions from past Altersquare interviews,Technical,General,"Otherwise, return the total lisel.",medium,12,7,5.5
altersquare,Altersquare,Campus / Placement,119 real questions from past Altersquare interviews,Technical,General,Write the function that,medium,12,7,5.5
altersquare,Altersquare,Campus / Placement,119 real questions from past Altersquare interviews,Technical,General,ample 1 (assuming -besed indexing):,medium,12,7,5.5
altersquare,Altersquare,Campus / Placement,119 real questions from past Altersquare interviews,Technical,General,"my_list = 1,2,3",medium,12,7,5.5
altersquare,Altersquare,Campus / Placement,119 real questions from past Altersquare interviews,Technical,DSA,1Coding: Entry-Level Algorithms,medium,12,7,5.5
altersquare,Altersquare,Campus / Placement,119 real questions from past Altersquare interviews,Technical,General,2Problem Solving,medium,12,7,5.5
altersquare,Altersquare,Campus / Placement,119 real questions from past Altersquare interviews,Technical,General,3Communication (Intermediate),medium,12,7,5.5
altersquare,Altersquare,Campus / Placement,119 real questions from past Altersquare interviews,Technical,General,In the communication section they asked some personal based questions related to our decision making in some scenarios at work place,medium,12,7,5.5
altersquare,Altersquare,Campus / Placement,119 real questions from past Altersquare interviews,Technical,Git,Solve a problem where sum of digits repeatedly get a single digit,medium,12,7,5.5
altersquare,Altersquare,Campus / Placement,119 real questions from past Altersquare interviews,Technical,General,Interview Questions Asked By Pragmaedge Hr,medium,12,7,5.5
altersquare,Altersquare,Campus / Placement,119 real questions from past Altersquare interviews,Technical,General,Write a functional perfect number that checks whether a given number is a perfect number or not. Differentiate division by this or the same. The answer in this solution will be greater than 2. This solution should be not used in built-in functional division. Thank you for watching!,medium,12,7,5.5
altersquare,Altersquare,Campus / Placement,119 real questions from past Altersquare interviews,Technical,General,Why do we use reduced functions in an array?,medium,12,7,5.5
altersquare,Altersquare,Campus / Placement,119 real questions from past Altersquare interviews,Technical,Java,what are promises in Javascript?,medium,12,7,5.5
altersquare,Altersquare,Campus / Placement,119 real questions from past Altersquare interviews,Technical,General,Pass by value pass by reference,medium,12,7,5.5
altersquare,Altersquare,Campus / Placement,119 real questions from past Altersquare interviews,Situational,Behavioral,"introduction, project questions",medium,12,7,5.5
altersquare,Altersquare,Campus / Placement,119 real questions from past Altersquare interviews,Technical,General,given a task and execution in online compiler and asked me to explain each line,medium,12,7,5.5
altersquare,Altersquare,Campus / Placement,119 real questions from past Altersquare interviews,Aptitude,Logic,"Apptitude tarins and boats, time and work, property and ratios, English grammar -small passages, coding basic 2 questions",medium,12,7,5.5
altersquare,Altersquare,Campus / Placement,119 real questions from past Altersquare interviews,Technical,General,coding question,medium,12,7,5.5
altersquare,Altersquare,Campus / Placement,119 real questions from past Altersquare interviews,Technical,General,The purpose of this question is to show you how coding tests work. You are not being scored for anything in this question.,medium,12,7,5.5
altersquare,Altersquare,Campus / Placement,119 real questions from past Altersquare interviews,Technical,General,Use this time to explore this practice question before your actual test begins.,medium,12,7,5.5
altersquare,Altersquare,Campus / Placement,119 real questions from past Altersquare interviews,Technical,General,"Do not close this window at any time. The countdown timer will keep running, and you will miss your test question if you close the window.",medium,12,7,5.5
altersquare,Altersquare,Campus / Placement,119 real questions from past Altersquare interviews,Technical,General,You are given:,medium,12,7,5.5
altersquare,Altersquare,Campus / Placement,119 real questions from past Altersquare interviews,Technical,General,n: the size of the array,medium,12,7,5.5
altersquare,Altersquare,Campus / Placement,119 real questions from past Altersquare interviews,Technical,General,val1: an integer,medium,12,7,5.5
altersquare,Altersquare,Campus / Placement,119 real questions from past Altersquare interviews,Technical,General,arr: an array of integers,medium,12,7,5.5
altersquare,Altersquare,Campus / Placement,119 real questions from past Altersquare interviews,Technical,General,"If the total is divisible by 2 (but not by 3), return the total multiplied by 2.",medium,12,7,5.5
altersquare,Altersquare,Campus / Placement,119 real questions from past Altersquare interviews,Technical,General,"If the total is divisible by 3 (but not by 2), return the total multiplied by 3.",medium,12,7,5.5
altersquare,Altersquare,Campus / Placement,119 real questions from past Altersquare interviews,Technical,General,"If the total is divisible by 6, return the total multiplied by 6.",medium,12,7,5.5
altersquare,Altersquare,Campus / Placement,119 real questions from past Altersquare interviews,Technical,General,"Otherwise, return the total itself.",medium,12,7,5.5
altersquare,Altersquare,Campus / Placement,119 real questions from past Altersquare interviews,Technical,General,Write the function calculateRunningTotal that does this.,medium,12,7,5.5
altersquare,Altersquare,Campus / Placement,119 real questions from past Altersquare interviews,Technical,General,Example 1 (assuming 0-based indexing):,medium,12,7,5.5
altersquare,Altersquare,Campus / Placement,119 real questions from past Altersquare interviews,Technical,General,n = 3,medium,12,7,5.5
altersquare,Altersquare,Campus / Placement,119 real questions from past Altersquare interviews,Technical,General,my_list = 1 2 3,medium,12,7,5.5
altersquare,Altersquare,Campus / Placement,119 real questions from past Altersquare interviews,Technical,General,Example 2 (assuming 0-based indexing):,medium,12,7,5.5
altersquare,Altersquare,Campus / Placement,119 real questions from past Altersquare interviews,Technical,General,"Given the size of a list of integers, n, and the list my_list, your task is to compute the running total based on the following conditions:",medium,12,7,5.5
altersquare,Altersquare,Campus / Placement,119 real questions from past Altersquare interviews,Technical,General,If the language you are coding in uses 0-based indexing:,medium,12,7,5.5
altersquare,Altersquare,Campus / Placement,119 real questions from past Altersquare interviews,Technical,General,Add the elements at the even-numbered indexes to the total.,medium,12,7,5.5
altersquare,Altersquare,Campus / Placement,119 real questions from past Altersquare interviews,Technical,General,Subtract the elements at the odd-numbered indexes from the total.,medium,12,7,5.5
altersquare,Altersquare,Campus / Placement,119 real questions from past Altersquare interviews,Technical,General,If the language you are coding in uses 1-based indexing:,medium,12,7,5.5
altersquare,Altersquare,Campus / Placement,119 real questions from past Altersquare interviews,Technical,General,Add the elements at the odd-numbered indexes to the total.,medium,12,7,5.5
altersquare,Altersquare,Campus / Placement,119 real questions from past Altersquare interviews,Technical,General,Subtract the elements at the even-numbered indexes from the total.,medium,12,7,5.5
altersquare,Altersquare,Campus / Placement,119 real questions from past Altersquare interviews,Technical,General,Note: Index 0 is considered an even index.,medium,12,7,5.5
altersquare,Altersquare,Campus / Placement,119 real questions from past Altersquare interviews,Technical,General,"Then, based on the running total, return a value according to the following rules:",medium,12,7,5.5
altersquare,Altersquare,Campus / Placement,119 real questions from past Altersquare interviews,Technical,General,my_list = 80 30 31,medium,12,7,5.5
altersquare,Altersquare,Campus / Placement,119 real questions from past Altersquare interviews,Technical,General,function calculateRunningTotal,medium,12,7,5.5
altersquare,Altersquare,Campus / Placement,119 real questions from past Altersquare interviews,Technical,General,const readline = require('readline');,medium,12,7,5.5
altersquare,Altersquare,Campus / Placement,119 real questions from past Altersquare interviews,Technical,General,const rl = readline.createInterface({,medium,12,7,5.5
altersquare,Altersquare,Campus / Placement,119 real questions from past Altersquare interviews,Technical,General,"input: process.stdin,",medium,12,7,5.5
altersquare,Altersquare,Campus / Placement,119 real questions from past Altersquare interviews,Technical,General,output: process.stdout,medium,12,7,5.5
altersquare,Altersquare,Campus / Placement,119 real questions from past Altersquare interviews,Technical,General,});,medium,12,7,5.5
altersquare,Altersquare,Campus / Placement,119 real questions from past Altersquare interviews,Technical,General,"rl.question(""n: "", (n) => {",medium,12,7,5.5
altersquare,Altersquare,Campus / Placement,119 real questions from past Altersquare interviews,Technical,General,"rl.question(""input list: "", (inputList) => {",medium,12,7,5.5
altersquare,Altersquare,Campus / Placement,119 real questions from past Altersquare interviews,Technical,General,"const my_list = inputList.split(',').map(Number);",medium,12,7,5.5
altersquare,Altersquare,Campus / Placement,119 real questions from past Altersquare interviews,Technical,General,"const result = calculateRunningTotal(n, my_list);",medium,12,7,5.5
altersquare,Altersquare,Campus / Placement,119 real questions from past Altersquare interviews,Technical,General,console.log(result);,medium,12,7,5.5
altersquare,Altersquare,Campus / Placement,119 real questions from past Altersquare interviews,Technical,General,rl.close();,medium,12,7,5.5
altersquare,Altersquare,Campus / Placement,119 real questions from past Altersquare interviews,Technical,General,Question Explanation – calculateRunningTotal,medium,12,7,5.5
altersquare,Altersquare,Campus / Placement,119 real questions from past Altersquare interviews,Technical,General,An integer n → size of the list,medium,12,7,5.5
altersquare,Altersquare,Campus / Placement,119 real questions from past Altersquare interviews,Technical,General,A list of integers → my_list,medium,12,7,5.5
altersquare,Altersquare,Campus / Placement,119 real questions from past Altersquare interviews,Technical,General,Indexing is 0-based (index 0 is even),medium,12,7,5.5
altersquare,Altersquare,Campus / Placement,119 real questions from past Altersquare interviews,Technical,General,Step 1: Calculate running total,medium,12,7,5.5
altersquare,Altersquare,Campus / Placement,119 real questions from past Altersquare interviews,Technical,OOP,Loop through the list:,medium,12,7,5.5
altersquare,Altersquare,Campus / Placement,119 real questions from past Altersquare interviews,Technical,General,"If the index is even (0, 2, 4, …) → ADD the element",medium,12,7,5.5
altersquare,Altersquare,Campus / Placement,119 real questions from past Altersquare interviews,Technical,General,"If the index is odd (1, 3, 5, …) → SUBTRACT the element",medium,12,7,5.5
altersquare,Altersquare,Campus / Placement,119 real questions from past Altersquare interviews,Technical,General,Formula idea:,medium,12,7,5.5
altersquare,Altersquare,Campus / Placement,119 real questions from past Altersquare interviews,Technical,General,total = + element at even index,medium,12,7,5.5
altersquare,Altersquare,Campus / Placement,119 real questions from past Altersquare interviews,Technical,General,total = − element at odd index,medium,12,7,5.5
altersquare,Altersquare,Campus / Placement,119 real questions from past Altersquare interviews,Technical,General,Step 2: Apply divisibility rules to the total,medium,12,7,5.5
altersquare,Altersquare,Campus / Placement,119 real questions from past Altersquare interviews,Technical,General,After calculating the total:,medium,12,7,5.5
altersquare,Altersquare,Campus / Placement,119 real questions from past Altersquare interviews,Technical,General,If total is divisible by 6,medium,12,7,5.5
altersquare,Altersquare,Campus / Placement,119 real questions from past Altersquare interviews,Technical,General,→ return total × 6,medium,12,7,5.5
altersquare,Altersquare,Campus / Placement,119 real questions from past Altersquare interviews,Technical,General,Else if total is divisible by 2 only,medium,12,7,5.5
altersquare,Altersquare,Campus / Placement,119 real questions from past Altersquare interviews,Technical,General,→ return total × 2,medium,12,7,5.5
altersquare,Altersquare,Campus / Placement,119 real questions from past Altersquare interviews,Technical,General,Else if total is divisible by 3 only,medium,12,7,5.5
altersquare,Altersquare,Campus / Placement,119 real questions from past Altersquare interviews,Technical,General,→ return total × 3,medium,12,7,5.5
altersquare,Altersquare,Campus / Placement,119 real questions from past Altersquare interviews,Technical,General,→ return total,medium,12,7,5.5
altersquare,Altersquare,Campus / Placement,119 real questions from past Altersquare interviews,Technical,General,✅ Example 1,medium,12,7,5.5
altersquare,Altersquare,Campus / Placement,119 real questions from past Altersquare interviews,Technical,General,"my_list = [1, 2, 3]",medium,12,7,5.5
altersquare,Altersquare,Campus / Placement,119 real questions from past Altersquare interviews,Technical,General,index 0 → +1 → total = 1,medium,12,7,5.5
altersquare,Altersquare,Campus / Placement,119 real questions from past Altersquare interviews,Technical,General,index 1 → −2 → total = -1,medium,12,7,5.5
altersquare,Altersquare,Campus / Placement,119 real questions from past Altersquare interviews,Technical,General,index 2 → +3 → total = 2,medium,12,7,5.5
altersquare,Altersquare,Campus / Placement,119 real questions from past Altersquare interviews,Technical,General,2 is divisible by 2 → return,medium,12,7,5.5
altersquare,Altersquare,Campus / Placement,119 real questions from past Altersquare interviews,Technical,General,2 × 2 = 4,medium,12,7,5.5
altersquare,Altersquare,Campus / Placement,119 real questions from past Altersquare interviews,Technical,General,✅ Example 2,medium,12,7,5.5
altersquare,Altersquare,Campus / Placement,119 real questions from past Altersquare interviews,Technical,General,"my_list = [80, 30, 31]",medium,12,7,5.5
altersquare,Altersquare,Campus / Placement,119 real questions from past Altersquare interviews,Technical,General,+80 −30 +31 = 81,medium,12,7,5.5
altersquare,Altersquare,Campus / Placement,119 real questions from past Altersquare interviews,Technical,General,81 divisible by 3 → return,medium,12,7,5.5
altersquare,Altersquare,Campus / Placement,119 real questions from past Altersquare interviews,Technical,General,81 × 3 = 243,medium,12,7,5.5
altersquare,Altersquare,Campus / Placement,119 real questions from past Altersquare interviews,Technical,General,✅ What you must implement,hard,12,7,5.5
altersquare,Altersquare,Campus / Placement,119 real questions from past Altersquare interviews,Technical,General,A function:,medium,12,7,5.5
altersquare,Altersquare,Campus / Placement,119 real questions from past Altersquare interviews,Technical,General,"calculateRunningTotal(n, my_list)",medium,12,7,5.5
amista,Amista,Campus / Placement,121 real questions from past Amista interviews,Technical,HTML/CSS,HTML,medium,12,7,5.5
amista,Amista,Campus / Placement,121 real questions from past Amista interviews,Technical,HTML/CSS,CSS,medium,12,7,5.5
amista,Amista,Campus / Placement,121 real questions from past Amista interviews,Technical,General,JS,medium,12,7,5.5
amista,Amista,Campus / Placement,121 real questions from past Amista interviews,Technical,SQL,SQL,medium,12,7,5.5
amista,Amista,Campus / Placement,121 real questions from past Amista interviews,Technical,General,Are you comfortable working in a hybrid work model?,medium,12,7,5.5
amista,Amista,Campus / Placement,121 real questions from past Amista interviews,Technical,General,Are you currently located in Hyderabad?,medium,12,7,5.5
amista,Amista,Campus / Placement,121 real questions from past Amista interviews,Technical,General,Are you willing to work in rotational or night shifts if required?,medium,12,7,5.5
amista,Amista,Campus / Placement,121 real questions from past Amista interviews,Technical,General,Directions (North East West South),medium,12,7,5.5
amista,Amista,Campus / Placement,121 real questions from past Amista interviews,Technical,Java,Java,medium,12,7,5.5
amista,Amista,Campus / Placement,121 real questions from past Amista interviews,Technical,Java,JavaScript,medium,12,7,5.5
amista,Amista,Campus / Placement,121 real questions from past Amista interviews,Technical,General,In coding they majorly focusing on code snippets and find the crt missing code,medium,12,7,5.5
amista,Amista,Campus / Placement,121 real questions from past Amista interviews,Situational,Java,"Project related questions, sql ( important) , java questions",medium,12,7,5.5
amista,Amista,Campus / Placement,121 real questions from past Amista interviews,Situational,Behavioral,Explain your project and your role in it.,medium,12,7,5.5
amista,Amista,Campus / Placement,121 real questions from past Amista interviews,Communication,Clarity,How does the frontend communicate with the backend in your project?,medium,12,7,5.5
amista,Amista,Campus / Placement,121 real questions from past Amista interviews,Situational,Behavioral,What challenges did you face while building the project and how did you solve them?,medium,12,7,5.5
amista,Amista,Campus / Placement,121 real questions from past Amista interviews,Technical,SQL,What are different types of joins in SQL?,medium,12,7,5.5
amista,Amista,Campus / Placement,121 real questions from past Amista interviews,Technical,General,Difference between INNER JOIN and LEFT JOIN.,medium,12,7,5.5
amista,Amista,Campus / Placement,121 real questions from past Amista interviews,Technical,General,Write a query to find duplicate records in a table.,medium,12,7,5.5
amista,Amista,Campus / Placement,121 real questions from past Amista interviews,Technical,General,Difference between WHERE and HAVING clause.,medium,12,7,5.5
amista,Amista,Campus / Placement,121 real questions from past Amista interviews,Technical,General,What is normalization?,medium,12,7,5.5
amista,Amista,Campus / Placement,121 real questions from past Amista interviews,Technical,OOP,What is OOP? Explain the four pillars of OOP.,medium,12,7,5.5
amista,Amista,Campus / Placement,121 real questions from past Amista interviews,Technical,General,What is the difference between abstraction and encapsulation?,medium,12,7,5.5
amista,Amista,Campus / Placement,121 real questions from past Amista interviews,Technical,General,What is the difference between interface and abstract class?,medium,12,7,5.5
amista,Amista,Campus / Placement,121 real questions from past Amista interviews,Technical,General,What is method overloading vs method overriding?,medium,12,7,5.5
amista,Amista,Campus / Placement,121 real questions from past Amista interviews,Technical,General,"What is JVM, JRE, and JDK?",medium,12,7,5.5
amista,Amista,Campus / Placement,121 real questions from past Amista interviews,Technical,General,About your self,medium,12,7,5.5
amista,Amista,Campus / Placement,121 real questions from past Amista interviews,Situational,Behavioral,project explanation,medium,12,7,5.5
amista,Amista,Campus / Placement,121 real questions from past Amista interviews,Technical,Java,complete javascriprt questions,medium,12,7,5.5
amista,Amista,Campus / Placement,121 real questions from past Amista interviews,Technical,Java,java oops,medium,12,7,5.5
amista,Amista,Campus / Placement,121 real questions from past Amista interviews,Technical,SQL,"sql based questions(joins,order by)",medium,12,7,5.5
amista,Amista,Campus / Placement,121 real questions from past Amista interviews,Technical,General,c language based questions,medium,12,7,5.5
amista,Amista,Campus / Placement,121 real questions from past Amista interviews,HR,Introduction,Tell me about yourself,easy,12,7,5.5
amista,Amista,Campus / Placement,121 real questions from past Amista interviews,Technical,General,Difference between shift and unshift,medium,12,7,5.5
amista,Amista,Campus / Placement,121 real questions from past Amista interviews,Technical,General,Check number is integer in js,medium,12,7,5.5
amista,Amista,Campus / Placement,121 real questions from past Amista interviews,Technical,General,How to extract character in js,medium,12,7,5.5
amista,Amista,Campus / Placement,121 real questions from past Amista interviews,Technical,General,Indetail explaination about projects.,medium,12,7,5.5
amista,Amista,Campus / Placement,121 real questions from past Amista interviews,Technical,General,"How many tables in your projects, what are they",medium,12,7,5.5
amista,Amista,Campus / Placement,121 real questions from past Amista interviews,Technical,OOP,What is oops and explain with realtime examples,medium,12,7,5.5
amista,Amista,Campus / Placement,121 real questions from past Amista interviews,Technical,General,Difference between encapsulation and abstraction,medium,12,7,5.5
amista,Amista,Campus / Placement,121 real questions from past Amista interviews,Technical,General,Explain about abstract class,medium,12,7,5.5
amista,Amista,Campus / Placement,121 real questions from past Amista interviews,Technical,Java,Explain about exception and how you handle exception in java,medium,12,7,5.5
amista,Amista,Campus / Placement,121 real questions from past Amista interviews,Technical,General,"Difference between final, finally and finalize",medium,12,7,5.5
amista,Amista,Campus / Placement,121 real questions from past Amista interviews,Technical,SQL,Mysql,medium,12,7,5.5
amista,Amista,Campus / Placement,121 real questions from past Amista interviews,Technical,General,Explain joins and types,medium,12,7,5.5
amista,Amista,Campus / Placement,121 real questions from past Amista interviews,Technical,General,Querys on joins and subquery,medium,12,7,5.5
amista,Amista,Campus / Placement,121 real questions from past Amista interviews,Technical,General,how to displays duplicate rows,medium,12,7,5.5
amista,Amista,Campus / Placement,121 real questions from past Amista interviews,Technical,General,Query to display name without duplicates,medium,12,7,5.5
amista,Amista,Campus / Placement,121 real questions from past Amista interviews,Technical,General,Two codes they given. Guess the output,medium,12,7,5.5
amista,Amista,Campus / Placement,121 real questions from past Amista interviews,Technical,General,Tell me about your self,medium,12,7,5.5
amista,Amista,Campus / Placement,121 real questions from past Amista interviews,Technical,General,Explain about your projects,medium,12,7,5.5
amista,Amista,Campus / Placement,121 real questions from past Amista interviews,Technical,General,What are the challanges did you faced during projects,medium,12,7,5.5
amista,Amista,Campus / Placement,121 real questions from past Amista interviews,Technical,General,Closures,medium,12,7,5.5
amista,Amista,Campus / Placement,121 real questions from past Amista interviews,Technical,General,Differences between prefix variable keywords,medium,12,7,5.5
amista,Amista,Campus / Placement,121 real questions from past Amista interviews,Technical,General,And some general js questions,medium,12,7,5.5
amista,Amista,Campus / Placement,121 real questions from past Amista interviews,Technical,SQL,what is sql,medium,12,7,5.5
amista,Amista,Campus / Placement,121 real questions from past Amista interviews,Technical,General,Why only use joins,medium,12,7,5.5
amista,Amista,Campus / Placement,121 real questions from past Amista interviews,Technical,SQL,5 sql queries,medium,12,7,5.5
amista,Amista,Campus / Placement,121 real questions from past Amista interviews,Technical,SQL,Why used PostgreSQL why not mogodb,medium,12,7,5.5
amista,Amista,Campus / Placement,121 real questions from past Amista interviews,Technical,General,Questions on clauses and queries on aggregates,medium,12,7,5.5
amista,Amista,Campus / Placement,121 real questions from past Amista interviews,Technical,SQL,Some advanced questions in SQL,medium,12,7,5.5
amista,Amista,Campus / Placement,121 real questions from past Amista interviews,Technical,OOP,Oops all questions along with differences among them,medium,12,7,5.5
amista,Amista,Campus / Placement,121 real questions from past Amista interviews,Technical,General,Real world examples of all of them even with types,medium,12,7,5.5
amista,Amista,Campus / Placement,121 real questions from past Amista interviews,Technical,Java,Some coding problems on Java,medium,12,7,5.5
amista,Amista,Campus / Placement,121 real questions from past Amista interviews,Technical,General,LOGICAL THINKING QUESTION AT LAST,medium,12,7,5.5
amista,Amista,Campus / Placement,121 real questions from past Amista interviews,Technical,General,Imagine we have 8 balls and among them one of it is heavy and remaining are light weighted.you have a weighing machine where you can measure by keeping them on both sides .find the heavy ball in 2 iterations by measuring them.,medium,12,7,5.5
amista,Amista,Campus / Placement,121 real questions from past Amista interviews,Technical,General,Self intro,medium,12,7,5.5
amista,Amista,Campus / Placement,121 real questions from past Amista interviews,Situational,Behavioral,Project related questions,medium,12,7,5.5
amista,Amista,Campus / Placement,121 real questions from past Amista interviews,Technical,General,"Final, finally, finalize",medium,12,7,5.5
amista,Amista,Campus / Placement,121 real questions from past Amista interviews,Technical,General,Promises,medium,12,7,5.5
amista,Amista,Campus / Placement,121 real questions from past Amista interviews,Technical,General,Self introduction,medium,12,7,5.5
amista,Amista,Campus / Placement,121 real questions from past Amista interviews,Technical,General,Explain about projects,medium,12,7,5.5
amista,Amista,Campus / Placement,121 real questions from past Amista interviews,Technical,General,"Why ,what , how (questions related to projects)",medium,12,7,5.5
amista,Amista,Campus / Placement,121 real questions from past Amista interviews,Technical,General,Logical questions: like if user clicks 5 times a order button how u prevent from multiple duplicate orders.,medium,12,7,5.5
amista,Amista,Campus / Placement,121 real questions from past Amista interviews,Technical,General,Mainly asked 80% questions from projects,medium,12,7,5.5
amista,Amista,Campus / Placement,121 real questions from past Amista interviews,Situational,Behavioral,"Almost all project based questions like authentication, Authorization",medium,12,7,5.5
amista,Amista,Campus / Placement,121 real questions from past Amista interviews,Technical,OOP,Oops concepts with real world example,medium,12,7,5.5
amista,Amista,Campus / Placement,121 real questions from past Amista interviews,Technical,General,Can we define private for abstract methods,medium,12,7,5.5
amista,Amista,Campus / Placement,121 real questions from past Amista interviews,Technical,General,And can abstract methods will overriden,medium,12,7,5.5
amista,Amista,Campus / Placement,121 real questions from past Amista interviews,Technical,General,And one brain storming question i.e weight of the balls i think it is same for everyone,medium,12,7,5.5
amista,Amista,Campus / Placement,121 real questions from past Amista interviews,Situational,Java,Project based and mostly javascript and sql,medium,12,7,5.5
amista,Amista,Campus / Placement,121 real questions from past Amista interviews,Technical,Java,Retrieve the employees who have been logged in the last 7 days using javascript and sql,medium,12,7,5.5
amista,Amista,Campus / Placement,121 real questions from past Amista interviews,Technical,General,Retrieve the employees who doesn't place any orders from two tables employees and orders,medium,12,7,5.5
amista,Amista,Campus / Placement,121 real questions from past Amista interviews,Technical,General,Can we store multidimensional array in an array in js,medium,12,7,5.5
amista,Amista,Campus / Placement,121 real questions from past Amista interviews,Technical,General,Explain different scenarios for joins,medium,12,7,5.5
amista,Amista,Campus / Placement,121 real questions from past Amista interviews,Technical,General,Find how many people have logged in last 7 days,medium,12,7,5.5
amista,Amista,Campus / Placement,121 real questions from past Amista interviews,Technical,General,Find how many people done their tasks,medium,12,7,5.5
amista,Amista,Campus / Placement,121 real questions from past Amista interviews,Technical,General,Explain cardinality btw the given tables,medium,12,7,5.5
amista,Amista,Campus / Placement,121 real questions from past Amista interviews,Technical,General,Why using joins,medium,12,7,5.5
amista,Amista,Campus / Placement,121 real questions from past Amista interviews,Technical,General,What are closures,medium,12,7,5.5
amista,Amista,Campus / Placement,121 real questions from past Amista interviews,Technical,SQL,Convet sql queries to js code,medium,12,7,5.5
amista,Amista,Campus / Placement,121 real questions from past Amista interviews,Technical,General,Questions related to my projects,medium,12,7,5.5
amista,Amista,Campus / Placement,121 real questions from past Amista interviews,Technical,General,Like .Challenges u faced ? Senario based questions,medium,12,7,5.5
amista,Amista,Campus / Placement,121 real questions from past Amista interviews,Technical,General,If client rejects ur projects after finishing what u do ?,medium,12,7,5.5
amista,Amista,Campus / Placement,121 real questions from past Amista interviews,Technical,General,Where u will see ur self after 2 years,medium,12,7,5.5
amista,Amista,Campus / Placement,121 real questions from past Amista interviews,Technical,General,Behaviour questions it was good,medium,12,7,5.5
amista,Amista,Campus / Placement,121 real questions from past Amista interviews,Situational,Behavioral,Questions like how you finish the project if deadline is in 3 days,medium,12,7,5.5
amista,Amista,Campus / Placement,121 real questions from past Amista interviews,Technical,General,What makes you motivate,medium,12,7,5.5
amista,Amista,Campus / Placement,121 real questions from past Amista interviews,Technical,General,How you want to see yourself in next 5 years,medium,12,7,5.5
amista,Amista,Campus / Placement,121 real questions from past Amista interviews,Technical,General,Why u r a good candidate,medium,12,7,5.5
amista,Amista,Campus / Placement,121 real questions from past Amista interviews,Technical,General,"Tell me about your family (what your parents do, background)",medium,12,7,5.5
amista,Amista,Campus / Placement,121 real questions from past Amista interviews,Technical,General,Are you comfortable relocating to Hyderabad?,medium,12,7,5.5
amista,Amista,Campus / Placement,121 real questions from past Amista interviews,Technical,General,How will you commute to office?,medium,12,7,5.5
amista,Amista,Campus / Placement,121 real questions from past Amista interviews,Technical,General,Can you join immediately?,medium,12,7,5.5
amista,Amista,Campus / Placement,121 real questions from past Amista interviews,Technical,General,Are you comfortable with hybrid work / office work?,medium,12,7,5.5
amista,Amista,Campus / Placement,121 real questions from past Amista interviews,Technical,General,Are you comfortable with night shifts if required?,medium,12,7,5.5
amista,Amista,Campus / Placement,121 real questions from past Amista interviews,Technical,General,Behavioral Questions:,medium,12,7,5.5
amista,Amista,Campus / Placement,121 real questions from past Amista interviews,Technical,General,How do you handle deadlines?,medium,12,7,5.5
amista,Amista,Campus / Placement,121 real questions from past Amista interviews,Situational,Behavioral,How do you challenge yourself or improve your skills?,medium,12,7,5.5
amista,Amista,Campus / Placement,121 real questions from past Amista interviews,Situational,Behavioral,Tell me about a challenge you faced and how you solved it,medium,12,7,5.5
amista,Amista,Campus / Placement,121 real questions from past Amista interviews,Situational,Behavioral,How do you handle pressure or stress?,medium,12,7,5.5
amista,Amista,Campus / Placement,121 real questions from past Amista interviews,Technical,General,What motivates you?,medium,12,7,5.5
amista,Amista,Campus / Placement,121 real questions from past Amista interviews,HR,Introduction,What are your strengths?,easy,12,7,5.5
amista,Amista,Campus / Placement,121 real questions from past Amista interviews,Technical,General,What are your weaknesses?,medium,12,7,5.5
amista,Amista,Campus / Placement,121 real questions from past Amista interviews,Technical,General,How do you manage your time?,medium,12,7,5.5
amista,Amista,Campus / Placement,121 real questions from past Amista interviews,Technical,General,General Questions:,medium,12,7,5.5
amista,Amista,Campus / Placement,121 real questions from past Amista interviews,HR,Introduction,Why do you want to join this company?,easy,12,7,5.5
amista,Amista,Campus / Placement,121 real questions from past Amista interviews,Technical,General,Why are you switching from full stack to SAP / this role?,medium,12,7,5.5
amista,Amista,Campus / Placement,121 real questions from past Amista interviews,Technical,General,Do you have any other offers?,medium,12,7,5.5
amista,Amista,Campus / Placement,121 real questions from past Amista interviews,Technical,General,What are your salary expectations?,medium,12,7,5.5
amista,Amista,Campus / Placement,121 real questions from past Amista interviews,Technical,General,When can you join?,medium,12,7,5.5
amista,Amista,Campus / Placement,121 real questions from past Amista interviews,Technical,General,How would you rate(scale of 5) your self on,medium,12,7,5.5
angodigital,Angodigital,Campus / Placement,11 real questions from past Angodigital interviews,Technical,General,That is the difference between Dom and V Dom,medium,8,7,5.5
angodigital,Angodigital,Campus / Placement,11 real questions from past Angodigital interviews,Technical,General,funtions x(){,medium,8,7,5.5
angodigital,Angodigital,Campus / Placement,11 real questions from past Angodigital interviews,Technical,General,for(var i=0;i<=5;i++){,medium,8,7,5.5
angodigital,Angodigital,Campus / Placement,11 real questions from past Angodigital interviews,Technical,General,"setintervel(()=>console.log(i),i*1000)",medium,8,7,5.5
angodigital,Angodigital,Campus / Placement,11 real questions from past Angodigital interviews,Technical,General,},medium,8,7,5.5
angodigital,Angodigital,Campus / Placement,11 real questions from past Angodigital interviews,Technical,General,x(),medium,8,7,5.5
angodigital,Angodigital,Campus / Placement,11 real questions from past Angodigital interviews,Technical,General,write the todo list Task,medium,8,7,5.5
angodigital,Angodigital,Campus / Placement,11 real questions from past Angodigital interviews,Technical,General,"let,var and const",medium,8,7,5.5
angodigital,Angodigital,Campus / Placement,11 real questions from past Angodigital interviews,Technical,General,Promises,medium,8,7,5.5
angodigital,Angodigital,Campus / Placement,11 real questions from past Angodigital interviews,Technical,React,React hooks explain each and every hook,medium,8,7,5.5
angodigital,Angodigital,Campus / Placement,11 real questions from past Angodigital interviews,Technical,General,Self Intro,medium,8,7,5.5
appxcelerate-solutions-pvt-ltd-python-developer,AppXcelerate Solutions Pvt Ltd - python developer- ..,Campus / Placement,12 real questions from past AppXcelerate Solutions Pvt Ltd - python developer- .. interviews,Technical,General,Self intro,medium,8,7,5.5
appxcelerate-solutions-pvt-ltd-python-developer,AppXcelerate Solutions Pvt Ltd - python developer- ..,Campus / Placement,12 real questions from past AppXcelerate Solutions Pvt Ltd - python developer- .. interviews,Technical,General,List comprehension,medium,8,7,5.5
appxcelerate-solutions-pvt-ltd-python-developer,AppXcelerate Solutions Pvt Ltd - python developer- ..,Campus / Placement,12 real questions from past AppXcelerate Solutions Pvt Ltd - python developer- .. interviews,Technical,General,List set dictionary differences,medium,8,7,5.5
appxcelerate-solutions-pvt-ltd-python-developer,AppXcelerate Solutions Pvt Ltd - python developer- ..,Campus / Placement,12 real questions from past AppXcelerate Solutions Pvt Ltd - python developer- .. interviews,Technical,OOP,Oops,medium,8,7,5.5
appxcelerate-solutions-pvt-ltd-python-developer,AppXcelerate Solutions Pvt Ltd - python developer- ..,Campus / Placement,12 real questions from past AppXcelerate Solutions Pvt Ltd - python developer- .. interviews,Technical,General,Inheritance,medium,8,7,5.5
appxcelerate-solutions-pvt-ltd-python-developer,AppXcelerate Solutions Pvt Ltd - python developer- ..,Campus / Placement,12 real questions from past AppXcelerate Solutions Pvt Ltd - python developer- .. interviews,Technical,General,Polymorphism,medium,8,7,5.5
appxcelerate-solutions-pvt-ltd-python-developer,AppXcelerate Solutions Pvt Ltd - python developer- ..,Campus / Placement,12 real questions from past AppXcelerate Solutions Pvt Ltd - python developer- .. interviews,Technical,Python,2 python codes,medium,8,7,5.5
appxcelerate-solutions-pvt-ltd-python-developer,AppXcelerate Solutions Pvt Ltd - python developer- ..,Campus / Placement,12 real questions from past AppXcelerate Solutions Pvt Ltd - python developer- .. interviews,Technical,General,"Self intro,",medium,8,7,5.5
appxcelerate-solutions-pvt-ltd-python-developer,AppXcelerate Solutions Pvt Ltd - python developer- ..,Campus / Placement,12 real questions from past AppXcelerate Solutions Pvt Ltd - python developer- .. interviews,Technical,General,2coding questions,medium,8,7,5.5
appxcelerate-solutions-pvt-ltd-python-developer,AppXcelerate Solutions Pvt Ltd - python developer- ..,Campus / Placement,12 real questions from past AppXcelerate Solutions Pvt Ltd - python developer- .. interviews,Technical,General,What is Decorator,medium,8,7,5.5
appxcelerate-solutions-pvt-ltd-python-developer,AppXcelerate Solutions Pvt Ltd - python developer- ..,Campus / Placement,12 real questions from past AppXcelerate Solutions Pvt Ltd - python developer- .. interviews,Technical,General,Coding questions:-,medium,8,7,5.5
appxcelerate-solutions-pvt-ltd-python-developer,AppXcelerate Solutions Pvt Ltd - python developer- ..,Campus / Placement,12 real questions from past AppXcelerate Solutions Pvt Ltd - python developer- .. interviews,Technical,General,List frequency,medium,8,7,5.5
arun-kumar,Arun kumar,Campus / Placement,26 real questions from past Arun kumar interviews,HR,Introduction,About projects in resume,easy,8,7,5.5
arun-kumar,Arun kumar,Campus / Placement,26 real questions from past Arun kumar interviews,Technical,React,What is react,medium,8,7,5.5
arun-kumar,Arun kumar,Campus / Placement,26 real questions from past Arun kumar interviews,Technical,General,What are hooks,medium,8,7,5.5
arun-kumar,Arun kumar,Campus / Placement,26 real questions from past Arun kumar interviews,Technical,General,Difference between use memo and useeffect,medium,8,7,5.5
arun-kumar,Arun kumar,Campus / Placement,26 real questions from past Arun kumar interviews,Technical,General,What is prop drilling and how can we minimize it,medium,8,7,5.5
arun-kumar,Arun kumar,Campus / Placement,26 real questions from past Arun kumar interviews,Technical,General,How to minimize re-renders,medium,8,7,5.5
arun-kumar,Arun kumar,Campus / Placement,26 real questions from past Arun kumar interviews,Technical,General,How to improve performance of a component,medium,8,7,5.5
arun-kumar,Arun kumar,Campus / Placement,26 real questions from past Arun kumar interviews,Technical,General,About this keyword,medium,8,7,5.5
arun-kumar,Arun kumar,Campus / Placement,26 real questions from past Arun kumar interviews,Technical,General,About super keyword,medium,8,7,5.5
arun-kumar,Arun kumar,Campus / Placement,26 real questions from past Arun kumar interviews,Technical,General,"Difference between let,var,const",medium,8,7,5.5
arun-kumar,Arun kumar,Campus / Placement,26 real questions from past Arun kumar interviews,Technical,General,Difference between functional and class based components,medium,8,7,5.5
arun-kumar,Arun kumar,Campus / Placement,26 real questions from past Arun kumar interviews,Technical,General,Task : toggle background color,medium,8,7,5.5
arun-kumar,Arun kumar,Campus / Placement,26 real questions from past Arun kumar interviews,Technical,General,Program: to find sum of even and odd numbers in an array and to find sum of prime numbers in an array,medium,8,7,5.5
arun-kumar,Arun kumar,Campus / Placement,26 real questions from past Arun kumar interviews,Technical,General,"Explain about call,apply ,bind",medium,8,7,5.5
arun-kumar,Arun kumar,Campus / Placement,26 real questions from past Arun kumar interviews,Technical,General,"Explain about rest,spread operators",medium,8,7,5.5
arun-kumar,Arun kumar,Campus / Placement,26 real questions from past Arun kumar interviews,Technical,General,About clousers,medium,8,7,5.5
arun-kumar,Arun kumar,Campus / Placement,26 real questions from past Arun kumar interviews,Technical,General,About de structuring,medium,8,7,5.5
arun-kumar,Arun kumar,Campus / Placement,26 real questions from past Arun kumar interviews,Technical,HTML/CSS,Use of doc type in html,medium,8,7,5.5
arun-kumar,Arun kumar,Campus / Placement,26 real questions from past Arun kumar interviews,Technical,General,Difference between inline and block level elements with example,medium,8,7,5.5
arun-kumar,Arun kumar,Campus / Placement,26 real questions from past Arun kumar interviews,Technical,General,Difference between semantic and non semantic elements with example,medium,8,7,5.5
arun-kumar,Arun kumar,Campus / Placement,26 real questions from past Arun kumar interviews,Technical,General,Difference between class and id,medium,8,7,5.5
arun-kumar,Arun kumar,Campus / Placement,26 real questions from past Arun kumar interviews,Technical,General,Difference between pseudo classes and pseudo elements,medium,8,7,5.5
arun-kumar,Arun kumar,Campus / Placement,26 real questions from past Arun kumar interviews,Technical,General,About positions,medium,8,7,5.5
arun-kumar,Arun kumar,Campus / Placement,26 real questions from past Arun kumar interviews,Technical,General,Difference between sticky and fixed positions,medium,8,7,5.5
arun-kumar,Arun kumar,Campus / Placement,26 real questions from past Arun kumar interviews,Technical,General,Difference between flex and grid,medium,8,7,5.5
arun-kumar,Arun kumar,Campus / Placement,26 real questions from past Arun kumar interviews,Technical,General,Difference between justify content and align items,medium,8,7,5.5
baadal-soft,baadal soft,Campus / Placement,18 real questions from past baadal soft interviews,Technical,Java,"Given a string ""JavaScript is really awesome """,medium,8,7,5.5
baadal-soft,baadal soft,Campus / Placement,18 real questions from past baadal soft interviews,Technical,General,Return a longest sub string,medium,8,7,5.5
baadal-soft,baadal soft,Campus / Placement,18 real questions from past baadal soft interviews,Technical,Java,Output: JavaScript,medium,8,7,5.5
baadal-soft,baadal soft,Campus / Placement,18 real questions from past baadal soft interviews,Technical,General,3rd round:,medium,8,7,5.5
baadal-soft,baadal soft,Campus / Placement,18 real questions from past baadal soft interviews,Technical,General,What is semantic elements?,medium,8,7,5.5
baadal-soft,baadal soft,Campus / Placement,18 real questions from past baadal soft interviews,Technical,General,Difference between local storage and Session storage?,medium,8,7,5.5
baadal-soft,baadal soft,Campus / Placement,18 real questions from past baadal soft interviews,Technical,React,What is ReactDOM server?,medium,8,7,5.5
baadal-soft,baadal soft,Campus / Placement,18 real questions from past baadal soft interviews,Technical,General,What is event deligation?,medium,8,7,5.5
baadal-soft,baadal soft,Campus / Placement,18 real questions from past baadal soft interviews,Technical,General,What are pure functions?,medium,8,7,5.5
baadal-soft,baadal soft,Campus / Placement,18 real questions from past baadal soft interviews,Technical,Node.js,How do you upload files in node js?,medium,8,7,5.5
baadal-soft,baadal soft,Campus / Placement,18 real questions from past baadal soft interviews,Technical,General,Given asynchronous code and synchronous I should explain how they will execute.,medium,8,7,5.5
baadal-soft,baadal soft,Campus / Placement,18 real questions from past baadal soft interviews,Technical,General,What are lifecycle methods?,medium,8,7,5.5
baadal-soft,baadal soft,Campus / Placement,18 real questions from past baadal soft interviews,Technical,General,What are stateless components?,medium,8,7,5.5
baadal-soft,baadal soft,Campus / Placement,18 real questions from past baadal soft interviews,Technical,General,What is redux and explain its workflow.,medium,8,7,5.5
baadal-soft,baadal soft,Campus / Placement,18 real questions from past baadal soft interviews,Technical,APIs,What is usereducer and context api.,medium,8,7,5.5
baadal-soft,baadal soft,Campus / Placement,18 real questions from past baadal soft interviews,Technical,General,Difference between useState and useReducer,medium,8,7,5.5
baadal-soft,baadal soft,Campus / Placement,18 real questions from past baadal soft interviews,Technical,General,What is hoisting?,medium,8,7,5.5
baadal-soft,baadal soft,Campus / Placement,18 real questions from past baadal soft interviews,Technical,OOP,What is eventloop?,medium,8,7,5.5
baadalsoft,baadalsoft,Campus / Placement,46 real questions from past baadalsoft interviews,Technical,General,"Given an array of integers arr[] of size n, the task is to rotate the array elements to the left by d positions.",medium,8,7,5.5
baadalsoft,baadalsoft,Campus / Placement,46 real questions from past baadalsoft interviews,Technical,General,3rd round:,medium,8,7,5.5
baadalsoft,baadalsoft,Campus / Placement,46 real questions from past baadalsoft interviews,Technical,General,What is event deligation?,medium,8,7,5.5
baadalsoft,baadalsoft,Campus / Placement,46 real questions from past baadalsoft interviews,Technical,General,What are pure functions?,medium,8,7,5.5
baadalsoft,baadalsoft,Campus / Placement,46 real questions from past baadalsoft interviews,Technical,Node.js,How do you upload files in node js?,medium,8,7,5.5
baadalsoft,baadalsoft,Campus / Placement,46 real questions from past baadalsoft interviews,Technical,General,Given asynchronous code and synchronous I should explain how they will execute.,medium,8,7,5.5
baadalsoft,baadalsoft,Campus / Placement,46 real questions from past baadalsoft interviews,Technical,General,What are lifecycle methods?,medium,8,7,5.5
baadalsoft,baadalsoft,Campus / Placement,46 real questions from past baadalsoft interviews,Technical,General,What are stateless components?,medium,8,7,5.5
baadalsoft,baadalsoft,Campus / Placement,46 real questions from past baadalsoft interviews,Technical,General,What is redux and explain its workflow.,medium,8,7,5.5
baadalsoft,baadalsoft,Campus / Placement,46 real questions from past baadalsoft interviews,Technical,APIs,What is usereducer and context api.,medium,8,7,5.5
baadalsoft,baadalsoft,Campus / Placement,46 real questions from past baadalsoft interviews,Technical,General,What are inline and block level elements,medium,8,7,5.5
baadalsoft,baadalsoft,Campus / Placement,46 real questions from past baadalsoft interviews,Technical,General,"Given a code and should explain which style will apply among id,class and tag attributes and why?",medium,8,7,5.5
baadalsoft,baadalsoft,Campus / Placement,46 real questions from past baadalsoft interviews,Technical,General,Finally interviwer asked whether do you have any questions?,medium,8,7,5.5
baadalsoft,baadalsoft,Campus / Placement,46 real questions from past baadalsoft interviews,Technical,General,I asked about company current and furure projects and he explained quite clearly,medium,8,7,5.5
baadalsoft,baadalsoft,Campus / Placement,46 real questions from past baadalsoft interviews,Technical,React,What is react and why react,medium,8,7,5.5
baadalsoft,baadalsoft,Campus / Placement,46 real questions from past baadalsoft interviews,Technical,Java,What is javascript,medium,8,7,5.5
baadalsoft,baadalsoft,Campus / Placement,46 real questions from past baadalsoft interviews,Technical,Node.js,What is node,medium,8,7,5.5
baadalsoft,baadalsoft,Campus / Placement,46 real questions from past baadalsoft interviews,Technical,Node.js,Difference between node and js,medium,8,7,5.5
baadalsoft,baadalsoft,Campus / Placement,46 real questions from past baadalsoft interviews,Technical,General,Redux & redux tool kit,medium,8,7,5.5
baadalsoft,baadalsoft,Campus / Placement,46 real questions from past baadalsoft interviews,Technical,General,Write an example for component did mount,medium,8,7,5.5
baadalsoft,baadalsoft,Campus / Placement,46 real questions from past baadalsoft interviews,Technical,General,Difference between== and ===,medium,8,7,5.5
baadalsoft,baadalsoft,Campus / Placement,46 real questions from past baadalsoft interviews,Technical,General,What is higher order component,medium,8,7,5.5
baadalsoft,baadalsoft,Campus / Placement,46 real questions from past baadalsoft interviews,Technical,HTML/CSS,How can we prevent css attacks,medium,8,7,5.5
baadalsoft,baadalsoft,Campus / Placement,46 real questions from past baadalsoft interviews,Technical,General,Explain about useReducer,medium,8,7,5.5
baadalsoft,baadalsoft,Campus / Placement,46 real questions from past baadalsoft interviews,Technical,APIs,Explain context Api,medium,8,7,5.5
baadalsoft,baadalsoft,Campus / Placement,46 real questions from past baadalsoft interviews,Technical,General,Difference between context and redux,medium,8,7,5.5
baadalsoft,baadalsoft,Campus / Placement,46 real questions from past baadalsoft interviews,Technical,React,Difference between react and angular,medium,8,7,5.5
baadalsoft,baadalsoft,Campus / Placement,46 real questions from past baadalsoft interviews,Technical,General,"Write an example using mounting, updating and unmounting",medium,8,7,5.5
baadalsoft,baadalsoft,Campus / Placement,46 real questions from past baadalsoft interviews,Technical,General,If you got a better opportunity after joining this company what is your decision,medium,8,7,5.5
baadalsoft,baadalsoft,Campus / Placement,46 real questions from past baadalsoft interviews,Technical,General,Any questions for me::,medium,8,7,5.5
baadalsoft,baadalsoft,Campus / Placement,46 real questions from past baadalsoft interviews,Technical,General,Organization work on which type of domains related to healthcare or finance or crypto,medium,8,7,5.5
baadalsoft,baadalsoft,Campus / Placement,46 real questions from past baadalsoft interviews,Technical,General,2nd round :,medium,8,7,5.5
baadalsoft,baadalsoft,Campus / Placement,46 real questions from past baadalsoft interviews,Technical,Java,"Given string ""JavaScript is really awesome""",medium,8,7,5.5
baadalsoft,baadalsoft,Campus / Placement,46 real questions from past baadalsoft interviews,Technical,General,Return a longest sub string,medium,8,7,5.5
baadalsoft,baadalsoft,Campus / Placement,46 real questions from past baadalsoft interviews,Technical,Java,Output: javascript,medium,8,7,5.5
baadalsoft,baadalsoft,Campus / Placement,46 real questions from past baadalsoft interviews,Technical,General,What is virtual Dom,medium,8,7,5.5
baadalsoft,baadalsoft,Campus / Placement,46 real questions from past baadalsoft interviews,Technical,General,What is reconciliation in virtual Dom,medium,8,7,5.5
baadalsoft,baadalsoft,Campus / Placement,46 real questions from past baadalsoft interviews,Technical,General,What is jsx and it's Rules,medium,8,7,5.5
baadalsoft,baadalsoft,Campus / Placement,46 real questions from past baadalsoft interviews,Technical,General,What is jwt,medium,8,7,5.5
baadalsoft,baadalsoft,Campus / Placement,46 real questions from past baadalsoft interviews,Technical,General,What is bcrypt,medium,8,7,5.5
baadalsoft,baadalsoft,Campus / Placement,46 real questions from past baadalsoft interviews,Technical,APIs,Create an api withe endpoint userdrtails using express and send the res,medium,8,7,5.5
baadalsoft,baadalsoft,Campus / Placement,46 real questions from past baadalsoft interviews,Technical,General,What is the other way to send th response without using json,medium,8,7,5.5
baadalsoft,baadalsoft,Campus / Placement,46 real questions from past baadalsoft interviews,Technical,General,What is HOC,medium,8,7,5.5
baadalsoft,baadalsoft,Campus / Placement,46 real questions from past baadalsoft interviews,Technical,General,How does virtual Dom performs internally,medium,8,7,5.5
baadalsoft,baadalsoft,Campus / Placement,46 real questions from past baadalsoft interviews,Technical,General,Any Questions for me:,medium,8,7,5.5
baadalsoft,baadalsoft,Campus / Placement,46 real questions from past baadalsoft interviews,Technical,General,AI interview Questions Round 1,medium,8,7,5.5
badaalsoft,Badaalsoft,Campus / Placement,14 real questions from past Badaalsoft interviews,Technical,General,Which middleware is built into Express from v4 onwards?,medium,8,7,5.5
badaalsoft,Badaalsoft,Campus / Placement,14 real questions from past Badaalsoft interviews,Technical,General,"2nd round - long non repeated characters string length (input : ""abcabcbb"" op : 3, ""bbbb"" op 1)",medium,8,7,5.5
badaalsoft,Badaalsoft,Campus / Placement,14 real questions from past Badaalsoft interviews,Technical,General,3rd round - label vs for label,medium,8,7,5.5
badaalsoft,Badaalsoft,Campus / Placement,14 real questions from past Badaalsoft interviews,Technical,APIs,Task code : one dropwn having 3 options while triggering one api call 2nd - redirected and 3rd - component render,medium,8,7,5.5
badaalsoft,Badaalsoft,Campus / Placement,14 real questions from past Badaalsoft interviews,Technical,General,Where vs having,medium,8,7,5.5
badaalsoft,Badaalsoft,Campus / Placement,14 real questions from past Badaalsoft interviews,Technical,General,Components,medium,8,7,5.5
badaalsoft,Badaalsoft,Campus / Placement,14 real questions from past Badaalsoft interviews,Technical,General,Hooks,medium,8,7,5.5
badaalsoft,Badaalsoft,Campus / Placement,14 real questions from past Badaalsoft interviews,Technical,General,"Local storage, session storage cookies",medium,8,7,5.5
badaalsoft,Badaalsoft,Campus / Placement,14 real questions from past Badaalsoft interviews,Technical,General,Jwt,medium,8,7,5.5
badaalsoft,Badaalsoft,Campus / Placement,14 real questions from past Badaalsoft interviews,Technical,General,If jwt experied what will happen,medium,8,7,5.5
badaalsoft,Badaalsoft,Campus / Placement,14 real questions from past Badaalsoft interviews,Technical,General,Difference between inline and block elements,medium,8,7,5.5
badaalsoft,Badaalsoft,Campus / Placement,14 real questions from past Badaalsoft interviews,Technical,General,What is component,medium,8,7,5.5
badaalsoft,Badaalsoft,Campus / Placement,14 real questions from past Badaalsoft interviews,Technical,General,Middleware,medium,8,7,5.5
badaalsoft,Badaalsoft,Campus / Placement,14 real questions from past Badaalsoft interviews,Technical,General,2nd round :,medium,8,7,5.5
bala-manoj-gupta,Bala Manoj Gupta,Campus / Placement,3 real questions from past Bala Manoj Gupta interviews,Technical,General,Deep copy and shallow copy,medium,8,7,5.5
bala-manoj-gupta,Bala Manoj Gupta,Campus / Placement,3 real questions from past Bala Manoj Gupta interviews,Technical,General,What is secret key,medium,8,7,5.5
bala-manoj-gupta,Bala Manoj Gupta,Campus / Placement,3 real questions from past Bala Manoj Gupta interviews,Technical,General,Self introduction,medium,8,7,5.5
cashapona-technology,Cashapona Technology,Campus / Placement,26 real questions from past Cashapona Technology interviews,Technical,General,What is flask,medium,8,7,5.5
cashapona-technology,Cashapona Technology,Campus / Placement,26 real questions from past Cashapona Technology interviews,Technical,General,Static methods and class methods,medium,8,7,5.5
cashapona-technology,Cashapona Technology,Campus / Placement,26 real questions from past Cashapona Technology interviews,Technical,General,Set is mutable or not,medium,8,7,5.5
cashapona-technology,Cashapona Technology,Campus / Placement,26 real questions from past Cashapona Technology interviews,Technical,General,Self intro,medium,8,7,5.5
cashapona-technology,Cashapona Technology,Campus / Placement,26 real questions from past Cashapona Technology interviews,Technical,General,List comprehension,medium,8,7,5.5
cashapona-technology,Cashapona Technology,Campus / Placement,26 real questions from past Cashapona Technology interviews,Technical,General,Difference between is and ==,medium,8,7,5.5
cashapona-technology,Cashapona Technology,Campus / Placement,26 real questions from past Cashapona Technology interviews,Technical,General,Difference static method and class method,medium,8,7,5.5
cashapona-technology,Cashapona Technology,Campus / Placement,26 real questions from past Cashapona Technology interviews,Technical,General,How to access static method outside the class,medium,8,7,5.5
cashapona-technology,Cashapona Technology,Campus / Placement,26 real questions from past Cashapona Technology interviews,Technical,General,How to access keys in dictionary,medium,8,7,5.5
cashapona-technology,Cashapona Technology,Campus / Placement,26 real questions from past Cashapona Technology interviews,Technical,General,Primary key and foreign key,medium,8,7,5.5
cashapona-technology,Cashapona Technology,Campus / Placement,26 real questions from past Cashapona Technology interviews,Technical,General,Query of declaration of foreign key,medium,8,7,5.5
cashapona-technology,Cashapona Technology,Campus / Placement,26 real questions from past Cashapona Technology interviews,Technical,General,What is use of models,medium,8,7,5.5
cashapona-technology,Cashapona Technology,Campus / Placement,26 real questions from past Cashapona Technology interviews,Technical,APIs,Where we are write api endpoints,medium,8,7,5.5
cashapona-technology,Cashapona Technology,Campus / Placement,26 real questions from past Cashapona Technology interviews,Technical,SQL,Sql,medium,8,7,5.5
cashapona-technology,Cashapona Technology,Campus / Placement,26 real questions from past Cashapona Technology interviews,Technical,SQL,write a sql query max high salary,medium,8,7,5.5
cashapona-technology,Cashapona Technology,Campus / Placement,26 real questions from past Cashapona Technology interviews,Technical,Python,Python,medium,8,7,5.5
cashapona-technology,Cashapona Technology,Campus / Placement,26 real questions from past Cashapona Technology interviews,Technical,OOP,oops concept,medium,8,7,5.5
cashapona-technology,Cashapona Technology,Campus / Placement,26 real questions from past Cashapona Technology interviews,Technical,General,function type of function,medium,8,7,5.5
cashapona-technology,Cashapona Technology,Campus / Placement,26 real questions from past Cashapona Technology interviews,Technical,General,type of inheritance,medium,8,7,5.5
cashapona-technology,Cashapona Technology,Campus / Placement,26 real questions from past Cashapona Technology interviews,Technical,General,How do u inherit properties,medium,8,7,5.5
cashapona-technology,Cashapona Technology,Campus / Placement,26 real questions from past Cashapona Technology interviews,Technical,General,What is multiple inheritance,medium,8,7,5.5
cashapona-technology,Cashapona Technology,Campus / Placement,26 real questions from past Cashapona Technology interviews,Situational,Behavioral,What is init.py in project structure,medium,8,7,5.5
cashapona-technology,Cashapona Technology,Campus / Placement,26 real questions from past Cashapona Technology interviews,Technical,APIs,How will you create and call api in django,medium,8,7,5.5
cashapona-technology,Cashapona Technology,Campus / Placement,26 real questions from past Cashapona Technology interviews,Technical,SQL,And like based sql queries,medium,8,7,5.5
cashapona-technology,Cashapona Technology,Campus / Placement,26 real questions from past Cashapona Technology interviews,Technical,Python,How we use os and operations in python,medium,8,7,5.5
cashapona-technology,Cashapona Technology,Campus / Placement,26 real questions from past Cashapona Technology interviews,Technical,General,And some file handling questions,medium,8,7,5.5
civic-center,Civic center,Campus / Placement,20 real questions from past Civic center interviews,Technical,General,What is backend,medium,8,7,5.5
civic-center,Civic center,Campus / Placement,20 real questions from past Civic center interviews,Technical,General,What is middleware,medium,8,7,5.5
civic-center,Civic center,Campus / Placement,20 real questions from past Civic center interviews,Technical,General,How we handling the error,medium,8,7,5.5
civic-center,Civic center,Campus / Placement,20 real questions from past Civic center interviews,Technical,General,How backend interaction with frontend,medium,8,7,5.5
civic-center,Civic center,Campus / Placement,20 real questions from past Civic center interviews,Technical,APIs,What is contextapi what is reason for this,medium,8,7,5.5
civic-center,Civic center,Campus / Placement,20 real questions from past Civic center interviews,Technical,General,About expo,medium,8,7,5.5
civic-center,Civic center,Campus / Placement,20 real questions from past Civic center interviews,Situational,Behavioral,About project,medium,8,7,5.5
civic-center,Civic center,Campus / Placement,20 real questions from past Civic center interviews,Technical,General,What is redis,medium,8,7,5.5
civic-center,Civic center,Campus / Placement,20 real questions from past Civic center interviews,Technical,General,How we handing the edge cases,medium,8,7,5.5
civic-center,Civic center,Campus / Placement,20 real questions from past Civic center interviews,Technical,General,What is reasona behind the db issue,medium,8,7,5.5
civic-center,Civic center,Campus / Placement,20 real questions from past Civic center interviews,Technical,General,What is indexing with example,medium,8,7,5.5
civic-center,Civic center,Campus / Placement,20 real questions from past Civic center interviews,Situational,Behavioral,Project planning who u can start ....,medium,8,7,5.5
civic-center,Civic center,Campus / Placement,20 real questions from past Civic center interviews,Technical,General,What mcv example in detail,medium,8,7,5.5
civic-center,Civic center,Campus / Placement,20 real questions from past Civic center interviews,Technical,General,Intro,medium,8,7,5.5
civic-center,Civic center,Campus / Placement,20 real questions from past Civic center interviews,Situational,Behavioral,Deep project explanation of each project,medium,8,7,5.5
civic-center,Civic center,Campus / Placement,20 real questions from past Civic center interviews,Technical,General,why used only MONGODB,medium,8,7,5.5
civic-center,Civic center,Campus / Placement,20 real questions from past Civic center interviews,Technical,SQL,commands sql,medium,8,7,5.5
civic-center,Civic center,Campus / Placement,20 real questions from past Civic center interviews,Technical,Python,questions on python like methods,medium,8,7,5.5
civic-center,Civic center,Campus / Placement,20 real questions from past Civic center interviews,Situational,Node.js,Real world questions on node js project,medium,8,7,5.5
civic-center,Civic center,Campus / Placement,20 real questions from past Civic center interviews,Technical,Node.js,Define schema and model in nodejs,medium,8,7,5.5
claw-legaltech,Claw LegalTech,Campus / Placement,11 real questions from past Claw LegalTech interviews,Technical,General,Self introduction,medium,8,7,5.5
claw-legaltech,Claw LegalTech,Campus / Placement,11 real questions from past Claw LegalTech interviews,Technical,General,self intro,medium,8,7,5.5
claw-legaltech,Claw LegalTech,Campus / Placement,11 real questions from past Claw LegalTech interviews,Situational,Behavioral,project explanation,medium,8,7,5.5
claw-legaltech,Claw LegalTech,Campus / Placement,11 real questions from past Claw LegalTech interviews,Technical,General,user schemes and viewer scheme how do you connect,medium,8,7,5.5
claw-legaltech,Claw LegalTech,Campus / Placement,11 real questions from past Claw LegalTech interviews,Technical,General,"var,let,const difference",medium,8,7,5.5
claw-legaltech,Claw LegalTech,Campus / Placement,11 real questions from past Claw LegalTech interviews,Technical,General,jwt,medium,8,7,5.5
claw-legaltech,Claw LegalTech,Campus / Placement,11 real questions from past Claw LegalTech interviews,Situational,Git,7 project deploy GitHub code,medium,8,7,5.5
claw-legaltech,Claw LegalTech,Campus / Placement,11 real questions from past Claw LegalTech interviews,Technical,General,do you have any questions,medium,8,7,5.5
claw-legaltech,Claw LegalTech,Campus / Placement,11 real questions from past Claw LegalTech interviews,Situational,Behavioral,About project,medium,8,7,5.5
claw-legaltech,Claw LegalTech,Campus / Placement,11 real questions from past Claw LegalTech interviews,Technical,General,How to decode jwt token,medium,8,7,5.5
claw-legaltech,Claw LegalTech,Campus / Placement,11 real questions from past Claw LegalTech interviews,Technical,General,Where did you implemented jwt,medium,8,7,5.5
cloud-angle,Cloud Angle,Campus / Placement,8 real questions from past Cloud Angle interviews,Technical,Java,"C, Java coding mcqs",medium,8,7,5.5
cloud-angle,Cloud Angle,Campus / Placement,8 real questions from past Cloud Angle interviews,Aptitude,Logic,"Regarding bar graph - percentage, highest",medium,8,7,5.5
cloud-angle,Cloud Angle,Campus / Placement,8 real questions from past Cloud Angle interviews,Technical,General,Remove consecutive duplicate values in string - coding,medium,8,7,5.5
cloud-angle,Cloud Angle,Campus / Placement,8 real questions from past Cloud Angle interviews,Technical,Java,"10 questions - java ,",medium,8,7,5.5
cloud-angle,Cloud Angle,Campus / Placement,8 real questions from past Cloud Angle interviews,Technical,General,10 questions - aptitude,medium,8,7,5.5
cloud-angle,Cloud Angle,Campus / Placement,8 real questions from past Cloud Angle interviews,Technical,General,5 questions - graphs& matching,medium,8,7,5.5
cloud-angle,Cloud Angle,Campus / Placement,8 real questions from past Cloud Angle interviews,Technical,General,"self intro, projects, what AI tools do you use and why , what do you know about company, salary expectations",medium,8,7,5.5
cloud-angle,Cloud Angle,Campus / Placement,8 real questions from past Cloud Angle interviews,Technical,General,"salary and working days discussion,family questions,bond discussion",medium,8,7,5.5
cricktracker,cricktracker,Campus / Placement,8 real questions from past cricktracker interviews,Technical,General,Intro,medium,8,7,5.5
cricktracker,cricktracker,Campus / Placement,8 real questions from past cricktracker interviews,HR,Introduction,Projects explaination which you mentioned in resume,easy,8,7,5.5
cricktracker,cricktracker,Campus / Placement,8 real questions from past cricktracker interviews,Technical,General,Code snippet on state management,medium,8,7,5.5
cricktracker,cricktracker,Campus / Placement,8 real questions from past cricktracker interviews,Situational,Behavioral,explaination of project features with screen sharing,medium,8,7,5.5
cricktracker,cricktracker,Campus / Placement,8 real questions from past cricktracker interviews,Technical,General,self intro,medium,8,7,5.5
cricktracker,cricktracker,Campus / Placement,8 real questions from past cricktracker interviews,Technical,General,about the internship,medium,8,7,5.5
cricktracker,cricktracker,Campus / Placement,8 real questions from past cricktracker interviews,Technical,General,the projects you worked on there,medium,8,7,5.5
cricktracker,cricktracker,Campus / Placement,8 real questions from past cricktracker interviews,Technical,General,"one code snippet ,any error or no",medium,8,7,5.5
crictracker,crictracker,Campus / Placement,41 real questions from past crictracker interviews,Technical,General,Sir nearly 10 questions are there I did not remember exactly,medium,8,7,5.5
crictracker,crictracker,Campus / Placement,41 real questions from past crictracker interviews,Situational,Behavioral,Seo purpose in project build,medium,8,7,5.5
crictracker,crictracker,Campus / Placement,41 real questions from past crictracker interviews,Technical,React,Why you have choos reactjs,medium,8,7,5.5
crictracker,crictracker,Campus / Placement,41 real questions from past crictracker interviews,Technical,General,Given Code snippet find error,medium,8,7,5.5
crictracker,crictracker,Campus / Placement,41 real questions from past crictracker interviews,Situational,Behavioral,Why u choose this project,medium,8,7,5.5
crictracker,crictracker,Campus / Placement,41 real questions from past crictracker interviews,Situational,React,Code snippet in react and asked to find mistake,medium,8,7,5.5
crictracker,crictracker,Campus / Placement,41 real questions from past crictracker interviews,Technical,General,why you have choosed MongoBD rather than others,medium,8,7,5.5
crictracker,crictracker,Campus / Placement,41 real questions from past crictracker interviews,Technical,General,Custom hook,medium,8,7,5.5
crictracker,crictracker,Campus / Placement,41 real questions from past crictracker interviews,Technical,General,Create a component using Name,medium,8,7,5.5
crictracker,crictracker,Campus / Placement,41 real questions from past crictracker interviews,Technical,General,Create a component on Toggle like on and off,medium,8,7,5.5
crictracker,crictracker,Campus / Placement,41 real questions from past crictracker interviews,Technical,General,Intro,medium,8,7,5.5
crictracker,crictracker,Campus / Placement,41 real questions from past crictracker interviews,Situational,Behavioral,Project explantion,medium,8,7,5.5
crictracker,crictracker,Campus / Placement,41 real questions from past crictracker interviews,Technical,General,Why do you use only MongoDB,medium,8,7,5.5
crictracker,crictracker,Campus / Placement,41 real questions from past crictracker interviews,Technical,React,Types of components in react js,medium,8,7,5.5
crictracker,crictracker,Campus / Placement,41 real questions from past crictracker interviews,Technical,General,What are controlled and uncontrolled components,medium,8,7,5.5
crictracker,crictracker,Campus / Placement,41 real questions from past crictracker interviews,Technical,General,const App = () => {,medium,8,7,5.5
crictracker,crictracker,Campus / Placement,41 real questions from past crictracker interviews,Technical,General,"const [val, setVal] = ''",medium,8,7,5.5
crictracker,crictracker,Campus / Placement,41 real questions from past crictracker interviews,Technical,General,return (,medium,8,7,5.5
crictracker,crictracker,Campus / Placement,41 real questions from past crictracker interviews,Technical,General,<input value={val} onChange={(e) => setVal(e.target.value)}/>,medium,8,7,5.5
crictracker,crictracker,Campus / Placement,41 real questions from past crictracker interviews,Technical,General,),medium,8,7,5.5
crictracker,crictracker,Campus / Placement,41 real questions from past crictracker interviews,Technical,General,export default App,medium,8,7,5.5
crictracker,crictracker,Campus / Placement,41 real questions from past crictracker interviews,Situational,Behavioral,"Mistake : useState("""")",medium,8,7,5.5
crictracker,crictracker,Campus / Placement,41 real questions from past crictracker interviews,Technical,General,Self Intro,medium,8,7,5.5
crictracker,crictracker,Campus / Placement,41 real questions from past crictracker interviews,Technical,General,About the Projects,medium,8,7,5.5
crictracker,crictracker,Campus / Placement,41 real questions from past crictracker interviews,Technical,General,"One Code Snippet , correct the error and find the answers",medium,8,7,5.5
crictracker,crictracker,Campus / Placement,41 real questions from past crictracker interviews,Technical,React,"import React, { useState } from 'react';",medium,8,7,5.5
crictracker,crictracker,Campus / Placement,41 real questions from past crictracker interviews,Technical,General,function Counter() {,medium,8,7,5.5
crictracker,crictracker,Campus / Placement,41 real questions from past crictracker interviews,Technical,General,"const [count, setCount] = useState(0);",medium,8,7,5.5
crictracker,crictracker,Campus / Placement,41 real questions from past crictracker interviews,Technical,General,setCount(count + 1);,medium,8,7,5.5
crictracker,crictracker,Campus / Placement,41 real questions from past crictracker interviews,Technical,General,"<div style={{ textAlign: 'center', marginTop: '50px' }}>",medium,8,7,5.5
crictracker,crictracker,Campus / Placement,41 real questions from past crictracker interviews,Technical,General,<h1>Counter: {count}</h1>,medium,8,7,5.5
crictracker,crictracker,Campus / Placement,41 real questions from past crictracker interviews,Technical,General,);,medium,8,7,5.5
crictracker,crictracker,Campus / Placement,41 real questions from past crictracker interviews,Technical,General,export default Counter;,medium,8,7,5.5
crictracker,crictracker,Campus / Placement,41 real questions from past crictracker interviews,Technical,General,"const [seconds, setSeconds] = useState(0);",medium,8,7,5.5
crictracker,crictracker,Campus / Placement,41 real questions from past crictracker interviews,Technical,General,setInterval(() => {,medium,8,7,5.5
crictracker,crictracker,Campus / Placement,41 real questions from past crictracker interviews,Technical,General,setSeconds(seconds + 1);,medium,8,7,5.5
crictracker,crictracker,Campus / Placement,41 real questions from past crictracker interviews,Technical,General,"}, 1000);",medium,8,7,5.5
crictracker,crictracker,Campus / Placement,41 real questions from past crictracker interviews,Technical,General,return <div>{seconds}</div>;,medium,8,7,5.5
crictracker,crictracker,Campus / Placement,41 real questions from past crictracker interviews,Technical,General,},medium,8,7,5.5
crictracker,crictracker,Campus / Placement,41 real questions from past crictracker interviews,Situational,Behavioral,the code I get and asked to find mistake,medium,8,7,5.5
crictracker,crictracker,Campus / Placement,41 real questions from past crictracker interviews,Situational,Behavioral,Project Explaination,medium,8,7,5.5
d1r-rohit,D1R ROHIT,Campus / Placement,3 real questions from past D1R ROHIT interviews,Situational,Behavioral,How do you handled tokens in your project,medium,8,7,5.5
d1r-rohit,D1R ROHIT,Campus / Placement,3 real questions from past D1R ROHIT interviews,Technical,General,Why do you used Gemini LLM,medium,8,7,5.5
d1r-rohit,D1R ROHIT,Campus / Placement,3 real questions from past D1R ROHIT interviews,Technical,General,How do you handled LLM hallucinations,medium,8,7,5.5
d1r-sandhya,D1R SANDHYA,Campus / Placement,1 real questions from past D1R SANDHYA interviews,Technical,General,About academic projects,medium,8,7,5.5
d3r-swathi,D3R SWATHI,Campus / Placement,4 real questions from past D3R SWATHI interviews,Technical,General,"Explain where we use linkedlist in day to day life, give me an example",medium,8,7,5.5
d3r-swathi,D3R SWATHI,Campus / Placement,4 real questions from past D3R SWATHI interviews,Situational,Python,Explain the methods you used in python in your project,medium,8,7,5.5
d3r-swathi,D3R SWATHI,Campus / Placement,4 real questions from past D3R SWATHI interviews,Technical,OOP,Oops,medium,8,7,5.5
d3r-swathi,D3R SWATHI,Campus / Placement,4 real questions from past D3R SWATHI interviews,Technical,General,Where do u see yourself in the next 5 years?,medium,8,7,5.5
data-speaks,data speaks,Campus / Placement,31 real questions from past data speaks interviews,Technical,Java,what is difference between python and javascript,medium,8,7,5.5
data-speaks,data speaks,Campus / Placement,31 real questions from past data speaks interviews,Technical,React,why u choose react,medium,8,7,5.5
data-speaks,data speaks,Campus / Placement,31 real questions from past data speaks interviews,Technical,React,what are the hooks in react and explain all the react hooks,medium,8,7,5.5
data-speaks,data speaks,Campus / Placement,31 real questions from past data speaks interviews,Technical,General,what is conditional rendering and example,medium,8,7,5.5
data-speaks,data speaks,Campus / Placement,31 real questions from past data speaks interviews,Technical,General,what is virtual dom,medium,8,7,5.5
data-speaks,data speaks,Campus / Placement,31 real questions from past data speaks interviews,Technical,General,what is client side rendering and server side rendering,medium,8,7,5.5
data-speaks,data speaks,Campus / Placement,31 real questions from past data speaks interviews,Technical,General,what is jsx,medium,8,7,5.5
data-speaks,data speaks,Campus / Placement,31 real questions from past data speaks interviews,Technical,General,what is state,medium,8,7,5.5
data-speaks,data speaks,Campus / Placement,31 real questions from past data speaks interviews,Technical,General,what is difference between state and props,medium,8,7,5.5
data-speaks,data speaks,Campus / Placement,31 real questions from past data speaks interviews,Technical,General,what is redux,medium,8,7,5.5
data-speaks,data speaks,Campus / Placement,31 real questions from past data speaks interviews,Technical,APIs,what is context api,medium,8,7,5.5
data-speaks,data speaks,Campus / Placement,31 real questions from past data speaks interviews,Technical,General,"what is difference between var,let,const",medium,8,7,5.5
data-speaks,data speaks,Campus / Placement,31 real questions from past data speaks interviews,Technical,General,what is difference between == and ===,medium,8,7,5.5
data-speaks,data speaks,Campus / Placement,31 real questions from past data speaks interviews,Technical,General,what is difference between settimeout and setinterval,medium,8,7,5.5
data-speaks,data speaks,Campus / Placement,31 real questions from past data speaks interviews,Situational,Behavioral,what are array methods used in your project,medium,8,7,5.5
data-speaks,data speaks,Campus / Placement,31 real questions from past data speaks interviews,Technical,General,what is promise,medium,8,7,5.5
data-speaks,data speaks,Campus / Placement,31 real questions from past data speaks interviews,Technical,General,what is promise.all(),medium,8,7,5.5
data-speaks,data speaks,Campus / Placement,31 real questions from past data speaks interviews,Technical,General,what is hoisting,medium,8,7,5.5
data-speaks,data speaks,Campus / Placement,31 real questions from past data speaks interviews,Technical,General,what is dom,medium,8,7,5.5
data-speaks,data speaks,Campus / Placement,31 real questions from past data speaks interviews,Technical,General,what is difference between null and undefined,medium,8,7,5.5
data-speaks,data speaks,Campus / Placement,31 real questions from past data speaks interviews,Technical,General,what is callback function,medium,8,7,5.5
data-speaks,data speaks,Campus / Placement,31 real questions from past data speaks interviews,Technical,General,what is higher order function,medium,8,7,5.5
data-speaks,data speaks,Campus / Placement,31 real questions from past data speaks interviews,Technical,General,"what is local storage, session storage, cookies",medium,8,7,5.5
data-speaks,data speaks,Campus / Placement,31 real questions from past data speaks interviews,Technical,HTML/CSS,button types in html,medium,8,7,5.5
data-speaks,data speaks,Campus / Placement,31 real questions from past data speaks interviews,Technical,General,relative and absolute path,medium,8,7,5.5
data-speaks,data speaks,Campus / Placement,31 real questions from past data speaks interviews,Technical,General,psuedo classes,medium,8,7,5.5
data-speaks,data speaks,Campus / Placement,31 real questions from past data speaks interviews,Technical,General,what is closures,medium,8,7,5.5
data-speaks,data speaks,Campus / Placement,31 real questions from past data speaks interviews,Technical,HTML/CSS,what is semantic elements in html,medium,8,7,5.5
data-speaks,data speaks,Campus / Placement,31 real questions from past data speaks interviews,Technical,General,Coding questions:,medium,8,7,5.5
data-speaks,data speaks,Campus / Placement,31 real questions from past data speaks interviews,Technical,General,find the unique characters in a string,medium,8,7,5.5
data-speaks,data speaks,Campus / Placement,31 real questions from past data speaks interviews,Technical,General,"find the first,second,third largest numbers in an arra",medium,8,7,5.5
dataspeaks,dataspeaks,Campus / Placement,50 real questions from past dataspeaks interviews,Technical,General,Self Introduction,medium,8,7,5.5
dataspeaks,dataspeaks,Campus / Placement,50 real questions from past dataspeaks interviews,Technical,HTML/CSS,Semantic vs Non-semantic Elements in HTML,medium,8,7,5.5
dataspeaks,dataspeaks,Campus / Placement,50 real questions from past dataspeaks interviews,Technical,HTML/CSS,Different Ways to Apply CSS Styles,medium,8,7,5.5
dataspeaks,dataspeaks,Campus / Placement,50 real questions from past dataspeaks interviews,Technical,Java,Difference Between setTimeout and setInterval in JavaScript,medium,8,7,5.5
dataspeaks,dataspeaks,Campus / Placement,50 real questions from past dataspeaks interviews,Technical,Java,Array Iteration Methods in JavaScript,medium,8,7,5.5
dataspeaks,dataspeaks,Campus / Placement,50 real questions from past dataspeaks interviews,Technical,General,"Promises and Their Methods (then, catch, finally)",medium,8,7,5.5
dataspeaks,dataspeaks,Campus / Placement,50 real questions from past dataspeaks interviews,Technical,General,"Difference Between var, let, and const",medium,8,7,5.5
dataspeaks,dataspeaks,Campus / Placement,50 real questions from past dataspeaks interviews,Technical,React,What is React and Its Uses,medium,8,7,5.5
dataspeaks,dataspeaks,Campus / Placement,50 real questions from past dataspeaks interviews,Technical,React,State vs Props in React,medium,8,7,5.5
dataspeaks,dataspeaks,Campus / Placement,50 real questions from past dataspeaks interviews,Technical,React,React Hooks (Explain All Common Hooks),medium,8,7,5.5
dataspeaks,dataspeaks,Campus / Placement,50 real questions from past dataspeaks interviews,Technical,General,Print the Occurrence of Each Character in a String,medium,8,7,5.5
dataspeaks,dataspeaks,Campus / Placement,50 real questions from past dataspeaks interviews,Technical,General,Write a Function to Return the Second Largest Number in an Array,medium,8,7,5.5
dataspeaks,dataspeaks,Campus / Placement,50 real questions from past dataspeaks interviews,Technical,HTML/CSS,Types of HTML Form Buttons,medium,8,7,5.5
dataspeaks,dataspeaks,Campus / Placement,50 real questions from past dataspeaks interviews,Technical,General,self intro,medium,8,7,5.5
dataspeaks,dataspeaks,Campus / Placement,50 real questions from past dataspeaks interviews,Situational,React,Project explanation both react and current company project,medium,8,7,5.5
dataspeaks,dataspeaks,Campus / Placement,50 real questions from past dataspeaks interviews,Situational,Behavioral,project explaination,medium,8,7,5.5
dataspeaks,dataspeaks,Campus / Placement,50 real questions from past dataspeaks interviews,Technical,React,why u choose react,medium,8,7,5.5
dataspeaks,dataspeaks,Campus / Placement,50 real questions from past dataspeaks interviews,Technical,React,what are the hooks in react and explain all the react hooks,medium,8,7,5.5
dataspeaks,dataspeaks,Campus / Placement,50 real questions from past dataspeaks interviews,Technical,General,what is conditional rendering and example,medium,8,7,5.5
dataspeaks,dataspeaks,Campus / Placement,50 real questions from past dataspeaks interviews,Technical,General,what is virtual dom,medium,8,7,5.5
dataspeaks,dataspeaks,Campus / Placement,50 real questions from past dataspeaks interviews,Technical,General,what is client side rendering and server side rendering,medium,8,7,5.5
dataspeaks,dataspeaks,Campus / Placement,50 real questions from past dataspeaks interviews,Technical,General,"Explain about rest,spread operators",medium,8,7,5.5
dataspeaks,dataspeaks,Campus / Placement,50 real questions from past dataspeaks interviews,Technical,General,what is jsx,medium,8,7,5.5
dataspeaks,dataspeaks,Campus / Placement,50 real questions from past dataspeaks interviews,Technical,General,what is difference between state and props,medium,8,7,5.5
dataspeaks,dataspeaks,Campus / Placement,50 real questions from past dataspeaks interviews,Technical,General,what is redux,medium,8,7,5.5
dataspeaks,dataspeaks,Campus / Placement,50 real questions from past dataspeaks interviews,Technical,APIs,what is context api,medium,8,7,5.5
dataspeaks,dataspeaks,Campus / Placement,50 real questions from past dataspeaks interviews,Technical,General,"what is difference between var,let,const",medium,8,7,5.5
dataspeaks,dataspeaks,Campus / Placement,50 real questions from past dataspeaks interviews,Technical,General,what is difference between == and ===,medium,8,7,5.5
dataspeaks,dataspeaks,Campus / Placement,50 real questions from past dataspeaks interviews,Technical,General,what is difference between settimeout and setinterval,medium,8,7,5.5
dataspeaks,dataspeaks,Campus / Placement,50 real questions from past dataspeaks interviews,Situational,Behavioral,what are array methods used in your project,medium,8,7,5.5
dataspeaks,dataspeaks,Campus / Placement,50 real questions from past dataspeaks interviews,Technical,General,what is promise,medium,8,7,5.5
dataspeaks,dataspeaks,Campus / Placement,50 real questions from past dataspeaks interviews,Technical,General,what is promise.all(),medium,8,7,5.5
dataspeaks,dataspeaks,Campus / Placement,50 real questions from past dataspeaks interviews,Technical,General,what is hoisting,medium,8,7,5.5
dataspeaks,dataspeaks,Campus / Placement,50 real questions from past dataspeaks interviews,Technical,General,How to avoid prop drilling,medium,8,7,5.5
dataspeaks,dataspeaks,Campus / Placement,50 real questions from past dataspeaks interviews,Technical,General,what is difference between null and undefined,medium,8,7,5.5
dataspeaks,dataspeaks,Campus / Placement,50 real questions from past dataspeaks interviews,Technical,General,what is callback function,medium,8,7,5.5
dataspeaks,dataspeaks,Campus / Placement,50 real questions from past dataspeaks interviews,Technical,General,what is higher order function,medium,8,7,5.5
dataspeaks,dataspeaks,Campus / Placement,50 real questions from past dataspeaks interviews,Technical,General,"what is local storage, session storage, cookies",medium,8,7,5.5
dataspeaks,dataspeaks,Campus / Placement,50 real questions from past dataspeaks interviews,Technical,General,relative and absolute path,medium,8,7,5.5
dataspeaks,dataspeaks,Campus / Placement,50 real questions from past dataspeaks interviews,Technical,General,what is closures,medium,8,7,5.5
dataspeaks,dataspeaks,Campus / Placement,50 real questions from past dataspeaks interviews,Technical,HTML/CSS,what is semantic elements in html,medium,8,7,5.5
dataspeaks,dataspeaks,Campus / Placement,50 real questions from past dataspeaks interviews,Technical,General,about redux toolkit,medium,8,7,5.5
dataspeaks,dataspeaks,Campus / Placement,50 real questions from past dataspeaks interviews,Technical,General,Coding questions:,medium,8,7,5.5
dataspeaks,dataspeaks,Campus / Placement,50 real questions from past dataspeaks interviews,Technical,General,"merge([1,3,5], [2,4,6]) => [1,2,3,4,5,6]",medium,8,7,5.5
dataspeaks,dataspeaks,Campus / Placement,50 real questions from past dataspeaks interviews,Technical,General,.Self Intro,medium,8,7,5.5
dataspeaks,dataspeaks,Campus / Placement,50 real questions from past dataspeaks interviews,Technical,General,final round,medium,8,7,5.5
dataspeaks,dataspeaks,Campus / Placement,50 real questions from past dataspeaks interviews,Technical,General,Explain about your projects,medium,8,7,5.5
dataspeaks,dataspeaks,Campus / Placement,50 real questions from past dataspeaks interviews,Technical,General,Asked me to explain the code,medium,8,7,5.5
dataspeaks,dataspeaks,Campus / Placement,50 real questions from past dataspeaks interviews,Technical,General,About your education,medium,8,7,5.5
dataspeaks,dataspeaks,Campus / Placement,50 real questions from past dataspeaks interviews,Technical,General,About Family,medium,8,7,5.5
devrabbit,Devrabbit,Campus / Placement,18 real questions from past Devrabbit interviews,Technical,General,What is class and object,medium,8,7,5.5
devrabbit,Devrabbit,Campus / Placement,18 real questions from past Devrabbit interviews,Technical,General,What is static keyword,medium,8,7,5.5
devrabbit,Devrabbit,Campus / Placement,18 real questions from past Devrabbit interviews,Technical,General,What is thread and create thread,medium,8,7,5.5
devrabbit,Devrabbit,Campus / Placement,18 real questions from past Devrabbit interviews,Technical,General,write any code of exception,medium,8,7,5.5
devrabbit,Devrabbit,Campus / Placement,18 real questions from past Devrabbit interviews,Technical,General,Explain main method structure,medium,8,7,5.5
devrabbit,Devrabbit,Campus / Placement,18 real questions from past Devrabbit interviews,Technical,APIs,what is collection API,medium,8,7,5.5
devrabbit,Devrabbit,Campus / Placement,18 real questions from past Devrabbit interviews,Technical,General,what is set and list,medium,8,7,5.5
devrabbit,Devrabbit,Campus / Placement,18 real questions from past Devrabbit interviews,Technical,General,different between set and list,medium,8,7,5.5
devrabbit,Devrabbit,Campus / Placement,18 real questions from past Devrabbit interviews,Technical,General,program to find least recent repeated character,medium,8,7,5.5
devrabbit,Devrabbit,Campus / Placement,18 real questions from past Devrabbit interviews,Technical,General,what are streams,medium,8,7,5.5
devrabbit,Devrabbit,Campus / Placement,18 real questions from past Devrabbit interviews,Technical,Spring,what is springboot,medium,8,7,5.5
devrabbit,Devrabbit,Campus / Placement,18 real questions from past Devrabbit interviews,Technical,General,what is autowiring,medium,8,7,5.5
devrabbit,Devrabbit,Campus / Placement,18 real questions from past Devrabbit interviews,Technical,General,what is primary key,medium,8,7,5.5
devrabbit,Devrabbit,Campus / Placement,18 real questions from past Devrabbit interviews,Technical,General,what is foreign key,medium,8,7,5.5
devrabbit,Devrabbit,Campus / Placement,18 real questions from past Devrabbit interviews,Technical,General,what are joins,medium,8,7,5.5
devrabbit,Devrabbit,Campus / Placement,18 real questions from past Devrabbit interviews,Technical,SQL,Write sql querie to merge two tables,medium,8,7,5.5
devrabbit,Devrabbit,Campus / Placement,18 real questions from past Devrabbit interviews,Situational,Spring,Second is to develop a SpringBoot project,medium,8,7,5.5
devrabbit,Devrabbit,Campus / Placement,18 real questions from past Devrabbit interviews,Technical,APIs,For me they have given to develop employee management using rest api's,medium,8,7,5.5
dna-consulting,dnA Consulting,Campus / Placement,12 real questions from past dnA Consulting interviews,Technical,General,building a payments flow for India,medium,8,7,5.5
dna-consulting,dnA Consulting,Campus / Placement,12 real questions from past dnA Consulting interviews,Technical,General,Deployment and environment management,medium,8,7,5.5
dna-consulting,dnA Consulting,Campus / Placement,12 real questions from past dnA Consulting interviews,Technical,APIs,REST APIs but not GraphQL,medium,8,7,5.5
dna-consulting,dnA Consulting,Campus / Placement,12 real questions from past dnA Consulting interviews,Technical,SQL,relational schemas and write SQL queries.,medium,8,7,5.5
dna-consulting,dnA Consulting,Campus / Placement,12 real questions from past dnA Consulting interviews,Technical,General,Redis or handling N+1 and slow queries,medium,8,7,5.5
dna-consulting,dnA Consulting,Campus / Placement,12 real questions from past dnA Consulting interviews,Technical,General,token authentication for secure web and mobile applications.,medium,8,7,5.5
dna-consulting,dnA Consulting,Campus / Placement,12 real questions from past dnA Consulting interviews,Technical,General,pagination using limit and offset,medium,8,7,5.5
dna-consulting,dnA Consulting,Campus / Placement,12 real questions from past dnA Consulting interviews,Technical,General,HTTP operations and their importance,medium,8,7,5.5
dna-consulting,dnA Consulting,Campus / Placement,12 real questions from past dnA Consulting interviews,Technical,APIs,use of REST framework for developing APIs,medium,8,7,5.5
dna-consulting,dnA Consulting,Campus / Placement,12 real questions from past dnA Consulting interviews,Technical,General,Backend and mobile app experience,medium,8,7,5.5
dna-consulting,dnA Consulting,Campus / Placement,12 real questions from past dnA Consulting interviews,Technical,SQL,Relational schema design and SQL queries,medium,8,7,5.5
dna-consulting,dnA Consulting,Campus / Placement,12 real questions from past dnA Consulting interviews,Technical,DevOps,"Experience with Docker, Kubernetes, and CI/CD",medium,8,7,5.5
doctorite,Doctorite,Campus / Placement,33 real questions from past Doctorite interviews,Technical,General,Self intro,medium,8,7,5.5
doctorite,Doctorite,Campus / Placement,33 real questions from past Doctorite interviews,Technical,General,About projects,medium,8,7,5.5
doctorite,Doctorite,Campus / Placement,33 real questions from past Doctorite interviews,Technical,General,Redux,medium,8,7,5.5
doctorite,Doctorite,Campus / Placement,33 real questions from past Doctorite interviews,Technical,React,"import React, { useState } from 'react'",medium,8,7,5.5
doctorite,Doctorite,Campus / Placement,33 real questions from past Doctorite interviews,Technical,General,const App = () => {,medium,8,7,5.5
doctorite,Doctorite,Campus / Placement,33 real questions from past Doctorite interviews,Technical,General,"const [input,setInput]=useState("""")",medium,8,7,5.5
doctorite,Doctorite,Campus / Placement,33 real questions from past Doctorite interviews,Technical,General,"const [totalTasks,setTotalTasks]=useState([])",medium,8,7,5.5
doctorite,Doctorite,Campus / Placement,33 real questions from past Doctorite interviews,Technical,General,const handleChange=(e)=>{,medium,8,7,5.5
doctorite,Doctorite,Campus / Placement,33 real questions from past Doctorite interviews,Technical,General,e.target.value && setInput(e.target.value),medium,8,7,5.5
doctorite,Doctorite,Campus / Placement,33 real questions from past Doctorite interviews,Technical,General,},medium,8,7,5.5
doctorite,Doctorite,Campus / Placement,33 real questions from past Doctorite interviews,Technical,General,const handleSubmit=(e)=>{,medium,8,7,5.5
doctorite,Doctorite,Campus / Placement,33 real questions from past Doctorite interviews,Technical,General,e.preventDefault(),medium,8,7,5.5
doctorite,Doctorite,Campus / Placement,33 real questions from past Doctorite interviews,Technical,General,"setTotalTasks([...totalTasks,{input:input,completed:false}])",medium,8,7,5.5
doctorite,Doctorite,Campus / Placement,33 real questions from past Doctorite interviews,Technical,General,"setInput("""")",medium,8,7,5.5
doctorite,Doctorite,Campus / Placement,33 real questions from past Doctorite interviews,Technical,General,console.log(totalTasks),medium,8,7,5.5
doctorite,Doctorite,Campus / Placement,33 real questions from past Doctorite interviews,Technical,General,const handleDelete=(index)=>{,medium,8,7,5.5
doctorite,Doctorite,Campus / Placement,33 real questions from past Doctorite interviews,Technical,General,"setTotalTasks(totalTasks.filter((v,i)=>i!=index))",medium,8,7,5.5
doctorite,Doctorite,Campus / Placement,33 real questions from past Doctorite interviews,Technical,General,const handleCompleted=(index)=>{,medium,8,7,5.5
doctorite,Doctorite,Campus / Placement,33 real questions from past Doctorite interviews,Technical,General,"setTotalTasks(totalTasks.map((v,i)=>i==index ? {input:v.input,completed:true }:v))",medium,8,7,5.5
doctorite,Doctorite,Campus / Placement,33 real questions from past Doctorite interviews,Technical,General,return (,medium,8,7,5.5
doctorite,Doctorite,Campus / Placement,33 real questions from past Doctorite interviews,Technical,General,<form onSubmit={handleSubmit}>,medium,8,7,5.5
doctorite,Doctorite,Campus / Placement,33 real questions from past Doctorite interviews,Technical,General,"<input type=""text"" name=""text"" placeholder=""Enter the task"" onChange={handleChange} value={input}/>",medium,8,7,5.5
doctorite,Doctorite,Campus / Placement,33 real questions from past Doctorite interviews,Technical,General,<button type='submit'>add task</button>,medium,8,7,5.5
doctorite,Doctorite,Campus / Placement,33 real questions from past Doctorite interviews,Technical,General,<h2>Tasks List</h2>,medium,8,7,5.5
doctorite,Doctorite,Campus / Placement,33 real questions from past Doctorite interviews,Technical,General,"{totalTasks.length && totalTasks.map((v,i)=>{",medium,8,7,5.5
doctorite,Doctorite,Campus / Placement,33 real questions from past Doctorite interviews,Technical,General,return(,medium,8,7,5.5
doctorite,Doctorite,Campus / Placement,33 real questions from past Doctorite interviews,Technical,General,<ul key={i}>,medium,8,7,5.5
doctorite,Doctorite,Campus / Placement,33 real questions from past Doctorite interviews,Technical,General,"<li style={{color: v.completed && ""green"",textDecorationLine:v.completed && ""line-through""}}>{v.input} <button onClick={()=>handleDelete(i)}>delete</button><button onClick={()=>handleCompleted(i)}>completed</button></li>",medium,8,7,5.5
doctorite,Doctorite,Campus / Placement,33 real questions from past Doctorite interviews,Technical,General,),medium,8,7,5.5
doctorite,Doctorite,Campus / Placement,33 real questions from past Doctorite interviews,Technical,General,})},medium,8,7,5.5
doctorite,Doctorite,Campus / Placement,33 real questions from past Doctorite interviews,Technical,General,export default App;,medium,8,7,5.5
doctorite,Doctorite,Campus / Placement,33 real questions from past Doctorite interviews,Technical,General,How does virtual DOM helps in performance,medium,8,7,5.5
doctorite,Doctorite,Campus / Placement,33 real questions from past Doctorite interviews,Technical,General,About All the Hooks,medium,8,7,5.5
doctorite-ai,Doctorite.ai,Campus / Placement,34 real questions from past Doctorite.ai interviews,Technical,General,about my internship,medium,8,7,5.5
doctorite-ai,Doctorite.ai,Campus / Placement,34 real questions from past Doctorite.ai interviews,Technical,React,questions on react hooks,medium,8,7,5.5
doctorite-ai,Doctorite.ai,Campus / Placement,34 real questions from past Doctorite.ai interviews,Technical,General,virtual dom,medium,8,7,5.5
doctorite-ai,Doctorite.ai,Campus / Placement,34 real questions from past Doctorite.ai interviews,Technical,General,why virtual compares with real dom,medium,8,7,5.5
doctorite-ai,Doctorite.ai,Campus / Placement,34 real questions from past Doctorite.ai interviews,Technical,General,problem solving,medium,8,7,5.5
doctorite-ai,Doctorite.ai,Campus / Placement,34 real questions from past Doctorite.ai interviews,Technical,General,°target sum,medium,8,7,5.5
doctorite-ai,Doctorite.ai,Campus / Placement,34 real questions from past Doctorite.ai interviews,Technical,General,°non repeated characters in the string,medium,8,7,5.5
doctorite-ai,Doctorite.ai,Campus / Placement,34 real questions from past Doctorite.ai interviews,Technical,General,about my internships.,medium,8,7,5.5
doctorite-ai,Doctorite.ai,Campus / Placement,34 real questions from past Doctorite.ai interviews,Technical,General,asked to explain my internship projects in detail.,medium,8,7,5.5
doctorite-ai,Doctorite.ai,Campus / Placement,34 real questions from past Doctorite.ai interviews,Technical,React,What is React and why is it widely used.,medium,8,7,5.5
doctorite-ai,Doctorite.ai,Campus / Placement,34 real questions from past Doctorite.ai interviews,Technical,General,difference between class-based and functional components.,medium,8,7,5.5
doctorite-ai,Doctorite.ai,Campus / Placement,34 real questions from past Doctorite.ai interviews,Technical,General,difference between the virtual DOM and the real (original) DOM.,medium,8,7,5.5
doctorite-ai,Doctorite.ai,Campus / Placement,34 real questions from past Doctorite.ai interviews,Technical,General,what JSX,medium,8,7,5.5
doctorite-ai,Doctorite.ai,Campus / Placement,34 real questions from past Doctorite.ai interviews,Technical,General,Given a circle-related task and was asked to add new features to it.,medium,8,7,5.5
doctorite-ai,Doctorite.ai,Campus / Placement,34 real questions from past Doctorite.ai interviews,Technical,General,self-introduction ?,medium,8,7,5.5
doctorite-ai,Doctorite.ai,Campus / Placement,34 real questions from past Doctorite.ai interviews,Technical,General,ask about the before the internship projects ?,medium,8,7,5.5
doctorite-ai,Doctorite.ai,Campus / Placement,34 real questions from past Doctorite.ai interviews,Technical,OOP,What is asynchronous and synchronous and event loops ?,medium,8,7,5.5
doctorite-ai,Doctorite.ai,Campus / Placement,34 real questions from past Doctorite.ai interviews,Technical,General,difference between redux and usecontex ?,medium,8,7,5.5
doctorite-ai,Doctorite.ai,Campus / Placement,34 real questions from past Doctorite.ai interviews,Technical,React,Explained each React hook.?,medium,8,7,5.5
doctorite-ai,Doctorite.ai,Campus / Placement,34 real questions from past Doctorite.ai interviews,Technical,React,React code about the rating ?,medium,8,7,5.5
doctorite-ai,Doctorite.ai,Campus / Placement,34 real questions from past Doctorite.ai interviews,Situational,Behavioral,Project explanation,medium,8,7,5.5
doctorite-ai,Doctorite.ai,Campus / Placement,34 real questions from past Doctorite.ai interviews,Situational,Behavioral,Project related questions,medium,8,7,5.5
doctorite-ai,Doctorite.ai,Campus / Placement,34 real questions from past Doctorite.ai interviews,Technical,General,Promises,medium,8,7,5.5
doctorite-ai,Doctorite.ai,Campus / Placement,34 real questions from past Doctorite.ai interviews,Technical,General,Redux,medium,8,7,5.5
doctorite-ai,Doctorite.ai,Campus / Placement,34 real questions from past Doctorite.ai interviews,Technical,General,Many cross question on how we answer,medium,8,7,5.5
doctorite-ai,Doctorite.ai,Campus / Placement,34 real questions from past Doctorite.ai interviews,Technical,General,Many question on the task and asked to change code by giving scenarios,medium,8,7,5.5
doctorite-ai,Doctorite.ai,Campus / Placement,34 real questions from past Doctorite.ai interviews,Technical,General,self intro,medium,8,7,5.5
doctorite-ai,Doctorite.ai,Campus / Placement,34 real questions from past Doctorite.ai interviews,Technical,General,projects explanation,medium,8,7,5.5
doctorite-ai,Doctorite.ai,Campus / Placement,34 real questions from past Doctorite.ai interviews,Situational,Behavioral,project demo,medium,8,7,5.5
doctorite-ai,Doctorite.ai,Campus / Placement,34 real questions from past Doctorite.ai interviews,Technical,React,react hooks and uses,medium,8,7,5.5
doctorite-ai,Doctorite.ai,Campus / Placement,34 real questions from past Doctorite.ai interviews,Technical,General,why useEffect,medium,8,7,5.5
doctorite-ai,Doctorite.ai,Campus / Placement,34 real questions from past Doctorite.ai interviews,Technical,General,ouput order of synchronous and asynchronous logs,medium,8,7,5.5
doctorite-ai,Doctorite.ai,Campus / Placement,34 real questions from past Doctorite.ai interviews,Technical,General,useState is synchronous or asynchronous and why?,medium,8,7,5.5
doctorite-ai,Doctorite.ai,Campus / Placement,34 real questions from past Doctorite.ai interviews,Technical,General,Todo list task and explain the code flow of it,medium,8,7,5.5
domsglobal,Domsglobal,Campus / Placement,41 real questions from past Domsglobal interviews,Technical,General,Self intro,medium,8,7,5.5
domsglobal,Domsglobal,Campus / Placement,41 real questions from past Domsglobal interviews,Technical,General,How u build backend of ur application,medium,8,7,5.5
domsglobal,Domsglobal,Campus / Placement,41 real questions from past Domsglobal interviews,Technical,React,Which is more weightage react / node js,medium,8,7,5.5
domsglobal,Domsglobal,Campus / Placement,41 real questions from past Domsglobal interviews,Situational,Behavioral,Explain project,medium,8,7,5.5
domsglobal,Domsglobal,Campus / Placement,41 real questions from past Domsglobal interviews,Technical,General,How u implemented ur booking functionality,medium,8,7,5.5
domsglobal,Domsglobal,Campus / Placement,41 real questions from past Domsglobal interviews,Technical,General,Explain about authentication,medium,8,7,5.5
domsglobal,Domsglobal,Campus / Placement,41 real questions from past Domsglobal interviews,Technical,General,How u verified jwt token,medium,8,7,5.5
domsglobal,Domsglobal,Campus / Placement,41 real questions from past Domsglobal interviews,Situational,Behavioral,All questions on your project only,medium,8,7,5.5
domsglobal,Domsglobal,Campus / Placement,41 real questions from past Domsglobal interviews,Situational,Behavioral,explain any one project,medium,8,7,5.5
domsglobal,Domsglobal,Campus / Placement,41 real questions from past Domsglobal interviews,Technical,React,why choose react and node than others,medium,8,7,5.5
domsglobal,Domsglobal,Campus / Placement,41 real questions from past Domsglobal interviews,Technical,General,backend explanation,medium,8,7,5.5
domsglobal,Domsglobal,Campus / Placement,41 real questions from past Domsglobal interviews,Situational,Cloud,cloud(what you are used in your project ),medium,8,7,5.5
domsglobal,Domsglobal,Campus / Placement,41 real questions from past Domsglobal interviews,Situational,Behavioral,how to host your project,medium,8,7,5.5
domsglobal,Domsglobal,Campus / Placement,41 real questions from past Domsglobal interviews,Technical,APIs,"how to create api,status codes,http requests",medium,8,7,5.5
domsglobal,Domsglobal,Campus / Placement,41 real questions from past Domsglobal interviews,Technical,General,what you are used to preventing the rerender the page,medium,8,7,5.5
domsglobal,Domsglobal,Campus / Placement,41 real questions from past Domsglobal interviews,Technical,General,if your website is crashed. Then what do you do,medium,8,7,5.5
domsglobal,Domsglobal,Campus / Placement,41 real questions from past Domsglobal interviews,Technical,General,can I prevent the rerender in backend,medium,8,7,5.5
domsglobal,Domsglobal,Campus / Placement,41 real questions from past Domsglobal interviews,Technical,General,Self introduction,medium,8,7,5.5
domsglobal,Domsglobal,Campus / Placement,41 real questions from past Domsglobal interviews,HR,Introduction,Explain both projects in detail (which are mentioned in the resume),easy,8,7,5.5
domsglobal,Domsglobal,Campus / Placement,41 real questions from past Domsglobal interviews,Situational,Behavioral,How and where have you deployed ur project,medium,8,7,5.5
domsglobal,Domsglobal,Campus / Placement,41 real questions from past Domsglobal interviews,Technical,General,What is Post man,medium,8,7,5.5
domsglobal,Domsglobal,Campus / Placement,41 real questions from past Domsglobal interviews,Technical,APIs,How did you create an api,medium,8,7,5.5
domsglobal,Domsglobal,Campus / Placement,41 real questions from past Domsglobal interviews,Situational,Behavioral,How and why did you choose this project,medium,8,7,5.5
domsglobal,Domsglobal,Campus / Placement,41 real questions from past Domsglobal interviews,Technical,General,What will you do if your server gets crashed,medium,8,7,5.5
domsglobal,Domsglobal,Campus / Placement,41 real questions from past Domsglobal interviews,Technical,Cloud,Any working experience in cloud/AWS domains,medium,8,7,5.5
domsglobal,Domsglobal,Campus / Placement,41 real questions from past Domsglobal interviews,Technical,General,etc... basically every question is related to projects only,medium,8,7,5.5
domsglobal,Domsglobal,Campus / Placement,41 real questions from past Domsglobal interviews,Situational,Behavioral,Project explanation,medium,8,7,5.5
domsglobal,Domsglobal,Campus / Placement,41 real questions from past Domsglobal interviews,Situational,Behavioral,How did you do this project,medium,8,7,5.5
domsglobal,Domsglobal,Campus / Placement,41 real questions from past Domsglobal interviews,Technical,APIs,What is api,medium,8,7,5.5
domsglobal,Domsglobal,Campus / Placement,41 real questions from past Domsglobal interviews,Technical,APIs,Do you know how to create api,medium,8,7,5.5
domsglobal,Domsglobal,Campus / Placement,41 real questions from past Domsglobal interviews,Technical,General,Tell me how did you create,medium,8,7,5.5
domsglobal,Domsglobal,Campus / Placement,41 real questions from past Domsglobal interviews,Technical,Cloud,Do you know about Asure or aws,medium,8,7,5.5
domsglobal,Domsglobal,Campus / Placement,41 real questions from past Domsglobal interviews,Situational,Behavioral,Did anyone suggest you to do this project,medium,8,7,5.5
domsglobal,Domsglobal,Campus / Placement,41 real questions from past Domsglobal interviews,Technical,General,self introduction.,medium,8,7,5.5
domsglobal,Domsglobal,Campus / Placement,41 real questions from past Domsglobal interviews,Situational,Behavioral,Project based questions like:,medium,8,7,5.5
domsglobal,Domsglobal,Campus / Placement,41 real questions from past Domsglobal interviews,Situational,Behavioral,uniqueness of ur project.,medium,8,7,5.5
domsglobal,Domsglobal,Campus / Placement,41 real questions from past Domsglobal interviews,Technical,APIs,How did you created api.,medium,8,7,5.5
domsglobal,Domsglobal,Campus / Placement,41 real questions from past Domsglobal interviews,Situational,Behavioral,Is ur project is stored in local or public.,medium,8,7,5.5
domsglobal,Domsglobal,Campus / Placement,41 real questions from past Domsglobal interviews,Situational,Behavioral,hosting of project.,medium,8,7,5.5
domsglobal,Domsglobal,Campus / Placement,41 real questions from past Domsglobal interviews,Technical,APIs,how to fetch api.,medium,8,7,5.5
domsglobal,Domsglobal,Campus / Placement,41 real questions from past Domsglobal interviews,Situational,Behavioral,Did u do any real tym project.,medium,8,7,5.5
enspirit,Enspirit,Campus / Placement,8 real questions from past Enspirit interviews,Situational,Behavioral,then Project,medium,8,7,5.5
enspirit,Enspirit,Campus / Placement,8 real questions from past Enspirit interviews,Situational,Behavioral,He asked me to show the Project and asked how you have done and asked to explain each and everything on the project by screensharing,medium,8,7,5.5
enspirit,Enspirit,Campus / Placement,8 real questions from past Enspirit interviews,Situational,Behavioral,and In the Project he went to some pages and asked to manipulate heading from left to right and then c enter,medium,8,7,5.5
enspirit,Enspirit,Campus / Placement,8 real questions from past Enspirit interviews,Technical,HTML/CSS,Button up and Down adjustement without touching HTML,medium,8,7,5.5
enspirit,Enspirit,Campus / Placement,8 real questions from past Enspirit interviews,Situational,Behavioral,He asked me to print particular paragraphs in my project in the console.,medium,8,7,5.5
enspirit,Enspirit,Campus / Placement,8 real questions from past Enspirit interviews,Situational,Behavioral,more on adjustment of the code in my project.,medium,8,7,5.5
enspirit,Enspirit,Campus / Placement,8 real questions from past Enspirit interviews,Technical,General,"Not giving time , need instant solution (need to take care)",medium,8,7,5.5
enspirit,Enspirit,Campus / Placement,8 real questions from past Enspirit interviews,Technical,General,the interviewer was,medium,8,7,5.5
ensprite,Ensprite,Campus / Placement,6 real questions from past Ensprite interviews,Technical,General,Why this role?,medium,8,7,5.5
ensprite,Ensprite,Campus / Placement,6 real questions from past Ensprite interviews,Technical,General,product management,medium,8,7,5.5
ensprite,Ensprite,Campus / Placement,6 real questions from past Ensprite interviews,Technical,General,What PM do?,medium,8,7,5.5
ensprite,Ensprite,Campus / Placement,6 real questions from past Ensprite interviews,Situational,Behavioral,What teams are involved in project,medium,8,7,5.5
ensprite,Ensprite,Campus / Placement,6 real questions from past Ensprite interviews,Communication,Clarity,Difference between product owner and product manager,medium,8,7,5.5
ensprite,Ensprite,Campus / Placement,6 real questions from past Ensprite interviews,Situational,Behavioral,How will you handle dispute between developer team and designer or QA team,medium,8,7,5.5
enterpi,Enterpi,Campus / Placement,55 real questions from past Enterpi interviews,Technical,General,Write a function that accepts the following,medium,8,7,5.5
enterpi,Enterpi,Campus / Placement,55 real questions from past Enterpi interviews,Technical,General,urgency (on a scale of 1 to 10),medium,8,7,5.5
enterpi,Enterpi,Campus / Placement,55 real questions from past Enterpi interviews,Technical,General,"customer_tier (1 for regular, 2 for premium,",medium,8,7,5.5
enterpi,Enterpi,Campus / Placement,55 real questions from past Enterpi interviews,Technical,General,3 for enterprise),medium,8,7,5.5
enterpi,Enterpi,Campus / Placement,55 real questions from past Enterpi interviews,Technical,General,Calculate the priority using this formula:,medium,8,7,5.5
enterpi,Enterpi,Campus / Placement,55 real questions from past Enterpi interviews,Technical,General,Regular customers: priority = urgency * 0.5,medium,8,7,5.5
enterpi,Enterpi,Campus / Placement,55 real questions from past Enterpi interviews,Technical,General,Premium customers: priority = urgency * 1.2,medium,8,7,5.5
enterpi,Enterpi,Campus / Placement,55 real questions from past Enterpi interviews,Technical,General,Enterprise customers: priority= urgency * 1.5,medium,8,7,5.5
enterpi,Enterpi,Campus / Placement,55 real questions from past Enterpi interviews,Technical,General,The function should return a list of tickets,medium,8,7,5.5
enterpi,Enterpi,Campus / Placement,55 real questions from past Enterpi interviews,Technical,General,sorted in descending order of,medium,8,7,5.5
enterpi,Enterpi,Campus / Placement,55 real questions from past Enterpi interviews,Technical,General,tickets = [,medium,8,7,5.5
enterpi,Enterpi,Campus / Placement,55 real questions from past Enterpi interviews,Technical,General,"{""ticket_id': 1, 'urgency': 7, 'customer_tier': 1},",medium,8,7,5.5
enterpi,Enterpi,Campus / Placement,55 real questions from past Enterpi interviews,Technical,General,"{""ticket_id': 2, 'urgency': 8, 'customer_tier': 2),",medium,8,7,5.5
enterpi,Enterpi,Campus / Placement,55 real questions from past Enterpi interviews,Technical,General,"{""ticket_id': 3, 'urgency': 6, 'customer_tier': 3),",medium,8,7,5.5
enterpi,Enterpi,Campus / Placement,55 real questions from past Enterpi interviews,Technical,General,"{""ticket_id': 4, 'urgency': 9, 'customer_tier': 1),",medium,8,7,5.5
enterpi,Enterpi,Campus / Placement,55 real questions from past Enterpi interviews,Technical,General,"{""ticket_id': 5, 'urgency': 5, 'customer_tier': 2},",medium,8,7,5.5
enterpi,Enterpi,Campus / Placement,55 real questions from past Enterpi interviews,Technical,General,"{""ticket_id': 6, 'urgency': 10, 'customer_tier': 3),",medium,8,7,5.5
enterpi,Enterpi,Campus / Placement,55 real questions from past Enterpi interviews,Technical,General,"{""ticket_id': 7, 'urgency': 3, 'customer_tier': 1},",medium,8,7,5.5
enterpi,Enterpi,Campus / Placement,55 real questions from past Enterpi interviews,Technical,General,"{""ticket_id': 8, 'urgency': 6, 'customer_tier"": 2}]",medium,8,7,5.5
enterpi,Enterpi,Campus / Placement,55 real questions from past Enterpi interviews,Technical,General,Tax Calculation Based on Price Range,medium,8,7,5.5
enterpi,Enterpi,Campus / Placement,55 real questions from past Enterpi interviews,Technical,General,You need to calculate the final price of an item,medium,8,7,5.5
enterpi,Enterpi,Campus / Placement,55 real questions from past Enterpi interviews,Technical,General,based on its price using different tax and,medium,8,7,5.5
enterpi,Enterpi,Campus / Placement,55 real questions from past Enterpi interviews,Technical,General,discount rules. The rules are as follows:,medium,8,7,5.5
enterpi,Enterpi,Campus / Placement,55 real questions from past Enterpi interviews,Technical,General,For prices less than $50: Apply a flat discount,medium,8,7,5.5
enterpi,Enterpi,Campus / Placement,55 real questions from past Enterpi interviews,Technical,General,of $4.50. (,medium,8,7,5.5
enterpi,Enterpi,Campus / Placement,55 real questions from past Enterpi interviews,Technical,General,For prices between $50 and $120: Apply a,medium,8,7,5.5
enterpi,Enterpi,Campus / Placement,55 real questions from past Enterpi interviews,Technical,General,12% discount on the price and then,medium,8,7,5.5
enterpi,Enterpi,Campus / Placement,55 real questions from past Enterpi interviews,Technical,General,subtract $0.05 from the total.,medium,8,7,5.5
enterpi,Enterpi,Campus / Placement,55 real questions from past Enterpi interviews,Technical,General,For prices above $120: Apply a 10% discount,medium,8,7,5.5
enterpi,Enterpi,Campus / Placement,55 real questions from past Enterpi interviews,Technical,General,"on the amount exceeding $120,",medium,8,7,5.5
enterpi,Enterpi,Campus / Placement,55 real questions from past Enterpi interviews,Technical,General,"add a flat $8.00 to the discount, and subtract",medium,8,7,5.5
enterpi,Enterpi,Campus / Placement,55 real questions from past Enterpi interviews,Technical,General,$0.03 from the total.,medium,8,7,5.5
enterpi,Enterpi,Campus / Placement,55 real questions from past Enterpi interviews,Technical,General,Example Calculation:,medium,8,7,5.5
enterpi,Enterpi,Campus / Placement,55 real questions from past Enterpi interviews,Technical,General,"If the item price is $130, apply the following:",medium,8,7,5.5
enterpi,Enterpi,Campus / Placement,55 real questions from past Enterpi interviews,Technical,General,For the first $50: Apply a flat discount of,medium,8,7,5.5
enterpi,Enterpi,Campus / Placement,55 real questions from past Enterpi interviews,Technical,General,The function should return a list of tickets sorted in descending order of,medium,8,7,5.5
enterpi,Enterpi,Campus / Placement,55 real questions from past Enterpi interviews,Technical,General,"{'ticket_id': 1, 'urgency': 7, 'customer_tier': 1},",medium,8,7,5.5
enterpi,Enterpi,Campus / Placement,55 real questions from past Enterpi interviews,Technical,General,"{'ticket_id': 2, 'urgency': 8, 'customer_tier': 2},",medium,8,7,5.5
enterpi,Enterpi,Campus / Placement,55 real questions from past Enterpi interviews,Technical,General,"{'ticket_id': 3, 'urgency': 6, 'customer_tier': 3},",medium,8,7,5.5
enterpi,Enterpi,Campus / Placement,55 real questions from past Enterpi interviews,Technical,General,"{'ticket_id': 4, 'urgency': 9, 'customer_tier': 1},",medium,8,7,5.5
enterpi,Enterpi,Campus / Placement,55 real questions from past Enterpi interviews,Technical,General,"{'ticket_id': 5, 'urgency': 5, 'customer_tier': 2},",medium,8,7,5.5
enterpi,Enterpi,Campus / Placement,55 real questions from past Enterpi interviews,Technical,General,"{'ticket_id': 6, 'urgency': 10, 'customer_tier': 3},",medium,8,7,5.5
enterpi,Enterpi,Campus / Placement,55 real questions from past Enterpi interviews,Technical,General,"{'ticket_id': 7, 'urgency': 3, 'customer_tier': 1},",medium,8,7,5.5
enterpi,Enterpi,Campus / Placement,55 real questions from past Enterpi interviews,Technical,General,"{'ticket_id': 8, 'urgency': 6, 'customer_tier': 2}]",medium,8,7,5.5
enterpi,Enterpi,Campus / Placement,55 real questions from past Enterpi interviews,Technical,General,You need to calculate the final price of an item based on its price using different tax and,medium,8,7,5.5
enterpi,Enterpi,Campus / Placement,55 real questions from past Enterpi interviews,Technical,General,For prices less than $50: Apply a flat discount of $4.50. (,medium,8,7,5.5
enterpi,Enterpi,Campus / Placement,55 real questions from past Enterpi interviews,Technical,General,For prices between $50 and $120: Apply a 12% discount on the price and then,medium,8,7,5.5
enterpi,Enterpi,Campus / Placement,55 real questions from past Enterpi interviews,Technical,General,"For prices above $120: Apply a 10% discount on the amount exceeding $120,",medium,8,7,5.5
enterpi,Enterpi,Campus / Placement,55 real questions from past Enterpi interviews,Technical,General,"add a flat $8.00 to the discount, and subtract $0.03 from the total.",medium,8,7,5.5
enterpi,Enterpi,Campus / Placement,55 real questions from past Enterpi interviews,Technical,General,For the first $50: Apply a flat discount of $4.50.,medium,8,7,5.5
enterpi,Enterpi,Campus / Placement,55 real questions from past Enterpi interviews,Technical,General,"For the amount between $50 and $120 (i.e., $70): Apply a 12% discount on",medium,8,7,5.5
enterpi,Enterpi,Campus / Placement,55 real questions from past Enterpi interviews,Technical,General,this amount.,medium,8,7,5.5
enterpi,Enterpi,Campus / Placement,55 real questions from past Enterpi interviews,Technical,General,"For the amount above $120 (i.e., $10): Apply a 10% discount on this amount,",medium,8,7,5.5
enterpi,Enterpi,Campus / Placement,55 real questions from past Enterpi interviews,Technical,General,"add $8.00, and subtract $0.03 from the total.",medium,8,7,5.5
enterpi,Enterpi,Campus / Placement,55 real questions from past Enterpi interviews,Technical,General,votes = [,medium,8,7,5.5
farmreach,Farmreach,Campus / Placement,16 real questions from past Farmreach interviews,Technical,General,"Self intro,",medium,8,7,5.5
farmreach,Farmreach,Campus / Placement,16 real questions from past Farmreach interviews,HR,Introduction,"Mentioned internship in resume asked about that,",easy,8,7,5.5
farmreach,Farmreach,Campus / Placement,16 real questions from past Farmreach interviews,Situational,Behavioral,"project based questions,",medium,8,7,5.5
farmreach,Farmreach,Campus / Placement,16 real questions from past Farmreach interviews,Technical,General,"Asked about academic projects,",medium,8,7,5.5
farmreach,Farmreach,Campus / Placement,16 real questions from past Farmreach interviews,Technical,General,And then the task is assigned (https://docs.google.com/document/d/1n2CQ9ZXK6Zq3Cl9ubflGamxltQtLJksJ/edit?usp=drive_link&ouid=115672594805762359178&rtpof=true&sd=true),medium,8,7,5.5
farmreach,Farmreach,Campus / Placement,16 real questions from past Farmreach interviews,Technical,General,basic details like location,medium,8,7,5.5
farmreach,Farmreach,Campus / Placement,16 real questions from past Farmreach interviews,Technical,APIs,did you know about fastapi,medium,8,7,5.5
farmreach,Farmreach,Campus / Placement,16 real questions from past Farmreach interviews,Technical,General,TASK -https://docs.google.com/document/d/1n2CQ9ZXK6Zq3Cl9ubflGamxltQtLJksJ/edit?usp=drive_link&ouid=115672594805762359178&rtpof=true&sd=true,medium,8,7,5.5
farmreach,Farmreach,Campus / Placement,16 real questions from past Farmreach interviews,Technical,APIs,About fast api,medium,8,7,5.5
farmreach,Farmreach,Campus / Placement,16 real questions from past Farmreach interviews,Technical,General,https://docs.google.com/document/d/1n2CQ9ZXK6Zq3Cl9ubflGamxltQtLJksJ/edit?usp=drive_link&ouid=115672594805762359178&rtpof=true&sd=true,medium,8,7,5.5
farmreach,Farmreach,Campus / Placement,16 real questions from past Farmreach interviews,Technical,General,Intro,medium,8,7,5.5
farmreach,Farmreach,Campus / Placement,16 real questions from past Farmreach interviews,Technical,APIs,About Fastapi,medium,8,7,5.5
farmreach,Farmreach,Campus / Placement,16 real questions from past Farmreach interviews,Technical,General,About experience,medium,8,7,5.5
farmreach,Farmreach,Campus / Placement,16 real questions from past Farmreach interviews,Technical,General,interview questions,medium,8,7,5.5
farmreach,Farmreach,Campus / Placement,16 real questions from past Farmreach interviews,Technical,General,self intro,medium,8,7,5.5
farmreach,Farmreach,Campus / Placement,16 real questions from past Farmreach interviews,Technical,General,task on backend dev side(file manegement),medium,8,7,5.5
fatima-firdouse-outi,Fatima Firdouse -outi,Campus / Placement,1 real questions from past Fatima Firdouse -outi interviews,Technical,General,Remove All identical characters which appear 3+ times continuously in a given string,medium,8,7,5.5
feemonk,FeeMonk,Campus / Placement,105 real questions from past FeeMonk interviews,Technical,General,"var, const and let",medium,11,7,5.5
feemonk,FeeMonk,Campus / Placement,105 real questions from past FeeMonk interviews,Technical,General,console.log(num),medium,11,7,5.5
feemonk,FeeMonk,Campus / Placement,105 real questions from past FeeMonk interviews,Technical,General,var num = 10,medium,11,7,5.5
feemonk,FeeMonk,Campus / Placement,105 real questions from past FeeMonk interviews,Technical,General,console.log(num1),medium,11,7,5.5
feemonk,FeeMonk,Campus / Placement,105 real questions from past FeeMonk interviews,Technical,General,const num1=10,medium,11,7,5.5
feemonk,FeeMonk,Campus / Placement,105 real questions from past FeeMonk interviews,Technical,General,console.log(num2),medium,11,7,5.5
feemonk,FeeMonk,Campus / Placement,105 real questions from past FeeMonk interviews,Technical,General,let num2=10,medium,11,7,5.5
feemonk,FeeMonk,Campus / Placement,105 real questions from past FeeMonk interviews,Technical,General,"let a=[1,2,3]",medium,11,7,5.5
feemonk,FeeMonk,Campus / Placement,105 real questions from past FeeMonk interviews,Technical,General,"let b=[1,2,3]",medium,11,7,5.5
feemonk,FeeMonk,Campus / Placement,105 real questions from past FeeMonk interviews,Technical,General,console.log(a) ----> false,medium,11,7,5.5
feemonk,FeeMonk,Campus / Placement,105 real questions from past FeeMonk interviews,Technical,General,let a= 0,medium,11,7,5.5
feemonk,FeeMonk,Campus / Placement,105 real questions from past FeeMonk interviews,Technical,General,console.log(a++) ---> 0,medium,11,7,5.5
feemonk,FeeMonk,Campus / Placement,105 real questions from past FeeMonk interviews,Technical,General,console.log(++a),medium,11,7,5.5
feemonk,FeeMonk,Campus / Placement,105 real questions from past FeeMonk interviews,Technical,General,"console.log(5 == ""5"") 5 == 5",medium,11,7,5.5
feemonk,FeeMonk,Campus / Placement,105 real questions from past FeeMonk interviews,Technical,React,react hooks,medium,11,7,5.5
feemonk,FeeMonk,Campus / Placement,105 real questions from past FeeMonk interviews,Technical,React,what react hooks you used in ur projects,medium,11,7,5.5
feemonk,FeeMonk,Campus / Placement,105 real questions from past FeeMonk interviews,Technical,General,controlled and uncontrolled components,medium,11,7,5.5
feemonk,FeeMonk,Campus / Placement,105 real questions from past FeeMonk interviews,Technical,General,about redux and redux toolkit,medium,11,7,5.5
feemonk,FeeMonk,Campus / Placement,105 real questions from past FeeMonk interviews,Situational,Behavioral,rezorpay integration in my project,medium,11,7,5.5
feemonk,FeeMonk,Campus / Placement,105 real questions from past FeeMonk interviews,Situational,Behavioral,self introduction 2.project introduction 3.jwt token and how do you create 4.patch and put request related 5.var let const difference 6.clousures 7 .he is send one program in chat box tell me out put thats all about mainly focus in depth knowledge like realtime time senario,medium,11,7,5.5
feemonk,FeeMonk,Campus / Placement,105 real questions from past FeeMonk interviews,Technical,General,logical coding question on hoisting,medium,11,7,5.5
feemonk,FeeMonk,Campus / Placement,105 real questions from past FeeMonk interviews,Technical,General,arrow functions,medium,11,7,5.5
feemonk,FeeMonk,Campus / Placement,105 real questions from past FeeMonk interviews,Technical,General,"console.log([1,2]==[1,2])",medium,11,7,5.5
feemonk,FeeMonk,Campus / Placement,105 real questions from past FeeMonk interviews,Technical,General,console.log(3>2>1),medium,11,7,5.5
feemonk,FeeMonk,Campus / Placement,105 real questions from past FeeMonk interviews,Technical,General,redux,medium,11,7,5.5
feemonk,FeeMonk,Campus / Placement,105 real questions from past FeeMonk interviews,Technical,General,local and session storage,medium,11,7,5.5
feemonk,FeeMonk,Campus / Placement,105 real questions from past FeeMonk interviews,Technical,General,hooks,medium,11,7,5.5
feemonk,FeeMonk,Campus / Placement,105 real questions from past FeeMonk interviews,Technical,APIs,context api,medium,11,7,5.5
feemonk,FeeMonk,Campus / Placement,105 real questions from past FeeMonk interviews,Technical,General,higher order functions,medium,11,7,5.5
feemonk,FeeMonk,Campus / Placement,105 real questions from past FeeMonk interviews,Technical,General,about jwt tokens and its usage,medium,11,7,5.5
feemonk,FeeMonk,Campus / Placement,105 real questions from past FeeMonk interviews,Situational,Behavioral,project explanation,medium,11,7,5.5
feemonk,FeeMonk,Campus / Placement,105 real questions from past FeeMonk interviews,Technical,React,explain how an api fetching happens in react,medium,11,7,5.5
feemonk,FeeMonk,Campus / Placement,105 real questions from past FeeMonk interviews,Technical,General,usage of dependency array,medium,11,7,5.5
feemonk,FeeMonk,Campus / Placement,105 real questions from past FeeMonk interviews,Technical,General,What is js,medium,11,7,5.5
feemonk,FeeMonk,Campus / Placement,105 real questions from past FeeMonk interviews,Technical,General,Hoisting,medium,11,7,5.5
feemonk,FeeMonk,Campus / Placement,105 real questions from past FeeMonk interviews,Technical,General,Hoisting possible only for functions?,medium,11,7,5.5
feemonk,FeeMonk,Campus / Placement,105 real questions from past FeeMonk interviews,Technical,General,Middleware,medium,11,7,5.5
feemonk,FeeMonk,Campus / Placement,105 real questions from past FeeMonk interviews,Technical,OOP,Looping typed and strongly typed language,medium,11,7,5.5
feemonk,FeeMonk,Campus / Placement,105 real questions from past FeeMonk interviews,Technical,React,About some react question,medium,11,7,5.5
feemonk,FeeMonk,Campus / Placement,105 real questions from past FeeMonk interviews,Technical,Node.js,How did you implemented Authentication in nodejs,medium,11,7,5.5
feemonk,FeeMonk,Campus / Placement,105 real questions from past FeeMonk interviews,Situational,Behavioral,Middleware that you have used in your project and why,medium,11,7,5.5
feemonk,FeeMonk,Campus / Placement,105 real questions from past FeeMonk interviews,Technical,General,console.log(c).,medium,11,7,5.5
feemonk,FeeMonk,Campus / Placement,105 real questions from past FeeMonk interviews,Technical,General,What's the output,medium,11,7,5.5
feemonk,FeeMonk,Campus / Placement,105 real questions from past FeeMonk interviews,Technical,React,How did you fetch an API in react ( Code Written in online react compiler ),medium,11,7,5.5
feemonk,FeeMonk,Campus / Placement,105 real questions from past FeeMonk interviews,Technical,General,How did you pass token from frontend by headers,medium,11,7,5.5
feemonk,FeeMonk,Campus / Placement,105 real questions from past FeeMonk interviews,Technical,General,How did you implemented Rozarpay Payment.,medium,11,7,5.5
feemonk,FeeMonk,Campus / Placement,105 real questions from past FeeMonk interviews,Technical,General,Self Intro,medium,11,7,5.5
feemonk,FeeMonk,Campus / Placement,105 real questions from past FeeMonk interviews,Technical,General,What is callback.,medium,11,7,5.5
feemonk,FeeMonk,Campus / Placement,105 real questions from past FeeMonk interviews,Technical,General,What is callback hell.,medium,11,7,5.5
feemonk,FeeMonk,Campus / Placement,105 real questions from past FeeMonk interviews,Technical,General,"What is promise, async and await.",medium,11,7,5.5
feemonk,FeeMonk,Campus / Placement,105 real questions from past FeeMonk interviews,Technical,General,Explain about asynchronous operation.,medium,11,7,5.5
feemonk,FeeMonk,Campus / Placement,105 real questions from past FeeMonk interviews,Technical,General,How can we resolve a promise.,medium,11,7,5.5
feemonk,FeeMonk,Campus / Placement,105 real questions from past FeeMonk interviews,Technical,General,Can we write a async function in map method.,medium,11,7,5.5
feemonk,FeeMonk,Campus / Placement,105 real questions from past FeeMonk interviews,Technical,React,What is React.,medium,11,7,5.5
feemonk,FeeMonk,Campus / Placement,105 real questions from past FeeMonk interviews,Technical,General,Explain the flow of Redux.,medium,11,7,5.5
feemonk,FeeMonk,Campus / Placement,105 real questions from past FeeMonk interviews,Situational,DevOps,use of Docker for project development.,medium,11,7,5.5
feemonk,FeeMonk,Campus / Placement,105 real questions from past FeeMonk interviews,Technical,Node.js,How to connect mongodb with node.js,medium,11,7,5.5
feemonk,FeeMonk,Campus / Placement,105 real questions from past FeeMonk interviews,Technical,General,Const a;,medium,11,7,5.5
feemonk,FeeMonk,Campus / Placement,105 real questions from past FeeMonk interviews,Technical,General,They are asking me some coding questions....,medium,11,7,5.5
feemonk,FeeMonk,Campus / Placement,105 real questions from past FeeMonk interviews,Technical,General,There is no theory part...,medium,11,7,5.5
feemonk,FeeMonk,Campus / Placement,105 real questions from past FeeMonk interviews,Technical,General,Means about local and global scope questions....and extract the elements in array using filter and map methods...,medium,11,7,5.5
feemonk,FeeMonk,Campus / Placement,105 real questions from past FeeMonk interviews,Technical,General,What is DOCTYPE and total boiler plate,medium,11,7,5.5
feemonk,FeeMonk,Campus / Placement,105 real questions from past FeeMonk interviews,Technical,General,What are pseudo classes,medium,11,7,5.5
feemonk,FeeMonk,Campus / Placement,105 real questions from past FeeMonk interviews,Technical,General,2 SetTimeout questions coding,medium,11,7,5.5
feemonk,FeeMonk,Campus / Placement,105 real questions from past FeeMonk interviews,Technical,General,Promises,medium,11,7,5.5
feemonk,FeeMonk,Campus / Placement,105 real questions from past FeeMonk interviews,Technical,General,Can we debug the accesstoken,medium,11,7,5.5
feemonk,FeeMonk,Campus / Placement,105 real questions from past FeeMonk interviews,Situational,Behavioral,Redux is used in your project or not,medium,11,7,5.5
feemonk,FeeMonk,Campus / Placement,105 real questions from past FeeMonk interviews,Technical,General,If we open the same tab two tab in the chrome for local storage will get the same output,medium,11,7,5.5
feemonk,FeeMonk,Campus / Placement,105 real questions from past FeeMonk interviews,Technical,React,Some react questions and js questions and node js,medium,11,7,5.5
feemonk,FeeMonk,Campus / Placement,105 real questions from past FeeMonk interviews,Technical,General,family background,medium,11,7,5.5
feemonk,FeeMonk,Campus / Placement,105 real questions from past FeeMonk interviews,Technical,General,display none vs visibility hidden,medium,11,7,5.5
feemonk,FeeMonk,Campus / Placement,105 real questions from past FeeMonk interviews,Technical,General,how to center a div show different methods,medium,11,7,5.5
feemonk,FeeMonk,Campus / Placement,105 real questions from past FeeMonk interviews,Technical,General,media queries,medium,11,7,5.5
feemonk,FeeMonk,Campus / Placement,105 real questions from past FeeMonk interviews,Technical,General,DOM,medium,11,7,5.5
feemonk,FeeMonk,Campus / Placement,105 real questions from past FeeMonk interviews,Technical,General,"display flex , item and container properties",medium,11,7,5.5
feemonk,FeeMonk,Campus / Placement,105 real questions from past FeeMonk interviews,Technical,General,"display grid, item and container properties",medium,11,7,5.5
feemonk,FeeMonk,Campus / Placement,105 real questions from past FeeMonk interviews,Technical,General,change order of navlinks in assessment,medium,11,7,5.5
feemonk,FeeMonk,Campus / Placement,105 real questions from past FeeMonk interviews,Technical,General,task relatated questions,medium,11,7,5.5
feemonk,FeeMonk,Campus / Placement,105 real questions from past FeeMonk interviews,Technical,General,psedo classes,medium,11,7,5.5
feemonk,FeeMonk,Campus / Placement,105 real questions from past FeeMonk interviews,Technical,General,psedo elements before after,medium,11,7,5.5
feemonk,FeeMonk,Campus / Placement,105 real questions from past FeeMonk interviews,Technical,General,img attributes and alt,medium,11,7,5.5
feemonk,FeeMonk,Campus / Placement,105 real questions from past FeeMonk interviews,Technical,General,different types of selectors,medium,11,7,5.5
feemonk,FeeMonk,Campus / Placement,105 real questions from past FeeMonk interviews,Technical,General,Give me 3 situations you have done hardwork,medium,11,7,5.5
feemonk,FeeMonk,Campus / Placement,105 real questions from past FeeMonk interviews,Technical,General,About academics,medium,11,7,5.5
feemonk,FeeMonk,Campus / Placement,105 real questions from past FeeMonk interviews,Technical,General,have you applying for jobs if then is it frontend backend or fullstack,medium,11,7,5.5
feemonk,FeeMonk,Campus / Placement,105 real questions from past FeeMonk interviews,Technical,General,about family background,medium,11,7,5.5
feemonk,FeeMonk,Campus / Placement,105 real questions from past FeeMonk interviews,Technical,General,what are 3 things that you need to change,medium,11,7,5.5
feemonk,FeeMonk,Campus / Placement,105 real questions from past FeeMonk interviews,Technical,General,what are 3 things that your parents wants you to change,medium,11,7,5.5
feemonk,FeeMonk,Campus / Placement,105 real questions from past FeeMonk interviews,Technical,General,what kind of work environment are you expecting ?,medium,11,7,5.5
feemonk,FeeMonk,Campus / Placement,105 real questions from past FeeMonk interviews,Technical,General,worst day of your life,medium,11,7,5.5
feemonk,FeeMonk,Campus / Placement,105 real questions from past FeeMonk interviews,Technical,General,best day of your life,medium,11,7,5.5
feemonk,FeeMonk,Campus / Placement,105 real questions from past FeeMonk interviews,Technical,General,reason for 1yr gap,medium,11,7,5.5
feemonk,FeeMonk,Campus / Placement,105 real questions from past FeeMonk interviews,Situational,Behavioral,chalenges you are faced in team project?,medium,11,7,5.5
feemonk,FeeMonk,Campus / Placement,105 real questions from past FeeMonk interviews,Technical,General,why frontend role?,medium,11,7,5.5
feemonk,FeeMonk,Campus / Placement,105 real questions from past FeeMonk interviews,Technical,General,describe your self?,medium,11,7,5.5
feemonk,FeeMonk,Campus / Placement,105 real questions from past FeeMonk interviews,Technical,General,what experience do you have ?,medium,11,7,5.5
feemonk,FeeMonk,Campus / Placement,105 real questions from past FeeMonk interviews,Situational,Behavioral,How do you handle stress and pressure?,medium,11,7,5.5
feemonk,FeeMonk,Campus / Placement,105 real questions from past FeeMonk interviews,Technical,General,If you have a chance to go back in time what will you change ?,medium,11,7,5.5
feemonk,FeeMonk,Campus / Placement,105 real questions from past FeeMonk interviews,Situational,Behavioral,Tell me about the time/day you made a mistake?,medium,11,7,5.5
feemonk,FeeMonk,Campus / Placement,105 real questions from past FeeMonk interviews,Technical,General,What are you most proud of?,medium,11,7,5.5
feemonk,FeeMonk,Campus / Placement,105 real questions from past FeeMonk interviews,HR,Introduction,apart from resume mentioned skills what other skills do you have?,easy,11,7,5.5
feemonk,FeeMonk,Campus / Placement,105 real questions from past FeeMonk interviews,Technical,General,Who is your mentor?,medium,11,7,5.5
feemonk,FeeMonk,Campus / Placement,105 real questions from past FeeMonk interviews,Technical,General,what changes required for your trainer do. To be good trainer?,medium,11,7,5.5
feemonk,FeeMonk,Campus / Placement,105 real questions from past FeeMonk interviews,Technical,General,what are the things that your mentor expecting you to change?,medium,11,7,5.5
feemonk,FeeMonk,Campus / Placement,105 real questions from past FeeMonk interviews,Technical,General,Why did you choose this carrier?,medium,11,7,5.5
final-round,Final round,Campus / Placement,1 real questions from past Final round interviews,Technical,General,What You Did Between 2022 and 2025.,medium,8,7,5.5
g-praveen,G. praveen,Campus / Placement,10 real questions from past G. praveen interviews,Technical,General,Self intro,medium,8,7,5.5
g-praveen,G. praveen,Campus / Placement,10 real questions from past G. praveen interviews,Technical,General,Print (a+b==c),medium,8,7,5.5
g-praveen,G. praveen,Campus / Placement,10 real questions from past G. praveen interviews,Technical,General,Here are the questions that were asked in my interview:,medium,8,7,5.5
g-praveen,G. praveen,Campus / Placement,10 real questions from past G. praveen interviews,Technical,General,Self introduction,medium,8,7,5.5
g-praveen,G. praveen,Campus / Placement,10 real questions from past G. praveen interviews,Technical,General,Guess the outputs and explain why,medium,8,7,5.5
g-praveen,G. praveen,Campus / Placement,10 real questions from past G. praveen interviews,Technical,General,let a = 10;,medium,8,7,5.5
g-praveen,G. praveen,Campus / Placement,10 real questions from past G. praveen interviews,Technical,General,if (a > 5 || ++a > 10) {},medium,8,7,5.5
g-praveen,G. praveen,Campus / Placement,10 real questions from past G. praveen interviews,Technical,General,console.log(a);,medium,8,7,5.5
g-praveen,G. praveen,Campus / Placement,10 real questions from past G. praveen interviews,Technical,General,"console.log([""sriram""] == [""sriram""]);",medium,8,7,5.5
g-praveen,G. praveen,Campus / Placement,10 real questions from past G. praveen interviews,Technical,General,Any Questions related to the company and the hiring role.,medium,8,7,5.5
gaavi,GAAVI,Campus / Placement,18 real questions from past GAAVI interviews,HR,Introduction,SelfIntro + Resume based questions,easy,8,7,5.5
gaavi,GAAVI,Campus / Placement,18 real questions from past GAAVI interviews,Technical,React,what is React?,medium,8,7,5.5
gaavi,GAAVI,Campus / Placement,18 real questions from past GAAVI interviews,Technical,React,Why React ?,medium,8,7,5.5
gaavi,GAAVI,Campus / Placement,18 real questions from past GAAVI interviews,Technical,General,Difference between class components & functional components.,medium,8,7,5.5
gaavi,GAAVI,Campus / Placement,18 real questions from past GAAVI interviews,Technical,General,Difference between controlled components & uncontrolled components.,medium,8,7,5.5
gaavi,GAAVI,Campus / Placement,18 real questions from past GAAVI interviews,Technical,React,How to handle rendering in React?,medium,8,7,5.5
gaavi,GAAVI,Campus / Placement,18 real questions from past GAAVI interviews,Technical,General,What is useEffect()?,medium,8,7,5.5
gaavi,GAAVI,Campus / Placement,18 real questions from past GAAVI interviews,Technical,General,Why use of useEffect(),medium,8,7,5.5
gaavi,GAAVI,Campus / Placement,18 real questions from past GAAVI interviews,Technical,General,What is useMemo()?,medium,8,7,5.5
gaavi,GAAVI,Campus / Placement,18 real questions from past GAAVI interviews,Technical,General,Why functional components over class components,medium,8,7,5.5
gaavi,GAAVI,Campus / Placement,18 real questions from past GAAVI interviews,Technical,General,Situation based question?,medium,8,7,5.5
gaavi,GAAVI,Campus / Placement,18 real questions from past GAAVI interviews,Technical,General,"Situation : Assume there is an application in that application there is one search bar, and 2 fields one is TV models and other is Books.",medium,8,7,5.5
gaavi,GAAVI,Campus / Placement,18 real questions from past GAAVI interviews,Technical,General,"In two fields we have used same keys for items,",medium,8,7,5.5
gaavi,GAAVI,Campus / Placement,18 real questions from past GAAVI interviews,Technical,General,If we search in search bar for key which items will display and why?,medium,8,7,5.5
gaavi,GAAVI,Campus / Placement,18 real questions from past GAAVI interviews,Technical,General,Problem Statement:,medium,8,7,5.5
gaavi,GAAVI,Campus / Placement,18 real questions from past GAAVI interviews,Technical,APIs,A list of courses (fetched from backend API) with infinite scrolling and pagination.,medium,8,7,5.5
gaavi,GAAVI,Campus / Placement,18 real questions from past GAAVI interviews,Technical,APIs,A search input box to search courses. API should be triggered only after the user stops typing.,medium,8,7,5.5
gaavi,GAAVI,Campus / Placement,18 real questions from past GAAVI interviews,Technical,General,A course detail page on clicking any course.,medium,8,7,5.5
gridlex,Gridlex,Campus / Placement,127 real questions from past Gridlex interviews,Technical,General,You are given:,medium,12,7,5.5
gridlex,Gridlex,Campus / Placement,127 real questions from past Gridlex interviews,Technical,Git,"A string s consisting only of digits (0-9), with length between 1 and 20.",medium,12,7,5.5
gridlex,Gridlex,Campus / Placement,127 real questions from past Gridlex interviews,Technical,General,Time Duration: 1 hr,medium,12,7,5.5
gridlex,Gridlex,Campus / Placement,127 real questions from past Gridlex interviews,Technical,General,Your task is to insert exactly three dots into the string s to form a valid IP address such that,medium,12,7,5.5
gridlex,Gridlex,Campus / Placement,127 real questions from past Gridlex interviews,Technical,General,The resulting IP address must contain exactly four segments.,medium,12,7,5.5
gridlex,Gridlex,Campus / Placement,127 real questions from past Gridlex interviews,Technical,General,"Each segment cannot contain leading zeros unless the segment is exactly ""0"".",medium,12,7,5.5
gridlex,Gridlex,Campus / Placement,127 real questions from past Gridlex interviews,Technical,General,Return a list of all possible valid IP addresses that can be formed. Return the results in any,medium,12,7,5.5
gridlex,Gridlex,Campus / Placement,127 real questions from past Gridlex interviews,Technical,General,Test Case 1:,medium,12,7,5.5
gridlex,Gridlex,Campus / Placement,127 real questions from past Gridlex interviews,Technical,General,"Output: [255.255.11.135"", ""255.255.111.35""]",medium,12,7,5.5
gridlex,Gridlex,Campus / Placement,127 real questions from past Gridlex interviews,Technical,General,There are two valid ways to insert three dots:,medium,12,7,5.5
gridlex,Gridlex,Campus / Placement,127 real questions from past Gridlex interviews,Technical,General,"""255.255.11.135"" (segments: 255, 255, 11, 135)",medium,12,7,5.5
gridlex,Gridlex,Campus / Placement,127 real questions from past Gridlex interviews,Technical,General,"""255.255.111.35"" (segments: 255, 255, 111, 35)",medium,12,7,5.5
gridlex,Gridlex,Campus / Placement,127 real questions from past Gridlex interviews,Technical,General,Test Case 2:,medium,12,7,5.5
gridlex,Gridlex,Campus / Placement,127 real questions from past Gridlex interviews,Technical,General,Output: [0.0.0.0],medium,12,7,5.5
gridlex,Gridlex,Campus / Placement,127 real questions from past Gridlex interviews,Technical,General,"Only one valid IP can be formed. All segments are ""0"", which is allowed, as it does not have",medium,12,7,5.5
gridlex,Gridlex,Campus / Placement,127 real questions from past Gridlex interviews,Technical,General,leading zeros.,medium,12,7,5.5
gridlex,Gridlex,Campus / Placement,127 real questions from past Gridlex interviews,Technical,General,Test Case 3:,medium,12,7,5.5
gridlex,Gridlex,Campus / Placement,127 real questions from past Gridlex interviews,Technical,General,"Input: s101023""",medium,12,7,5.5
gridlex,Gridlex,Campus / Placement,127 real questions from past Gridlex interviews,Technical,General,"Output: [1.0.10.23"", ""1.0.102.3"", ""10.1.0.23"", ""10.10.2.3"", ""101.0.2.3""]",medium,12,7,5.5
gridlex,Gridlex,Campus / Placement,127 real questions from past Gridlex interviews,Technical,General,"All combinations that form valid IP addresses are retumed. Segments like ""010"" are invalid due",medium,12,7,5.5
gridlex,Gridlex,Campus / Placement,127 real questions from past Gridlex interviews,Technical,General,to leading zeros.,medium,12,7,5.5
gridlex,Gridlex,Campus / Placement,127 real questions from past Gridlex interviews,Technical,General,Maximum Money Without Triggering Security,medium,12,7,5.5
gridlex,Gridlex,Campus / Placement,127 real questions from past Gridlex interviews,Technical,General,You are planning a robbery on a street where every house has some amount of money.,medium,12,7,5.5
gridlex,Gridlex,Campus / Placement,127 real questions from past Gridlex interviews,Technical,General,"● If you rob two houses that are next to each other, the alarm will be triggered.",medium,12,7,5.5
gridlex,Gridlex,Campus / Placement,127 real questions from past Gridlex interviews,Technical,General,● So you must skip at least one house between any two houses that you rob.,medium,12,7,5.5
gridlex,Gridlex,Campus / Placement,127 real questions from past Gridlex interviews,Technical,General,Your task is to figure out the maximum amount of money you can rob without robbing two,medium,12,7,5.5
gridlex,Gridlex,Campus / Placement,127 real questions from past Gridlex interviews,Technical,General,directly adjacent houses.,medium,12,7,5.5
gridlex,Gridlex,Campus / Placement,127 real questions from past Gridlex interviews,Technical,General,● A list of integers nums,medium,12,7,5.5
gridlex,Gridlex,Campus / Placement,127 real questions from past Gridlex interviews,Technical,General,Each element in the list represents the amount of money available in a house.,medium,12,7,5.5
gridlex,Gridlex,Campus / Placement,127 real questions from past Gridlex interviews,Technical,General,The houses are lined up in the order given by the list.,medium,12,7,5.5
gridlex,Gridlex,Campus / Placement,127 real questions from past Gridlex interviews,Technical,General,● An integer representing the maximum total money you can rob without robbing two,medium,12,7,5.5
gridlex,Gridlex,Campus / Placement,127 real questions from past Gridlex interviews,Technical,General,adjacent houses.,medium,12,7,5.5
gridlex,Gridlex,Campus / Placement,127 real questions from past Gridlex interviews,Technical,General,● The list will have at least 1 and at most 100 elements.,medium,12,7,5.5
gridlex,Gridlex,Campus / Placement,127 real questions from past Gridlex interviews,Technical,General,"nums = [1, 2, 3, 1]",medium,12,7,5.5
gridlex,Gridlex,Campus / Placement,127 real questions from past Gridlex interviews,Technical,General,Rob house 0 (1) and house 2 (3). Total = 1 + 3 = 4.,medium,12,7,5.5
gridlex,Gridlex,Campus / Placement,127 real questions from past Gridlex interviews,Technical,General,You cannot rob houses 1 and 2 together because they are next to each other.,medium,12,7,5.5
gridlex,Gridlex,Campus / Placement,127 real questions from past Gridlex interviews,Technical,General,"nums = [2, 7, 9, 3, 1]",medium,12,7,5.5
gridlex,Gridlex,Campus / Placement,127 real questions from past Gridlex interviews,Technical,General,"Rob house 0 (2), house 2 (9), and house 4 (1). Total = 2 + 9 + 1 = 12.",medium,12,7,5.5
gridlex,Gridlex,Campus / Placement,127 real questions from past Gridlex interviews,Technical,General,"nums = [0, 0, 0, 0]",medium,12,7,5.5
gridlex,Gridlex,Campus / Placement,127 real questions from past Gridlex interviews,Technical,General,All houses contain 0. The best option is to rob none.,medium,12,7,5.5
gridlex,Gridlex,Campus / Placement,127 real questions from past Gridlex interviews,Technical,General,nums = [10],medium,12,7,5.5
gridlex,Gridlex,Campus / Placement,127 real questions from past Gridlex interviews,Technical,General,There is only one house. Rob it.,medium,12,7,5.5
gridlex,Gridlex,Campus / Placement,127 real questions from past Gridlex interviews,Technical,General,"nums = [10, 5, 20, 100, 10, 5]",medium,12,7,5.5
gridlex,Gridlex,Campus / Placement,127 real questions from past Gridlex interviews,Technical,General,"Rob house 0 (10), house 3 (100), and house 5 (5). Total = 10 + 100 + 5 = 115.",medium,12,7,5.5
gridlex,Gridlex,Campus / Placement,127 real questions from past Gridlex interviews,Technical,General,"Note that houses 3 and 4 are adjacent, so we skip house 4.",medium,12,7,5.5
gridlex,Gridlex,Campus / Placement,127 real questions from past Gridlex interviews,Technical,General,"nums = [5, 5, 10, 100, 10, 5]",medium,12,7,5.5
gridlex,Gridlex,Campus / Placement,127 real questions from past Gridlex interviews,Technical,General,"Robhouse1(5), house3(100), andhouse5(5). Total =5+100+5=110.",medium,12,7,5.5
gridlex,Gridlex,Campus / Placement,127 real questions from past Gridlex interviews,Technical,General,Frequency of a character in a string,medium,12,7,5.5
gridlex,Gridlex,Campus / Placement,127 real questions from past Gridlex interviews,Technical,Python,Finding the sum of pairs which are equal to given target or Python: from list of numbers find pair of numbers equal to target,medium,12,7,5.5
gridlex,Gridlex,Campus / Placement,127 real questions from past Gridlex interviews,Aptitude,Logic,Word puzzle (all 8 directions) - Given a 2D matrix and word search the word whether the word is present in matrix or not,medium,12,7,5.5
gridlex,Gridlex,Campus / Placement,127 real questions from past Gridlex interviews,Technical,SQL,SQL,medium,12,7,5.5
gridlex,Gridlex,Campus / Placement,127 real questions from past Gridlex interviews,Technical,General,Find the person in a customer table who didn't place a single order,medium,12,7,5.5
gridlex,Gridlex,Campus / Placement,127 real questions from past Gridlex interviews,Technical,General,Count num of customers per country /city,medium,12,7,5.5
gridlex,Gridlex,Campus / Placement,127 real questions from past Gridlex interviews,Technical,General,Retrive dept name and employee id group by dept from different tables,medium,12,7,5.5
gridlex,Gridlex,Campus / Placement,127 real questions from past Gridlex interviews,Technical,General,from department table and employee table find no.of employees in each department.,medium,12,7,5.5
gridlex,Gridlex,Campus / Placement,127 real questions from past Gridlex interviews,Technical,General,Note: prepare well on joins,medium,12,7,5.5
gridlex,Gridlex,Campus / Placement,127 real questions from past Gridlex interviews,Technical,SQL,Ask to run sql queries ..like get the noof orders from each customer ..,medium,12,7,5.5
gridlex,Gridlex,Campus / Placement,127 real questions from past Gridlex interviews,Technical,General,And asked what recent programming questions u solved what are they solve them,medium,12,7,5.5
gridlex,Gridlex,Campus / Placement,127 real questions from past Gridlex interviews,Technical,SQL,Ask to run sql queries ..like get the no of customers who did not order anything,medium,12,7,5.5
gridlex,Gridlex,Campus / Placement,127 real questions from past Gridlex interviews,Technical,General,And asked what recent programming questions,medium,12,7,5.5
gridlex,Gridlex,Campus / Placement,127 real questions from past Gridlex interviews,Aptitude,Logic,And asked word puzzle question to solve them in different ways.,medium,12,7,5.5
gridlex,Gridlex,Campus / Placement,127 real questions from past Gridlex interviews,Technical,General,finding Second max value after joining the tables,medium,12,7,5.5
gridlex,Gridlex,Campus / Placement,127 real questions from past Gridlex interviews,Technical,SQL,) Another SQL query that needs Joins and Group By,medium,12,7,5.5
gridlex,Gridlex,Campus / Placement,127 real questions from past Gridlex interviews,Technical,Python,Python only Question ( Frequency of alphabets in given string),medium,12,7,5.5
gridlex,Gridlex,Campus / Placement,127 real questions from past Gridlex interviews,HR,SQL,and remaining they asked questions from RESUME and SQL schemas,easy,12,7,5.5
gridlex,Gridlex,Campus / Placement,127 real questions from past Gridlex interviews,Technical,General,Print list in same order and reverse order,medium,12,7,5.5
gridlex,Gridlex,Campus / Placement,127 real questions from past Gridlex interviews,Technical,General,One graph (iland) leetcode medium,medium,12,7,5.5
gridlex,Gridlex,Campus / Placement,127 real questions from past Gridlex interviews,Technical,General,List all the costumers who placed order more than 2 time,medium,12,7,5.5
gridlex,Gridlex,Campus / Placement,127 real questions from past Gridlex interviews,Technical,General,List all the customers who didn't order anything (i did that joins then he asked me to do without join),medium,12,7,5.5
gridlex,Gridlex,Campus / Placement,127 real questions from past Gridlex interviews,Technical,General,He told me to write a query and then he asked me what that query will written and why?,medium,12,7,5.5
gridlex,Gridlex,Campus / Placement,127 real questions from past Gridlex interviews,Technical,General,How joins works,medium,12,7,5.5
gridlex,Gridlex,Campus / Placement,127 real questions from past Gridlex interviews,Technical,General,Then he gave me one scenario of a problem and how you gonna select a model for that,medium,12,7,5.5
gridlex,Gridlex,Campus / Placement,127 real questions from past Gridlex interviews,Technical,APIs,"He asked me about api,fastAPI, restfull api, queues,",medium,12,7,5.5
gridlex,Gridlex,Campus / Placement,127 real questions from past Gridlex interviews,HR,Introduction,And questions from my resume,easy,12,7,5.5
gridlex,Gridlex,Campus / Placement,127 real questions from past Gridlex interviews,Technical,General,"select c.customer_id,c.first_name,c.country,s.status,s.customer from customers c join shippings s on c.customer_id=s.customer where status=""Pending"";",medium,12,7,5.5
gridlex,Gridlex,Campus / Placement,127 real questions from past Gridlex interviews,Technical,General,"select c.customer_id,c.first_name,c.age,c.country,o.item,sum(o.amount) as total_amount,o.customer_id",medium,12,7,5.5
gridlex,Gridlex,Campus / Placement,127 real questions from past Gridlex interviews,Technical,General,from customers c join orders o on c.customer_id=o.customer_id group by o.customer_id,medium,12,7,5.5
gridlex,Gridlex,Campus / Placement,127 real questions from past Gridlex interviews,Technical,General,order by sum(o.amount) desc limit 1 offset 1;,medium,12,7,5.5
gridlex,Gridlex,Campus / Placement,127 real questions from past Gridlex interviews,Technical,General,"select order_id,item,amount,customer_id,dense_rank() over(order by amount desc) as rank from orders;",medium,12,7,5.5
gridlex,Gridlex,Campus / Placement,127 real questions from past Gridlex interviews,Technical,General,select max(amount) from orders where amount<(select max(amount) from orders);,medium,12,7,5.5
gridlex,Gridlex,Campus / Placement,127 real questions from past Gridlex interviews,Technical,General,"select item,sum(amount) from orders group by item having amount>500;",medium,12,7,5.5
gridlex,Gridlex,Campus / Placement,127 real questions from past Gridlex interviews,Technical,Python,two sum problem problem in python and basic programming questions,medium,12,7,5.5
gridlex,Gridlex,Campus / Placement,127 real questions from past Gridlex interviews,Technical,APIs,"Rest api,jwt authentication",medium,12,7,5.5
gridlex,Gridlex,Campus / Placement,127 real questions from past Gridlex interviews,Technical,General,"Inner join,common table expressions",medium,12,7,5.5
gridlex,Gridlex,Campus / Placement,127 real questions from past Gridlex interviews,Technical,General,intro,medium,12,7,5.5
gridlex,Gridlex,Campus / Placement,127 real questions from past Gridlex interviews,Technical,General,about my projects,medium,12,7,5.5
gridlex,Gridlex,Campus / Placement,127 real questions from past Gridlex interviews,Technical,SQL,sql queries,medium,12,7,5.5
gridlex,Gridlex,Campus / Placement,127 real questions from past Gridlex interviews,Technical,General,(A) Finding anomaly in the table,medium,12,7,5.5
gridlex,Gridlex,Campus / Placement,127 real questions from past Gridlex interviews,Technical,General,(B) Who haven't ordered anything,medium,12,7,5.5
gridlex,Gridlex,Campus / Placement,127 real questions from past Gridlex interviews,Technical,General,(C)Ranking based on amount,medium,12,7,5.5
gridlex,Gridlex,Campus / Placement,127 real questions from past Gridlex interviews,Technical,SQL,(D)Write any 5 sql queries that shows your advanced knowledge,medium,12,7,5.5
gridlex,Gridlex,Campus / Placement,127 real questions from past Gridlex interviews,Technical,General,(E) Asked about schema that a restuarant can have,medium,12,7,5.5
gridlex,Gridlex,Campus / Placement,127 real questions from past Gridlex interviews,Technical,Python,python,medium,12,7,5.5
gridlex,Gridlex,Campus / Placement,127 real questions from past Gridlex interviews,Technical,General,(A) Frequency of character in a string write in 3 different ways,medium,12,7,5.5
gridlex,Gridlex,Campus / Placement,127 real questions from past Gridlex interviews,Technical,General,(B)Score of a list i.e if it has even vowels the score would be 2 if odd score would be 1 and adding all those scores of individual values of list,medium,12,7,5.5
gridlex,Gridlex,Campus / Placement,127 real questions from past Gridlex interviews,Technical,General,stored procedures and triggers,medium,12,7,5.5
gridlex,Gridlex,Campus / Placement,127 real questions from past Gridlex interviews,Technical,SQL,sql commands,medium,12,7,5.5
gridlex,Gridlex,Campus / Placement,127 real questions from past Gridlex interviews,Technical,General,8window functions,medium,12,7,5.5
gridlex,Gridlex,Campus / Placement,127 real questions from past Gridlex interviews,Situational,Behavioral,what project of yours you want to pitch,medium,12,7,5.5
gridlex,Gridlex,Campus / Placement,127 real questions from past Gridlex interviews,Technical,General,they asked two sum problem in different ways and if there are three consecutive same characters then they should remove and return the remaining charact,medium,12,7,5.5
gridlex,Gridlex,Campus / Placement,127 real questions from past Gridlex interviews,HR,SQL,they asked about if there are three consecutive same characters then they should remove and return the remaining characters and the word puzzle also. In SQL they asked about joins and window functions and Group by clauses. They asked some of the questions related to whatever you have mentioned in your resume. They are checking proper communication and thought process.,medium,12,7,5.5
gridlex,Gridlex,Campus / Placement,127 real questions from past Gridlex interviews,Technical,General,"Input: ""aabbbacd""",medium,12,7,5.5
gridlex,Gridlex,Campus / Placement,127 real questions from past Gridlex interviews,Technical,General,"Output: ""cd""",medium,12,7,5.5
gridlex,Gridlex,Campus / Placement,127 real questions from past Gridlex interviews,Technical,General,two sum,medium,12,7,5.5
gridlex,Gridlex,Campus / Placement,127 real questions from past Gridlex interviews,Technical,General,same as the two sum question they slightly changed and told me to find difference,medium,12,7,5.5
gridlex,Gridlex,Campus / Placement,127 real questions from past Gridlex interviews,Technical,General,He changes the inputs with negative elements,medium,12,7,5.5
gridlex,Gridlex,Campus / Placement,127 real questions from past Gridlex interviews,Technical,General,Self introduction,medium,12,7,5.5
gridlex,Gridlex,Campus / Placement,127 real questions from past Gridlex interviews,Technical,SQL,he asked me to rank my level in sql,medium,12,7,5.5
gridlex,Gridlex,Campus / Placement,127 real questions from past Gridlex interviews,Technical,SQL,he gave me one question in sql: find the 2nd highest customer who ordered the most,medium,12,7,5.5
gridlex,Gridlex,Campus / Placement,127 real questions from past Gridlex interviews,HR,Introduction,he asked me about all the questions from my resume only,easy,12,7,5.5
gridlex,Gridlex,Campus / Placement,127 real questions from past Gridlex interviews,Technical,Cloud,he told me to show the backend where I deploy my projects on AWS,medium,12,7,5.5
gridlex,Gridlex,Campus / Placement,127 real questions from past Gridlex interviews,HR,Introduction,And there are a lot of questions he asked from my resume only,easy,12,7,5.5
gridlex,Gridlex,Campus / Placement,127 real questions from past Gridlex interviews,HR,Introduction,tell me about yourself,easy,12,7,5.5
gridlex,Gridlex,Campus / Placement,127 real questions from past Gridlex interviews,HR,Introduction,where do you see yourself in the next 5 years,easy,12,7,5.5
gridlex,Gridlex,Campus / Placement,127 real questions from past Gridlex interviews,Technical,General,all the hr questions that we know,medium,12,7,5.5
gridlex,Gridlex,Campus / Placement,127 real questions from past Gridlex interviews,Technical,General,remove three,medium,12,7,5.5
gridlex,Gridlex,Campus / Placement,127 real questions from past Gridlex interviews,Technical,General,consecutive same characters,medium,12,7,5.5
gridlex,Gridlex,Campus / Placement,127 real questions from past Gridlex interviews,Technical,General,Remove All identical characters which appear 3+ times continuously in a given string,medium,12,7,5.5
gridlex,Gridlex,Campus / Placement,127 real questions from past Gridlex interviews,Technical,Python,he asked me to rank my level in sql & python,medium,12,7,5.5
gridlex,Gridlex,Campus / Placement,127 real questions from past Gridlex interviews,Situational,Behavioral,explain flow the project step by step,medium,12,7,5.5
gridlex,Gridlex,Campus / Placement,127 real questions from past Gridlex interviews,Technical,General,asked more queries on window functions,medium,12,7,5.5
gridlex,Gridlex,Campus / Placement,127 real questions from past Gridlex interviews,Technical,Python,1st person just asked normal basis of python and sql like,medium,12,7,5.5
gridlex,Gridlex,Campus / Placement,127 real questions from past Gridlex interviews,Technical,Python,"In python:defining the functions,accessing values using indexing,loop concepts,",medium,12,7,5.5
gridlex,Gridlex,Campus / Placement,127 real questions from past Gridlex interviews,Technical,SQL,"In Sql:asked abt joins and asked for implementation of joints am it's types,asked for printing the particular rows,and very basic Sql",medium,12,7,5.5
gridlex,Gridlex,Campus / Placement,127 real questions from past Gridlex interviews,Technical,General,1st DSA)Validation of parenthesis,medium,12,7,5.5
gridlex,Gridlex,Campus / Placement,127 real questions from past Gridlex interviews,Technical,General,2nd DSA) in the string remove the characters which are occurring more then 3 times,medium,12,7,5.5
gridlex,Gridlex,Campus / Placement,127 real questions from past Gridlex interviews,Technical,General,"Asked abt self intro,projects I have done,abt My dream company.",medium,12,7,5.5
growth-link,Growth link,Campus / Placement,7 real questions from past Growth link interviews,Technical,General,self intro,medium,8,7,5.5
growth-link,Growth link,Campus / Placement,7 real questions from past Growth link interviews,Technical,HTML/CSS,box model in css,medium,8,7,5.5
growth-link,Growth link,Campus / Placement,7 real questions from past Growth link interviews,Technical,General,class components vs function,medium,8,7,5.5
growth-link,Growth link,Campus / Placement,7 real questions from past Growth link interviews,Technical,General,components,medium,8,7,5.5
growth-link,Growth link,Campus / Placement,7 real questions from past Growth link interviews,Technical,General,how doyou optimize perfect,hard,8,7,5.5
growth-link,Growth link,Campus / Placement,7 real questions from past Growth link interviews,Technical,React,react application,medium,8,7,5.5
growth-link,Growth link,Campus / Placement,7 real questions from past Growth link interviews,Situational,Behavioral,project explanation,medium,8,7,5.5
hall-mark,Hall mark,Campus / Placement,21 real questions from past Hall mark interviews,Technical,General,Abstraction,medium,8,7,5.5
hall-mark,Hall mark,Campus / Placement,21 real questions from past Hall mark interviews,Technical,General,Inheritance,medium,8,7,5.5
hall-mark,Hall mark,Campus / Placement,21 real questions from past Hall mark interviews,Situational,Behavioral,Project related questions,medium,8,7,5.5
hall-mark,Hall mark,Campus / Placement,21 real questions from past Hall mark interviews,Technical,General,What is Firebase ?,medium,8,7,5.5
hall-mark,Hall mark,Campus / Placement,21 real questions from past Hall mark interviews,Technical,Java,Why you choose java?,medium,8,7,5.5
hall-mark,Hall mark,Campus / Placement,21 real questions from past Hall mark interviews,Technical,SQL,Difference between stored processure & functions in mysql ?,medium,8,7,5.5
hall-mark,Hall mark,Campus / Placement,21 real questions from past Hall mark interviews,Technical,General,Authentication and authorization,medium,8,7,5.5
hall-mark,Hall mark,Campus / Placement,21 real questions from past Hall mark interviews,Technical,General,Difference between Abstract class and interface?,medium,8,7,5.5
hall-mark,Hall mark,Campus / Placement,21 real questions from past Hall mark interviews,Technical,General,How you handle exceptions?,medium,8,7,5.5
hall-mark,Hall mark,Campus / Placement,21 real questions from past Hall mark interviews,Technical,General,Reverse a number code,medium,8,7,5.5
hall-mark,Hall mark,Campus / Placement,21 real questions from past Hall mark interviews,Technical,Python,Python,medium,8,7,5.5
hall-mark,Hall mark,Campus / Placement,21 real questions from past Hall mark interviews,Technical,General,What is abstraction?,medium,8,7,5.5
hall-mark,Hall mark,Campus / Placement,21 real questions from past Hall mark interviews,Technical,General,Difference between void and static void?,medium,8,7,5.5
hall-mark,Hall mark,Campus / Placement,21 real questions from past Hall mark interviews,Technical,General,Can we write table inside div and viceversa?,medium,8,7,5.5
hall-mark,Hall mark,Campus / Placement,21 real questions from past Hall mark interviews,Technical,Java,How to get html from JavaScript?,medium,8,7,5.5
hall-mark,Hall mark,Campus / Placement,21 real questions from past Hall mark interviews,Technical,General,Why we use form tag?,medium,8,7,5.5
hall-mark,Hall mark,Campus / Placement,21 real questions from past Hall mark interviews,Technical,General,Self introduction,medium,8,7,5.5
hall-mark,Hall mark,Campus / Placement,21 real questions from past Hall mark interviews,Technical,SQL,Sql query to find second max salary,medium,8,7,5.5
hall-mark,Hall mark,Campus / Placement,21 real questions from past Hall mark interviews,Technical,HTML/CSS,About css,medium,8,7,5.5
hall-mark,Hall mark,Campus / Placement,21 real questions from past Hall mark interviews,Technical,DSA,Algorithm linear search and binary search,medium,8,7,5.5
hall-mark,Hall mark,Campus / Placement,21 real questions from past Hall mark interviews,Technical,General,About c#,medium,8,7,5.5
harshavardhan,HARSHAVARDHAN,Campus / Placement,35 real questions from past HARSHAVARDHAN interviews,Technical,General,express.json is built-in,medium,8,7,5.5
harshavardhan,HARSHAVARDHAN,Campus / Placement,35 real questions from past HARSHAVARDHAN interviews,Technical,General,What is the purpose of the Buffer class?,medium,8,7,5.5
harshavardhan,HARSHAVARDHAN,Campus / Placement,35 real questions from past HARSHAVARDHAN interviews,Technical,General,working with images,medium,8,7,5.5
harshavardhan,HARSHAVARDHAN,Campus / Placement,35 real questions from past HARSHAVARDHAN interviews,Technical,General,creating HTTP requests,medium,8,7,5.5
harshavardhan,HARSHAVARDHAN,Campus / Placement,35 real questions from past HARSHAVARDHAN interviews,Technical,General,Choose the correct spelling:,medium,8,7,5.5
harshavardhan,HARSHAVARDHAN,Campus / Placement,35 real questions from past HARSHAVARDHAN interviews,Technical,General,"None of the above (Correct answer is ""Receive"")",medium,8,7,5.5
harshavardhan,HARSHAVARDHAN,Campus / Placement,35 real questions from past HARSHAVARDHAN interviews,Technical,Node.js,Which of these describes Node.js?,medium,8,7,5.5
harshavardhan,HARSHAVARDHAN,Campus / Placement,35 real questions from past HARSHAVARDHAN interviews,Technical,General,synchronous by default,medium,8,7,5.5
harshavardhan,HARSHAVARDHAN,Campus / Placement,35 real questions from past HARSHAVARDHAN interviews,Technical,General,requires JVM,medium,8,7,5.5
harshavardhan,HARSHAVARDHAN,Campus / Placement,35 real questions from past HARSHAVARDHAN interviews,Technical,OOP,single-threaded with event loop,medium,8,7,5.5
harshavardhan,HARSHAVARDHAN,Campus / Placement,35 real questions from past HARSHAVARDHAN interviews,Technical,General,Which directive is used to conditionally display elements?,medium,8,7,5.5
harshavardhan,HARSHAVARDHAN,Campus / Placement,35 real questions from past HARSHAVARDHAN interviews,Technical,Angular,Which of the following is a valid Angular CLI command to create a new component?,medium,8,7,5.5
harshavardhan,HARSHAVARDHAN,Campus / Placement,35 real questions from past HARSHAVARDHAN interviews,Technical,General,ng build component,medium,8,7,5.5
harshavardhan,HARSHAVARDHAN,Campus / Placement,35 real questions from past HARSHAVARDHAN interviews,Technical,General,ng create component,medium,8,7,5.5
harshavardhan,HARSHAVARDHAN,Campus / Placement,35 real questions from past HARSHAVARDHAN interviews,Technical,General,ng new component,medium,8,7,5.5
harshavardhan,HARSHAVARDHAN,Campus / Placement,35 real questions from past HARSHAVARDHAN interviews,Technical,General,ng generate component,medium,8,7,5.5
harshavardhan,HARSHAVARDHAN,Campus / Placement,35 real questions from past HARSHAVARDHAN interviews,Technical,General,What happens if you call a state setter twice in a row synchronously?,medium,8,7,5.5
harshavardhan,HARSHAVARDHAN,Campus / Placement,35 real questions from past HARSHAVARDHAN interviews,Technical,General,throws error,medium,8,7,5.5
harshavardhan,HARSHAVARDHAN,Campus / Placement,35 real questions from past HARSHAVARDHAN interviews,Technical,General,only the last one is kept,medium,8,7,5.5
harshavardhan,HARSHAVARDHAN,Campus / Placement,35 real questions from past HARSHAVARDHAN interviews,Technical,React,React batches and may override,medium,8,7,5.5
harshavardhan,HARSHAVARDHAN,Campus / Placement,35 real questions from past HARSHAVARDHAN interviews,Technical,General,both calls merge,medium,8,7,5.5
harshavardhan,HARSHAVARDHAN,Campus / Placement,35 real questions from past HARSHAVARDHAN interviews,Technical,General,Which method matches all HTTP methods in Express?,medium,8,7,5.5
harshavardhan,HARSHAVARDHAN,Campus / Placement,35 real questions from past HARSHAVARDHAN interviews,Technical,General,What is the first argument of a reduce function?,medium,8,7,5.5
harshavardhan,HARSHAVARDHAN,Campus / Placement,35 real questions from past HARSHAVARDHAN interviews,Technical,General,the current value,medium,8,7,5.5
harshavardhan,HARSHAVARDHAN,Campus / Placement,35 real questions from past HARSHAVARDHAN interviews,Technical,General,the accumulator,medium,8,7,5.5
harshavardhan,HARSHAVARDHAN,Campus / Placement,35 real questions from past HARSHAVARDHAN interviews,Technical,General,the array itself,medium,8,7,5.5
harshavardhan,HARSHAVARDHAN,Campus / Placement,35 real questions from past HARSHAVARDHAN interviews,Technical,General,the current index,medium,8,7,5.5
harshavardhan,HARSHAVARDHAN,Campus / Placement,35 real questions from past HARSHAVARDHAN interviews,Technical,General,Which of these best describes Redux state?,medium,8,7,5.5
harshavardhan,HARSHAVARDHAN,Campus / Placement,35 real questions from past HARSHAVARDHAN interviews,Technical,General,loosely coupled,medium,8,7,5.5
harshavardhan,HARSHAVARDHAN,Campus / Placement,35 real questions from past HARSHAVARDHAN interviews,Technical,General,Which is true about require()?,medium,8,7,5.5
harshavardhan,HARSHAVARDHAN,Campus / Placement,35 real questions from past HARSHAVARDHAN interviews,Technical,General,supports JSON,medium,8,7,5.5
harshavardhan,HARSHAVARDHAN,Campus / Placement,35 real questions from past HARSHAVARDHAN interviews,Technical,General,returns a promise,medium,8,7,5.5
harshavardhan,HARSHAVARDHAN,Campus / Placement,35 real questions from past HARSHAVARDHAN interviews,Technical,General,supports ES modules,medium,8,7,5.5
harshavardhan,HARSHAVARDHAN,Campus / Placement,35 real questions from past HARSHAVARDHAN interviews,Technical,HTML/CSS,can load CSS,medium,8,7,5.5
harshavardhan,HARSHAVARDHAN,Campus / Placement,35 real questions from past HARSHAVARDHAN interviews,Technical,General,"Self-intro, Famiy background, why you choose Internhip, have you searched about company, excel scenario",medium,8,7,5.5
hope-net,Hope net,Campus / Placement,17 real questions from past Hope net interviews,Situational,Behavioral,Project explanation,medium,8,7,5.5
hope-net,Hope net,Campus / Placement,17 real questions from past Hope net interviews,Technical,General,How much time do you take to build 5 static page (home),medium,8,7,5.5
hope-net,Hope net,Campus / Placement,17 real questions from past Hope net interviews,Technical,General,Do you have knowledge on next.js,medium,8,7,5.5
hope-net,Hope net,Campus / Placement,17 real questions from past Hope net interviews,HR,Introduction,Tell me about yourself,easy,8,7,5.5
hope-net,Hope net,Campus / Placement,17 real questions from past Hope net interviews,Technical,General,What are the languages you are familiar with?,medium,8,7,5.5
hope-net,Hope net,Campus / Placement,17 real questions from past Hope net interviews,Technical,Python,Do you have expereience in python?,medium,8,7,5.5
hope-net,Hope net,Campus / Placement,17 real questions from past Hope net interviews,HR,Python,What's your biggest strength python or react?,easy,8,7,5.5
hope-net,Hope net,Campus / Placement,17 real questions from past Hope net interviews,Technical,Git,Are you aware of github?,medium,8,7,5.5
hope-net,Hope net,Campus / Placement,17 real questions from past Hope net interviews,Situational,Behavioral,Explain about your project?,medium,8,7,5.5
hope-net,Hope net,Campus / Placement,17 real questions from past Hope net interviews,Technical,General,Are you familiar with the Django framework? will you learn Django?,medium,8,7,5.5
hope-net,Hope net,Campus / Placement,17 real questions from past Hope net interviews,Technical,APIs,How do u handle apis,medium,8,7,5.5
hope-net,Hope net,Campus / Placement,17 real questions from past Hope net interviews,Technical,General,What ui libraries did i use,medium,8,7,5.5
hope-net,Hope net,Campus / Placement,17 real questions from past Hope net interviews,Technical,General,How do u use middleware,medium,8,7,5.5
hope-net,Hope net,Campus / Placement,17 real questions from past Hope net interviews,Technical,General,How do u integrate login logout,medium,8,7,5.5
hope-net,Hope net,Campus / Placement,17 real questions from past Hope net interviews,Technical,General,what is MVT architecture,hard,8,7,5.5
hope-net,Hope net,Campus / Placement,17 real questions from past Hope net interviews,Technical,General,Difference b/w View and Template,medium,8,7,5.5
hope-net,Hope net,Campus / Placement,17 real questions from past Hope net interviews,Technical,General,modules in Django folder structure,medium,8,7,5.5
intellentech,Intellentech,Campus / Placement,148 real questions from past Intellentech interviews,Situational,Behavioral,"Questions on project,what things u used in this project?",medium,12,7,5.5
intellentech,Intellentech,Campus / Placement,148 real questions from past Intellentech interviews,Technical,General,How do u deployed,medium,12,7,5.5
intellentech,Intellentech,Campus / Placement,148 real questions from past Intellentech interviews,Technical,General,To see the u I and other thing’s,medium,12,7,5.5
intellentech,Intellentech,Campus / Placement,148 real questions from past Intellentech interviews,Technical,React,At the same time questions on react and backend,medium,12,7,5.5
intellentech,Intellentech,Campus / Placement,148 real questions from past Intellentech interviews,Technical,Git,codeft digitals,medium,12,7,5.5
intellentech,Intellentech,Campus / Placement,148 real questions from past Intellentech interviews,Technical,General,self intro,medium,12,7,5.5
intellentech,Intellentech,Campus / Placement,148 real questions from past Intellentech interviews,Technical,General,class and object,medium,12,7,5.5
intellentech,Intellentech,Campus / Placement,148 real questions from past Intellentech interviews,Technical,React,How do u inject dependencies in react,medium,12,7,5.5
intellentech,Intellentech,Campus / Placement,148 real questions from past Intellentech interviews,Technical,General,How do u define models,medium,12,7,5.5
intellentech,Intellentech,Campus / Placement,148 real questions from past Intellentech interviews,Situational,Behavioral,Questions on deployment -how do u build relationships (project related),medium,12,7,5.5
intellentech,Intellentech,Campus / Placement,148 real questions from past Intellentech interviews,Technical,React,why react,medium,12,7,5.5
intellentech,Intellentech,Campus / Placement,148 real questions from past Intellentech interviews,Technical,General,SPA and routers and babel questions,medium,12,7,5.5
intellentech,Intellentech,Campus / Placement,148 real questions from past Intellentech interviews,Technical,General,task scenario questions,medium,12,7,5.5
intellentech,Intellentech,Campus / Placement,148 real questions from past Intellentech interviews,Technical,General,Questions about Projects what we have done,medium,12,7,5.5
intellentech,Intellentech,Campus / Placement,148 real questions from past Intellentech interviews,Technical,React,Explain react hooks,medium,12,7,5.5
intellentech,Intellentech,Campus / Placement,148 real questions from past Intellentech interviews,Technical,General,what is custom hooks,medium,12,7,5.5
intellentech,Intellentech,Campus / Placement,148 real questions from past Intellentech interviews,Technical,General,what is CORS? Why we use it?,medium,12,7,5.5
intellentech,Intellentech,Campus / Placement,148 real questions from past Intellentech interviews,Technical,General,Explain JWT?,medium,12,7,5.5
intellentech,Intellentech,Campus / Placement,148 real questions from past Intellentech interviews,Technical,General,Projects and explanation UI as well,medium,12,7,5.5
intellentech,Intellentech,Campus / Placement,148 real questions from past Intellentech interviews,Technical,General,Majorly projects UI chusthunnaru and Functionalities,medium,12,7,5.5
intellentech,Intellentech,Campus / Placement,148 real questions from past Intellentech interviews,Technical,General,with self intro,medium,12,7,5.5
intellentech,Intellentech,Campus / Placement,148 real questions from past Intellentech interviews,Situational,Behavioral,about project,medium,12,7,5.5
intellentech,Intellentech,Campus / Placement,148 real questions from past Intellentech interviews,Situational,Behavioral,project explanation,medium,12,7,5.5
intellentech,Intellentech,Campus / Placement,148 real questions from past Intellentech interviews,Situational,Behavioral,project review,medium,12,7,5.5
intellentech,Intellentech,Campus / Placement,148 real questions from past Intellentech interviews,Technical,General,about hooks,medium,12,7,5.5
intellentech,Intellentech,Campus / Placement,148 real questions from past Intellentech interviews,Technical,General,about responsiveness,medium,12,7,5.5
intellentech,Intellentech,Campus / Placement,148 real questions from past Intellentech interviews,Technical,General,diff between class and class components…?,medium,12,7,5.5
intellentech,Intellentech,Campus / Placement,148 real questions from past Intellentech interviews,Technical,General,jwt token..?,medium,12,7,5.5
intellentech,Intellentech,Campus / Placement,148 real questions from past Intellentech interviews,Technical,General,functional component…?,medium,12,7,5.5
intellentech,Intellentech,Campus / Placement,148 real questions from past Intellentech interviews,Technical,General,About response in website…?,medium,12,7,5.5
intellentech,Intellentech,Campus / Placement,148 real questions from past Intellentech interviews,Situational,Behavioral,based on project questions…?,medium,12,7,5.5
intellentech,Intellentech,Campus / Placement,148 real questions from past Intellentech interviews,Technical,General,civic center,medium,12,7,5.5
intellentech,Intellentech,Campus / Placement,148 real questions from past Intellentech interviews,Technical,General,some Basics questions on resumes,medium,12,7,5.5
intellentech,Intellentech,Campus / Placement,148 real questions from past Intellentech interviews,Technical,General,https://www.havenark.in/?utm_source=chatgpt.com -frontend &backend task,medium,12,7,5.5
intellentech,Intellentech,Campus / Placement,148 real questions from past Intellentech interviews,Situational,Behavioral,Project explantion,medium,12,7,5.5
intellentech,Intellentech,Campus / Placement,148 real questions from past Intellentech interviews,Technical,React,React,medium,12,7,5.5
intellentech,Intellentech,Campus / Placement,148 real questions from past Intellentech interviews,Technical,APIs,How to implement the swagger apis,hard,12,7,5.5
intellentech,Intellentech,Campus / Placement,148 real questions from past Intellentech interviews,Situational,Behavioral,Project related questions like why we can use this way,medium,12,7,5.5
intellentech,Intellentech,Campus / Placement,148 real questions from past Intellentech interviews,Technical,General,Is there another way is possible,medium,12,7,5.5
intellentech,Intellentech,Campus / Placement,148 real questions from past Intellentech interviews,Technical,General,Express rate limit is third part of library,medium,12,7,5.5
intellentech,Intellentech,Campus / Placement,148 real questions from past Intellentech interviews,Technical,General,How to reduce loading issues,medium,12,7,5.5
intellentech,Intellentech,Campus / Placement,148 real questions from past Intellentech interviews,Situational,Behavioral,they are asking about assginment project and my major project aswell,medium,12,7,5.5
intellentech,Intellentech,Campus / Placement,148 real questions from past Intellentech interviews,Situational,Behavioral,some of the questions related what i faced the challenges during project,medium,12,7,5.5
intellentech,Intellentech,Campus / Placement,148 real questions from past Intellentech interviews,Technical,General,they gave a task aswell modify the code according to they said,medium,12,7,5.5
intellentech,Intellentech,Campus / Placement,148 real questions from past Intellentech interviews,Situational,Behavioral,Ask to explain what the project is,medium,12,7,5.5
intellentech,Intellentech,Campus / Placement,148 real questions from past Intellentech interviews,Situational,Behavioral,Explain what you implemented in the project,medium,12,7,5.5
intellentech,Intellentech,Campus / Placement,148 real questions from past Intellentech interviews,Aptitude,Logic,How much percentage of AI did you use to do the project,medium,12,7,5.5
intellentech,Intellentech,Campus / Placement,148 real questions from past Intellentech interviews,Technical,General,Explain the coding part of backend and frontend,medium,12,7,5.5
intellentech,Intellentech,Campus / Placement,148 real questions from past Intellentech interviews,Technical,General,Show where you used the AI in your code,medium,12,7,5.5
intellentech,Intellentech,Campus / Placement,148 real questions from past Intellentech interviews,Situational,Behavioral,Total project view and related questions,medium,12,7,5.5
intellentech,Intellentech,Campus / Placement,148 real questions from past Intellentech interviews,Technical,React,What is react,medium,12,7,5.5
intellentech,Intellentech,Campus / Placement,148 real questions from past Intellentech interviews,Technical,General,types of hooks,medium,12,7,5.5
intellentech,Intellentech,Campus / Placement,148 real questions from past Intellentech interviews,Technical,General,types of Components,medium,12,7,5.5
intellentech,Intellentech,Campus / Placement,148 real questions from past Intellentech interviews,Technical,General,what is the use of hooks,medium,12,7,5.5
intellentech,Intellentech,Campus / Placement,148 real questions from past Intellentech interviews,Technical,General,custom hooks,medium,12,7,5.5
intellentech,Intellentech,Campus / Placement,148 real questions from past Intellentech interviews,Technical,General,middleware and cors,medium,12,7,5.5
intellentech,Intellentech,Campus / Placement,148 real questions from past Intellentech interviews,Situational,Behavioral,They asked project-related questions like:,medium,12,7,5.5
intellentech,Intellentech,Campus / Placement,148 real questions from past Intellentech interviews,Technical,General,What did you do?,medium,12,7,5.5
intellentech,Intellentech,Campus / Placement,148 real questions from past Intellentech interviews,Technical,General,How did you do it?,medium,12,7,5.5
intellentech,Intellentech,Campus / Placement,148 real questions from past Intellentech interviews,Technical,General,Did you build it on your own or with the help of AI's?,medium,12,7,5.5
intellentech,Intellentech,Campus / Placement,148 real questions from past Intellentech interviews,Aptitude,Logic,What percentage of AI did you use in building this project?,medium,12,7,5.5
intellentech,Intellentech,Campus / Placement,148 real questions from past Intellentech interviews,Situational,Behavioral,Is your project responsive? How did you make it responsive?,medium,12,7,5.5
intellentech,Intellentech,Campus / Placement,148 real questions from past Intellentech interviews,Technical,General,"What is the difference between var, let, and const?",medium,12,7,5.5
intellentech,Intellentech,Campus / Placement,148 real questions from past Intellentech interviews,Technical,General,What is SSR and CSR?,medium,12,7,5.5
intellentech,Intellentech,Campus / Placement,148 real questions from past Intellentech interviews,Technical,React,What are the types of React components?,medium,12,7,5.5
intellentech,Intellentech,Campus / Placement,148 real questions from past Intellentech interviews,Technical,React,What are the types of hooks in React?,medium,12,7,5.5
intellentech,Intellentech,Campus / Placement,148 real questions from past Intellentech interviews,Technical,General,What is scoping?,medium,12,7,5.5
intellentech,Intellentech,Campus / Placement,148 real questions from past Intellentech interviews,Technical,Node.js,What is Node.js?,medium,12,7,5.5
intellentech,Intellentech,Campus / Placement,148 real questions from past Intellentech interviews,Technical,General,What are HTTP methods and status code?,medium,12,7,5.5
intellentech,Intellentech,Campus / Placement,148 real questions from past Intellentech interviews,Technical,APIs,How do you call an API?,medium,12,7,5.5
intellentech,Intellentech,Campus / Placement,148 real questions from past Intellentech interviews,Technical,General,How do you rate yourself in frontend and backend?,medium,12,7,5.5
intellentech,Intellentech,Campus / Placement,148 real questions from past Intellentech interviews,Aptitude,Logic,What percentage of AI tools were used while building this project?,medium,12,7,5.5
intellentech,Intellentech,Campus / Placement,148 real questions from past Intellentech interviews,Situational,Behavioral,Which specific parts of the project were developed using AI tools?,medium,12,7,5.5
intellentech,Intellentech,Campus / Placement,148 real questions from past Intellentech interviews,Technical,General,"What is Flexbox, and why is it used in web development?",medium,12,7,5.5
intellentech,Intellentech,Campus / Placement,148 real questions from past Intellentech interviews,Technical,HTML/CSS,"What is Tailwind CSS, and what are its advantages?",medium,12,7,5.5
intellentech,Intellentech,Campus / Placement,148 real questions from past Intellentech interviews,Technical,General,Can you modify the existing code according to the requirements?,medium,12,7,5.5
intellentech,Intellentech,Campus / Placement,148 real questions from past Intellentech interviews,Situational,Behavioral,Can you explain the project in detail?,medium,12,7,5.5
intellentech,Intellentech,Campus / Placement,148 real questions from past Intellentech interviews,Situational,Behavioral,Can you explain the complete project flow step by step?,medium,12,7,5.5
intellentech,Intellentech,Campus / Placement,148 real questions from past Intellentech interviews,Technical,General,Explain the assignment what you can understand ?,medium,12,7,5.5
intellentech,Intellentech,Campus / Placement,148 real questions from past Intellentech interviews,Technical,General,Explain the flow of assignment ?,medium,12,7,5.5
intellentech,Intellentech,Campus / Placement,148 real questions from past Intellentech interviews,Technical,General,Ask functionality of code ?,medium,12,7,5.5
intellentech,Intellentech,Campus / Placement,148 real questions from past Intellentech interviews,Technical,General,Questions about assignment ?,medium,12,7,5.5
intellentech,Intellentech,Campus / Placement,148 real questions from past Intellentech interviews,Aptitude,Logic,"He asked me to explain the assignment , functionality and checks the ui , changes in existing code , application flow , are you good at frontend or backend , what percentage of ai you used in this application, and which part , print prime no's from 1 to 10",medium,12,7,5.5
intellentech,Intellentech,Campus / Placement,148 real questions from past Intellentech interviews,Technical,General,code working adigaaru,medium,12,7,5.5
intellentech,Intellentech,Campus / Placement,148 real questions from past Intellentech interviews,Technical,APIs,each api eala work aithundhi ani,medium,12,7,5.5
intellentech,Intellentech,Campus / Placement,148 real questions from past Intellentech interviews,Technical,APIs,tharvatha code lo konnichotla explain cheyamannaru following with API working,medium,12,7,5.5
intellentech,Intellentech,Campus / Placement,148 real questions from past Intellentech interviews,Technical,General,No sequel vacha ani adigaaru,medium,12,7,5.5
intellentech,Intellentech,Campus / Placement,148 real questions from past Intellentech interviews,Technical,SQL,Different between MySQL and mango DB adigaaru,medium,12,7,5.5
intellentech,Intellentech,Campus / Placement,148 real questions from past Intellentech interviews,Situational,Behavioral,ee project ki inka eam add cheyochu ani adigaaru,medium,12,7,5.5
intellentech,Intellentech,Campus / Placement,148 real questions from past Intellentech interviews,Technical,General,oka problem solving adigaaru,medium,12,7,5.5
intellentech,Intellentech,Campus / Placement,148 real questions from past Intellentech interviews,Technical,General,"All questions Related to projects, package, npm, npx, cors,",medium,12,7,5.5
intellentech,Intellentech,Campus / Placement,148 real questions from past Intellentech interviews,Situational,React,"Mongodb vs SQL, 2. reactjs, nextjs, 3. what is the purpose of middleware, 4. what is cors, 5. Explain folder structure backend/frontend 6. .env file, 7.what is the use of secret api key, 8. npm vs npx, 9. how can we generate email notifications, 10. explain generally how can we generate the token, 11. how can we store the password in backend, 12. can we store image directly in backend. 13. How we can set the cookie 14. Explain your project on display",medium,12,7,5.5
intellentech,Intellentech,Campus / Placement,148 real questions from past Intellentech interviews,Technical,ML/AI,Ai and mL deep algorithms,medium,12,7,5.5
intellentech,Intellentech,Campus / Placement,148 real questions from past Intellentech interviews,Technical,ML/AI,machine learning models all in supervised and Unsupervised,medium,12,7,5.5
intellentech,Intellentech,Campus / Placement,148 real questions from past Intellentech interviews,Technical,General,"Excel(V,H,Xlookups)",medium,12,7,5.5
intellentech,Intellentech,Campus / Placement,148 real questions from past Intellentech interviews,Technical,General,"Precision call,Gredinat Boost",medium,12,7,5.5
intellentech,Intellentech,Campus / Placement,148 real questions from past Intellentech interviews,Technical,ML/AI,"Normalization, Regularization, Hyper parameters, End-to-End pipeline Machine Learning",medium,12,7,5.5
intellentech,Intellentech,Campus / Placement,148 real questions from past Intellentech interviews,Technical,General,That's good mam they mostly asked about projects,medium,12,7,5.5
intellentech,Intellentech,Campus / Placement,148 real questions from past Intellentech interviews,Situational,Behavioral,About projects and features we implemented and also asked to run the project and asked about the particular feature we implemented to show the code of it,medium,12,7,5.5
intellentech,Intellentech,Campus / Placement,148 real questions from past Intellentech interviews,Technical,General,"Self introduction,",medium,12,7,5.5
intellentech,Intellentech,Campus / Placement,148 real questions from past Intellentech interviews,Situational,Behavioral,Project explain,medium,12,7,5.5
intellentech,Intellentech,Campus / Placement,148 real questions from past Intellentech interviews,Situational,Behavioral,Ask to run the project,medium,12,7,5.5
intellentech,Intellentech,Campus / Placement,148 real questions from past Intellentech interviews,Technical,General,"What is authentication,",medium,12,7,5.5
intellentech,Intellentech,Campus / Placement,148 real questions from past Intellentech interviews,Technical,General,How do you store the images,medium,12,7,5.5
intellentech,Intellentech,Campus / Placement,148 real questions from past Intellentech interviews,Technical,General,What are type of components,medium,12,7,5.5
intellentech,Intellentech,Campus / Placement,148 real questions from past Intellentech interviews,Technical,React,What are react hooks,medium,12,7,5.5
intellentech,Intellentech,Campus / Placement,148 real questions from past Intellentech interviews,Technical,React,What is usememo and react.memo,medium,12,7,5.5
intellentech,Intellentech,Campus / Placement,148 real questions from past Intellentech interviews,HR,Introduction,Tell me about yourself,easy,12,7,5.5
intellentech,Intellentech,Campus / Placement,148 real questions from past Intellentech interviews,Situational,Behavioral,run the project,medium,12,7,5.5
intellentech,Intellentech,Campus / Placement,148 real questions from past Intellentech interviews,Technical,General,what is next.js,medium,12,7,5.5
intellentech,Intellentech,Campus / Placement,148 real questions from past Intellentech interviews,Technical,General,why you choose next.js,medium,12,7,5.5
intellentech,Intellentech,Campus / Placement,148 real questions from past Intellentech interviews,Technical,HTML/CSS,which CSS is used,medium,12,7,5.5
intellentech,Intellentech,Campus / Placement,148 real questions from past Intellentech interviews,Technical,General,what is useMemo,medium,12,7,5.5
intellentech,Intellentech,Campus / Placement,148 real questions from past Intellentech interviews,Technical,General,what is use callback,medium,12,7,5.5
intellentech,Intellentech,Campus / Placement,148 real questions from past Intellentech interviews,Technical,General,what is useReduce,medium,12,7,5.5
intellentech,Intellentech,Campus / Placement,148 real questions from past Intellentech interviews,Technical,General,Asked to run the projects,medium,12,7,5.5
intellentech,Intellentech,Campus / Placement,148 real questions from past Intellentech interviews,Technical,General,Intro,medium,12,7,5.5
intellentech,Intellentech,Campus / Placement,148 real questions from past Intellentech interviews,Situational,Behavioral,Nka motham project code explanation,medium,12,7,5.5
intellentech,Intellentech,Campus / Placement,148 real questions from past Intellentech interviews,Technical,General,Authentication and authorisation,medium,12,7,5.5
intellentech,Intellentech,Campus / Placement,148 real questions from past Intellentech interviews,Technical,General,What is Jwt and how it will work,medium,12,7,5.5
intellentech,Intellentech,Campus / Placement,148 real questions from past Intellentech interviews,Situational,Behavioral,Which Db used in your Project,medium,12,7,5.5
intellentech,Intellentech,Campus / Placement,148 real questions from past Intellentech interviews,Technical,SQL,Diff b/w Sql and MongoBD,medium,12,7,5.5
intellentech,Intellentech,Campus / Placement,148 real questions from past Intellentech interviews,Technical,General,About Wordpress and lookerStudio,medium,12,7,5.5
intellentech,Intellentech,Campus / Placement,148 real questions from past Intellentech interviews,Situational,Behavioral,Lastly asked to run the Project but my project not worked at that time and asked questions on code,medium,12,7,5.5
intellentech,Intellentech,Campus / Placement,148 real questions from past Intellentech interviews,Situational,Behavioral,They Mainly focusing on project,medium,12,7,5.5
intellentech,Intellentech,Campus / Placement,148 real questions from past Intellentech interviews,HR,Introduction,"Resume based questions, they asked me to design whole backend",easy,12,7,5.5
intellentech,Intellentech,Campus / Placement,148 real questions from past Intellentech interviews,HR,React,Resume based coming to Backend asking for Backend design how you will design it and front end react and js,medium,12,7,5.5
intellentech,Intellentech,Campus / Placement,148 real questions from past Intellentech interviews,Technical,React,"Closure, jsx, react, positions in css, state vs props. Backend Design for restaurant",medium,12,7,5.5
intellentech,Intellentech,Campus / Placement,148 real questions from past Intellentech interviews,Situational,HTML/CSS,"Html css difference, restaurant design, project related questions,ml algorithms",medium,12,7,5.5
intellentech,Intellentech,Campus / Placement,148 real questions from past Intellentech interviews,Technical,General,Hoisting,medium,12,7,5.5
intellentech,Intellentech,Campus / Placement,148 real questions from past Intellentech interviews,Technical,General,Closures,medium,12,7,5.5
intellentech,Intellentech,Campus / Placement,148 real questions from past Intellentech interviews,Technical,General,"Program to Remove duplicates , should write in paper",medium,12,7,5.5
intellentech,Intellentech,Campus / Placement,148 real questions from past Intellentech interviews,Technical,React,"Api call in react they given api and display in cards ,first asked to write on paper then after excute on laptop",medium,12,7,5.5
intellentech,Intellentech,Campus / Placement,148 real questions from past Intellentech interviews,Technical,Node.js,Backend questions on express Nodejs MongoDB,medium,12,7,5.5
intellentech,Intellentech,Campus / Placement,148 real questions from past Intellentech interviews,Technical,General,Let vs Var vs Const,medium,12,7,5.5
intellentech,Intellentech,Campus / Placement,148 real questions from past Intellentech interviews,Technical,React,"Please try to practice and get familiar with React CodeSandbox. For me, they asked me to write code directly in CodeSandbox during the interview rather than in VS Code. In VS Code, we usually get suggestions and auto-completion, but in CodeSandbox you'll need to write most of the code from scratch.",hard,12,7,5.5
intellentech,Intellentech,Campus / Placement,148 real questions from past Intellentech interviews,Technical,React,"If they give you a React task, they will definitely ask you to write and complete it in React CodeSandbox. So, please practice tasks in CodeSandbox",medium,12,7,5.5
intellentech,Intellentech,Campus / Placement,148 real questions from past Intellentech interviews,Situational,Behavioral,Deeply Explain Project which they given for assessment,medium,12,7,5.5
intellentech,Intellentech,Campus / Placement,148 real questions from past Intellentech interviews,Technical,General,Asked me to Show Frontend Code and asked questions on individual components,medium,12,7,5.5
intellentech,Intellentech,Campus / Placement,148 real questions from past Intellentech interviews,Technical,General,then after same for backend also,medium,12,7,5.5
intellentech,Intellentech,Campus / Placement,148 real questions from past Intellentech interviews,Situational,Behavioral,open project on vercel and checked the project worked as the problem statement which they have provided,medium,12,7,5.5
intellentech,Intellentech,Campus / Placement,148 real questions from past Intellentech interviews,Technical,General,checked each and every functionality and asked the questions,medium,12,7,5.5
intellentech,Intellentech,Campus / Placement,148 real questions from past Intellentech interviews,Technical,General,Chcked the backend schemas and asked questions on shemas,medium,12,7,5.5
intellentech,Intellentech,Campus / Placement,148 real questions from past Intellentech interviews,Technical,General,Asked about the auth controller like how registeration and login done,medium,12,7,5.5
intellentech,Intellentech,Campus / Placement,148 real questions from past Intellentech interviews,Technical,General,How to change the front end port already running on another port,medium,12,7,5.5
intellentech,Intellentech,Campus / Placement,148 real questions from past Intellentech interviews,Technical,General,which db u have used,medium,12,7,5.5
intellentech,Intellentech,Campus / Placement,148 real questions from past Intellentech interviews,Technical,General,how authentication and authorization implemented,medium,12,7,5.5
intellentech,Intellentech,Campus / Placement,148 real questions from past Intellentech interviews,Technical,General,Implementation of the search functionality based on the date,medium,12,7,5.5
intellentech-ai-ml,Intellentech-AI/ML,Campus / Placement,19 real questions from past Intellentech-AI/ML interviews,Technical,General,"based on projects, llm, RAG , Fine-tuning",medium,8,7,5.5
intellentech-ai-ml,Intellentech-AI/ML,Campus / Placement,19 real questions from past Intellentech-AI/ML interviews,Technical,SQL,"Sql basics ,optimizers,",medium,8,7,5.5
intellentech-ai-ml,Intellentech-AI/ML,Campus / Placement,19 real questions from past Intellentech-AI/ML interviews,Technical,General,civic center,medium,8,7,5.5
intellentech-ai-ml,Intellentech-AI/ML,Campus / Placement,19 real questions from past Intellentech-AI/ML interviews,Technical,General,Scenario based questions on coding mam.,medium,8,7,5.5
intellentech-ai-ml,Intellentech-AI/ML,Campus / Placement,19 real questions from past Intellentech-AI/ML interviews,Technical,MERN,MERN stack lo anni questions almost .,medium,8,7,5.5
intellentech-ai-ml,Intellentech-AI/ML,Campus / Placement,19 real questions from past Intellentech-AI/ML interviews,Technical,General,Work flow and Folder structures.,medium,8,7,5.5
intellentech-ai-ml,Intellentech-AI/ML,Campus / Placement,19 real questions from past Intellentech-AI/ML interviews,Technical,General,Ai ni ela use cheyyochu.,medium,8,7,5.5
intellentech-ai-ml,Intellentech-AI/ML,Campus / Placement,19 real questions from past Intellentech-AI/ML interviews,Technical,General,And second day roju without using ai build cheyamannaru task.,medium,8,7,5.5
intellentech-ai-ml,Intellentech-AI/ML,Campus / Placement,19 real questions from past Intellentech-AI/ML interviews,Technical,Git,Git and git hub commands,medium,8,7,5.5
intellentech-ai-ml,Intellentech-AI/ML,Campus / Placement,19 real questions from past Intellentech-AI/ML interviews,HR,Introduction,What is django work flow because skill added in resume and project?,easy,8,7,5.5
intellentech-ai-ml,Intellentech-AI/ML,Campus / Placement,19 real questions from past Intellentech-AI/ML interviews,Technical,General,what modules you used? Why you choose those modules only?,medium,8,7,5.5
intellentech-ai-ml,Intellentech-AI/ML,Campus / Placement,19 real questions from past Intellentech-AI/ML interviews,Situational,Behavioral,Add to Cart functionality task which is related to of my e commerce project?,medium,8,7,5.5
intellentech-ai-ml,Intellentech-AI/ML,Campus / Placement,19 real questions from past Intellentech-AI/ML interviews,Situational,Behavioral,"Project explanation, how the model will takes the input data , why use other models..?, why you have interested on data science,",medium,8,7,5.5
intellentech-ai-ml,Intellentech-AI/ML,Campus / Placement,19 real questions from past Intellentech-AI/ML interviews,Situational,Behavioral,Interview started with self intro and project explanation,medium,8,7,5.5
intellentech-ai-ml,Intellentech-AI/ML,Campus / Placement,19 real questions from past Intellentech-AI/ML interviews,Situational,Behavioral,"Some project internal questions like what this function will do,how user will read another file? Etc.",medium,8,7,5.5
intellentech-ai-ml,Intellentech-AI/ML,Campus / Placement,19 real questions from past Intellentech-AI/ML interviews,Situational,Behavioral,Why you choose mentioned LLM model in project?,medium,8,7,5.5
intellentech-ai-ml,Intellentech-AI/ML,Campus / Placement,19 real questions from past Intellentech-AI/ML interviews,Situational,Behavioral,they asked to explain about the project objective and asked about my previous projects,medium,8,7,5.5
intellentech-ai-ml,Intellentech-AI/ML,Campus / Placement,19 real questions from past Intellentech-AI/ML interviews,HR,Introduction,Resume Based Question,easy,8,7,5.5
intellentech-ai-ml,Intellentech-AI/ML,Campus / Placement,19 real questions from past Intellentech-AI/ML interviews,Situational,SQL,Mysql apucation which are used in project,medium,8,7,5.5
jayakrishna,Jayakrishna,Campus / Placement,26 real questions from past Jayakrishna interviews,Technical,General,about internship,medium,8,7,5.5
jayakrishna,Jayakrishna,Campus / Placement,26 real questions from past Jayakrishna interviews,Technical,General,projects explaination,medium,8,7,5.5
jayakrishna,Jayakrishna,Campus / Placement,26 real questions from past Jayakrishna interviews,Technical,React,why u choose react,medium,8,7,5.5
jayakrishna,Jayakrishna,Campus / Placement,26 real questions from past Jayakrishna interviews,Technical,React,what are the hooks in react and explain all the react hooks,medium,8,7,5.5
jayakrishna,Jayakrishna,Campus / Placement,26 real questions from past Jayakrishna interviews,Technical,General,what is conditional rendering and example,medium,8,7,5.5
jayakrishna,Jayakrishna,Campus / Placement,26 real questions from past Jayakrishna interviews,Technical,General,what is virtual dom,medium,8,7,5.5
jayakrishna,Jayakrishna,Campus / Placement,26 real questions from past Jayakrishna interviews,Technical,General,what is client side rendering and server side rendering,medium,8,7,5.5
jayakrishna,Jayakrishna,Campus / Placement,26 real questions from past Jayakrishna interviews,Technical,General,"Explain about rest,spread operators",medium,8,7,5.5
jayakrishna,Jayakrishna,Campus / Placement,26 real questions from past Jayakrishna interviews,Technical,General,what is jsx,medium,8,7,5.5
jayakrishna,Jayakrishna,Campus / Placement,26 real questions from past Jayakrishna interviews,Technical,General,what is difference between state and props,medium,8,7,5.5
jayakrishna,Jayakrishna,Campus / Placement,26 real questions from past Jayakrishna interviews,Technical,APIs,what is context api,medium,8,7,5.5
jayakrishna,Jayakrishna,Campus / Placement,26 real questions from past Jayakrishna interviews,Technical,General,"what is difference between var,let,const",medium,8,7,5.5
jayakrishna,Jayakrishna,Campus / Placement,26 real questions from past Jayakrishna interviews,Technical,General,what is difference between == and ===,medium,8,7,5.5
jayakrishna,Jayakrishna,Campus / Placement,26 real questions from past Jayakrishna interviews,Technical,General,what is difference between settimeout and setinterval,medium,8,7,5.5
jayakrishna,Jayakrishna,Campus / Placement,26 real questions from past Jayakrishna interviews,Situational,Behavioral,what are array methods used in your project,medium,8,7,5.5
jayakrishna,Jayakrishna,Campus / Placement,26 real questions from past Jayakrishna interviews,Technical,General,what is promise,medium,8,7,5.5
jayakrishna,Jayakrishna,Campus / Placement,26 real questions from past Jayakrishna interviews,Technical,General,what is promise.all(),medium,8,7,5.5
jayakrishna,Jayakrishna,Campus / Placement,26 real questions from past Jayakrishna interviews,Technical,General,what is hoisting,medium,8,7,5.5
jayakrishna,Jayakrishna,Campus / Placement,26 real questions from past Jayakrishna interviews,Technical,General,How to avoid prop drilling,medium,8,7,5.5
jayakrishna,Jayakrishna,Campus / Placement,26 real questions from past Jayakrishna interviews,Technical,General,what is difference between null and undefined,medium,8,7,5.5
jayakrishna,Jayakrishna,Campus / Placement,26 real questions from past Jayakrishna interviews,Technical,General,what is callback function,medium,8,7,5.5
jayakrishna,Jayakrishna,Campus / Placement,26 real questions from past Jayakrishna interviews,Technical,General,what is higher order function,medium,8,7,5.5
jayakrishna,Jayakrishna,Campus / Placement,26 real questions from past Jayakrishna interviews,Technical,General,"what is local storage, session storage, cookies",medium,8,7,5.5
jayakrishna,Jayakrishna,Campus / Placement,26 real questions from past Jayakrishna interviews,Technical,General,relative and absolute path,medium,8,7,5.5
jayakrishna,Jayakrishna,Campus / Placement,26 real questions from past Jayakrishna interviews,Technical,General,what is closures,medium,8,7,5.5
jayakrishna,Jayakrishna,Campus / Placement,26 real questions from past Jayakrishna interviews,Technical,HTML/CSS,what is semantic elements in html,medium,8,7,5.5
kapa-revanth-kumar-reddy-out,Kapa Revanth Kumar Reddy-out,Campus / Placement,13 real questions from past Kapa Revanth Kumar Reddy-out interviews,Technical,General,What is remote server & how we can use them?,medium,8,7,5.5
kapa-revanth-kumar-reddy-out,Kapa Revanth Kumar Reddy-out,Campus / Placement,13 real questions from past Kapa Revanth Kumar Reddy-out interviews,Technical,General,What is Oauth &and how it works?,medium,8,7,5.5
kapa-revanth-kumar-reddy-out,Kapa Revanth Kumar Reddy-out,Campus / Placement,13 real questions from past Kapa Revanth Kumar Reddy-out interviews,Technical,Node.js,How we connect MongoDB to node server?,medium,8,7,5.5
kapa-revanth-kumar-reddy-out,Kapa Revanth Kumar Reddy-out,Campus / Placement,13 real questions from past Kapa Revanth Kumar Reddy-out interviews,Technical,General,function transformObject(obj) {,medium,8,7,5.5
kapa-revanth-kumar-reddy-out,Kapa Revanth Kumar Reddy-out,Campus / Placement,13 real questions from past Kapa Revanth Kumar Reddy-out interviews,Technical,General,// Your implementation here,medium,8,7,5.5
kapa-revanth-kumar-reddy-out,Kapa Revanth Kumar Reddy-out,Campus / Placement,13 real questions from past Kapa Revanth Kumar Reddy-out interviews,Technical,General,},medium,8,7,5.5
kapa-revanth-kumar-reddy-out,Kapa Revanth Kumar Reddy-out,Campus / Placement,13 real questions from past Kapa Revanth Kumar Reddy-out interviews,Technical,General,"input:{ name: ""anna"", id: ""user123"", details: { city: ""level"", code: ""xyz"", scores: [ { value: ""101"" }, { value: ""test42"" } ] } }",medium,8,7,5.5
kapa-revanth-kumar-reddy-out,Kapa Revanth Kumar Reddy-out,Campus / Placement,13 real questions from past Kapa Revanth Kumar Reddy-out interviews,Technical,General,expected output:,medium,8,7,5.5
kapa-revanth-kumar-reddy-out,Kapa Revanth Kumar Reddy-out,Campus / Placement,13 real questions from past Kapa Revanth Kumar Reddy-out interviews,Technical,General,"{ name: ""anna"", id: ""USER123"", details: { city: ""level"", code: ""xyz"", scores: [ { value: ""101"" }, { value: ""TEST42"" } ] } }",medium,8,7,5.5
kapa-revanth-kumar-reddy-out,Kapa Revanth Kumar Reddy-out,Campus / Placement,13 real questions from past Kapa Revanth Kumar Reddy-out interviews,Technical,General,they have some constraints,medium,8,7,5.5
kapa-revanth-kumar-reddy-out,Kapa Revanth Kumar Reddy-out,Campus / Placement,13 real questions from past Kapa Revanth Kumar Reddy-out interviews,Technical,General,like if the value is palindrone string then it should be in lowercase.,medium,8,7,5.5
kapa-revanth-kumar-reddy-out,Kapa Revanth Kumar Reddy-out,Campus / Placement,13 real questions from past Kapa Revanth Kumar Reddy-out interviews,Technical,General,"and if the value has string with number (like ""abc123"")then it has to change it to ""ABC123""",medium,8,7,5.5
kapa-revanth-kumar-reddy-out,Kapa Revanth Kumar Reddy-out,Campus / Placement,13 real questions from past Kapa Revanth Kumar Reddy-out interviews,Technical,General,like wise we need to do all the values in the object,medium,8,7,5.5
lumenor,Lumenor,Campus / Placement,36 real questions from past Lumenor interviews,Technical,General,Self intro,medium,8,7,5.5
lumenor,Lumenor,Campus / Placement,36 real questions from past Lumenor interviews,Technical,General,"About company, it's products,who are called as EPC",medium,8,7,5.5
lumenor,Lumenor,Campus / Placement,36 real questions from past Lumenor interviews,HR,Introduction,Resume based questions,easy,8,7,5.5
lumenor,Lumenor,Campus / Placement,36 real questions from past Lumenor interviews,Technical,Python,Python,medium,8,7,5.5
lumenor,Lumenor,Campus / Placement,36 real questions from past Lumenor interviews,Technical,General,"Method overloading,overriding",medium,8,7,5.5
lumenor,Lumenor,Campus / Placement,36 real questions from past Lumenor interviews,Technical,HTML/CSS,HTML,medium,8,7,5.5
lumenor,Lumenor,Campus / Placement,36 real questions from past Lumenor interviews,Technical,General,List,medium,8,7,5.5
lumenor,Lumenor,Campus / Placement,36 real questions from past Lumenor interviews,Technical,General,Why django,medium,8,7,5.5
lumenor,Lumenor,Campus / Placement,36 real questions from past Lumenor interviews,Technical,React,React,medium,8,7,5.5
lumenor,Lumenor,Campus / Placement,36 real questions from past Lumenor interviews,Technical,General,Hooks,medium,8,7,5.5
lumenor,Lumenor,Campus / Placement,36 real questions from past Lumenor interviews,Technical,General,"Self intro,",medium,8,7,5.5
lumenor,Lumenor,Campus / Placement,36 real questions from past Lumenor interviews,Technical,General,"Probelm solving questions regarding arrays,",medium,8,7,5.5
lumenor,Lumenor,Campus / Placement,36 real questions from past Lumenor interviews,Technical,General,About projects and company culture,medium,8,7,5.5
lumenor,Lumenor,Campus / Placement,36 real questions from past Lumenor interviews,Technical,General,What is reinforcement learning,medium,8,7,5.5
lumenor,Lumenor,Campus / Placement,36 real questions from past Lumenor interviews,Technical,General,What random forest,medium,8,7,5.5
lumenor,Lumenor,Campus / Placement,36 real questions from past Lumenor interviews,Technical,General,What is adaboost,medium,8,7,5.5
lumenor,Lumenor,Campus / Placement,36 real questions from past Lumenor interviews,Technical,General,What is numpy,medium,8,7,5.5
lumenor,Lumenor,Campus / Placement,36 real questions from past Lumenor interviews,Technical,General,What are the libraries you know,medium,8,7,5.5
lumenor,Lumenor,Campus / Placement,36 real questions from past Lumenor interviews,Technical,General,What are CRUD operations,medium,8,7,5.5
lumenor,Lumenor,Campus / Placement,36 real questions from past Lumenor interviews,Situational,Behavioral,Blockchain based questions (project),medium,8,7,5.5
lumenor,Lumenor,Campus / Placement,36 real questions from past Lumenor interviews,Technical,General,What is meta mask(Blockchain related),medium,8,7,5.5
lumenor,Lumenor,Campus / Placement,36 real questions from past Lumenor interviews,Technical,General,What is hashcode,medium,8,7,5.5
lumenor,Lumenor,Campus / Placement,36 real questions from past Lumenor interviews,Technical,General,One problem solving question on strings(with min time and space ),medium,8,7,5.5
lumenor,Lumenor,Campus / Placement,36 real questions from past Lumenor interviews,Technical,General,About company,medium,8,7,5.5
lumenor,Lumenor,Campus / Placement,36 real questions from past Lumenor interviews,Technical,General,Write a middleware,medium,8,7,5.5
lumenor,Lumenor,Campus / Placement,36 real questions from past Lumenor interviews,Technical,General,exaplin life cycle methods,medium,8,7,5.5
lumenor,Lumenor,Campus / Placement,36 real questions from past Lumenor interviews,Technical,General,What is difference between checked and unchecked exception,medium,8,7,5.5
lumenor,Lumenor,Campus / Placement,36 real questions from past Lumenor interviews,Technical,General,What is multi threading,medium,8,7,5.5
lumenor,Lumenor,Campus / Placement,36 real questions from past Lumenor interviews,Technical,Java,"Using Java Streams, find the top 3 most expensive transactions from a list of Transaction objects, grouped by category. Write the full pipeline.",medium,8,7,5.5
lumenor,Lumenor,Campus / Placement,36 real questions from past Lumenor interviews,Technical,General,self introduction,medium,8,7,5.5
lumenor,Lumenor,Campus / Placement,36 real questions from past Lumenor interviews,Technical,General,"projects ,opps concepts,continuous integration,",medium,8,7,5.5
lumenor,Lumenor,Campus / Placement,36 real questions from past Lumenor interviews,Technical,General,about the company,medium,8,7,5.5
lumenor,Lumenor,Campus / Placement,36 real questions from past Lumenor interviews,Technical,ML/AI,"Self Introduction,ML Algorithms ,About the Company, powerbi, about the projects",medium,8,7,5.5
lumenor,Lumenor,Campus / Placement,36 real questions from past Lumenor interviews,HR,Introduction,Tell me about yourself,easy,8,7,5.5
lumenor,Lumenor,Campus / Placement,36 real questions from past Lumenor interviews,Situational,Behavioral,Project explanation,medium,8,7,5.5
lumenor,Lumenor,Campus / Placement,36 real questions from past Lumenor interviews,Technical,General,Scenario based (need to autopopulate the date how will you do it which module u use to do so)question need to give the solution (approach),medium,8,7,5.5
magsmen-ai-ml,Magsmen(AI/ML),Campus / Placement,4 real questions from past Magsmen(AI/ML) interviews,Technical,General,Self Intro,medium,8,7,5.5
magsmen-ai-ml,Magsmen(AI/ML),Campus / Placement,4 real questions from past Magsmen(AI/ML) interviews,Technical,General,About company,medium,8,7,5.5
magsmen-ai-ml,Magsmen(AI/ML),Campus / Placement,4 real questions from past Magsmen(AI/ML) interviews,Technical,General,About the MIBBS,medium,8,7,5.5
magsmen-ai-ml,Magsmen(AI/ML),Campus / Placement,4 real questions from past Magsmen(AI/ML) interviews,Technical,General,How to train the model,medium,8,7,5.5
mahesh,Mahesh,Campus / Placement,25 real questions from past Mahesh interviews,Technical,React,what are the hooks in react and explain all the react hooks,medium,8,7,5.5
mahesh,Mahesh,Campus / Placement,25 real questions from past Mahesh interviews,Technical,General,what is conditional rendering and example,medium,8,7,5.5
mahesh,Mahesh,Campus / Placement,25 real questions from past Mahesh interviews,Technical,General,what is virtual dom,medium,8,7,5.5
mahesh,Mahesh,Campus / Placement,25 real questions from past Mahesh interviews,Technical,General,what is client side rendering and server side rendering,medium,8,7,5.5
mahesh,Mahesh,Campus / Placement,25 real questions from past Mahesh interviews,Technical,General,"Explain about rest,spread operators",medium,8,7,5.5
mahesh,Mahesh,Campus / Placement,25 real questions from past Mahesh interviews,Technical,General,what is jsx,medium,8,7,5.5
mahesh,Mahesh,Campus / Placement,25 real questions from past Mahesh interviews,Technical,General,what is difference between state and props,medium,8,7,5.5
mahesh,Mahesh,Campus / Placement,25 real questions from past Mahesh interviews,Technical,APIs,what is context api,medium,8,7,5.5
mahesh,Mahesh,Campus / Placement,25 real questions from past Mahesh interviews,Technical,General,"what is difference between var,let,const",medium,8,7,5.5
mahesh,Mahesh,Campus / Placement,25 real questions from past Mahesh interviews,Technical,General,what is difference between == and ===,medium,8,7,5.5
mahesh,Mahesh,Campus / Placement,25 real questions from past Mahesh interviews,Technical,General,what is difference between settimeout and setinterval,medium,8,7,5.5
mahesh,Mahesh,Campus / Placement,25 real questions from past Mahesh interviews,Situational,Behavioral,what are array methods used in your project,medium,8,7,5.5
mahesh,Mahesh,Campus / Placement,25 real questions from past Mahesh interviews,Technical,General,what is promise,medium,8,7,5.5
mahesh,Mahesh,Campus / Placement,25 real questions from past Mahesh interviews,Technical,General,what is promise.all(),medium,8,7,5.5
mahesh,Mahesh,Campus / Placement,25 real questions from past Mahesh interviews,Technical,General,what is hoisting,medium,8,7,5.5
mahesh,Mahesh,Campus / Placement,25 real questions from past Mahesh interviews,Technical,General,How to avoid prop drilling,medium,8,7,5.5
mahesh,Mahesh,Campus / Placement,25 real questions from past Mahesh interviews,Technical,General,what is difference between null and undefined,medium,8,7,5.5
mahesh,Mahesh,Campus / Placement,25 real questions from past Mahesh interviews,Technical,General,what is callback function,medium,8,7,5.5
mahesh,Mahesh,Campus / Placement,25 real questions from past Mahesh interviews,Technical,General,what is higher order function,medium,8,7,5.5
mahesh,Mahesh,Campus / Placement,25 real questions from past Mahesh interviews,Technical,General,"what is local storage, session storage, cookies",medium,8,7,5.5
mahesh,Mahesh,Campus / Placement,25 real questions from past Mahesh interviews,Technical,General,relative and absolute path,medium,8,7,5.5
mahesh,Mahesh,Campus / Placement,25 real questions from past Mahesh interviews,Technical,General,what is closures,medium,8,7,5.5
mahesh,Mahesh,Campus / Placement,25 real questions from past Mahesh interviews,Technical,HTML/CSS,what is semantic elements in html,medium,8,7,5.5
mahesh,Mahesh,Campus / Placement,25 real questions from past Mahesh interviews,Technical,General,Coding questions:,medium,8,7,5.5
mahesh,Mahesh,Campus / Placement,25 real questions from past Mahesh interviews,Technical,APIs,Fetch the fakestore api and count the items category wise,medium,8,7,5.5
manish-blr,Manish-blr,Campus / Placement,9 real questions from past Manish-blr interviews,Technical,General,Have you worked with LLMs?,medium,8,7,5.5
manish-blr,Manish-blr,Campus / Placement,9 real questions from past Manish-blr interviews,Technical,General,What are hyperparameters in LLMs?,medium,8,7,5.5
manish-blr,Manish-blr,Campus / Placement,9 real questions from past Manish-blr interviews,Technical,General,What is temperature in AI?,medium,8,7,5.5
manish-blr,Manish-blr,Campus / Placement,9 real questions from past Manish-blr interviews,Technical,General,What is LoRA in Ai model training?,medium,8,7,5.5
manish-blr,Manish-blr,Campus / Placement,9 real questions from past Manish-blr interviews,Technical,General,What is quantization?,medium,8,7,5.5
manish-blr,Manish-blr,Campus / Placement,9 real questions from past Manish-blr interviews,Technical,General,What is vectordabase and what is use?,medium,8,7,5.5
manish-blr,Manish-blr,Campus / Placement,9 real questions from past Manish-blr interviews,Technical,General,What is attention in transformers?,medium,8,7,5.5
manish-blr,Manish-blr,Campus / Placement,9 real questions from past Manish-blr interviews,Technical,General,What is function calling in LLMs?,medium,8,7,5.5
manish-blr,Manish-blr,Campus / Placement,9 real questions from past Manish-blr interviews,Technical,APIs,What is FastApi used for?,medium,8,7,5.5
mapmygenome,MapmyGenome,Campus / Placement,11 real questions from past MapmyGenome interviews,Technical,General,Dr. Raghav □ Cardiologist □ Bangalore □ 12 Years □ ₹800Dr. Arjun □ Dentist □ Delhi,medium,8,7,5.5
mapmygenome,MapmyGenome,Campus / Placement,11 real questions from past MapmyGenome interviews,Technical,General,Dr. Meena □ Orthopedic □ Chennai,medium,8,7,5.5
mapmygenome,MapmyGenome,Campus / Placement,11 real questions from past MapmyGenome interviews,Technical,General,Dr. Kiran □ Pediatrician □ Kolkata,medium,8,7,5.5
mapmygenome,MapmyGenome,Campus / Placement,11 real questions from past MapmyGenome interviews,Technical,General,Dr. Sita □ Neurologist □ Mumbai □ 15 Years Experience,medium,8,7,5.5
mapmygenome,MapmyGenome,Campus / Placement,11 real questions from past MapmyGenome interviews,Technical,General,split details into separate columns,medium,8,7,5.5
mapmygenome,MapmyGenome,Campus / Placement,11 real questions from past MapmyGenome interviews,Aptitude,Logic,"now i want to split my full name column into two columns ""First Name"" and ""Last Name"" How do i do that asking explantion about formulas: like max(),minimum(),average()",medium,8,7,5.5
mapmygenome,MapmyGenome,Campus / Placement,11 real questions from past MapmyGenome interviews,Technical,General,"logical formulas like: IF,AND,OR,IFS,NOT explantion with examples",medium,8,7,5.5
mapmygenome,MapmyGenome,Campus / Placement,11 real questions from past MapmyGenome interviews,Technical,General,"Self-intro, Famiy background, why you choose Internhip, have you searched about company, excel scenario",medium,8,7,5.5
mapmygenome,MapmyGenome,Campus / Placement,11 real questions from past MapmyGenome interviews,Technical,General,About Google sheets,medium,8,7,5.5
mapmygenome,MapmyGenome,Campus / Placement,11 real questions from past MapmyGenome interviews,Technical,General,Transpose the row into columns,medium,8,7,5.5
mapmygenome,MapmyGenome,Campus / Placement,11 real questions from past MapmyGenome interviews,HR,Python,Asked about projects based on my resume and basics of css styling and python syntax for splitting a list,medium,8,7,5.5
naga-sai-kiran,NAGA SAI KIRAN,Campus / Placement,2 real questions from past NAGA SAI KIRAN interviews,Situational,Behavioral,Project Explanation,medium,8,7,5.5
naga-sai-kiran,NAGA SAI KIRAN,Campus / Placement,2 real questions from past NAGA SAI KIRAN interviews,Technical,Java,About JavaScript,medium,8,7,5.5
neoats,Neoats,Campus / Placement,4 real questions from past Neoats interviews,Technical,General,Tell me about neotas,medium,8,7,5.5
neoats,Neoats,Campus / Placement,4 real questions from past Neoats interviews,Technical,General,Why you want to work with us,medium,8,7,5.5
neoats,Neoats,Campus / Placement,4 real questions from past Neoats interviews,Technical,ML/AI,How did you achieve throuput and ML model used and how u optmised it,medium,8,7,5.5
neoats,Neoats,Campus / Placement,4 real questions from past Neoats interviews,HR,Introduction,Tell me about yourself,easy,8,7,5.5
neotas,Neotas,Campus / Placement,30 real questions from past Neotas interviews,Technical,General,Introduction and information about myself,medium,8,7,5.5
neotas,Neotas,Campus / Placement,30 real questions from past Neotas interviews,Technical,APIs,What is fast api,medium,8,7,5.5
neotas,Neotas,Campus / Placement,30 real questions from past Neotas interviews,Technical,General,Difference between deep copy vs shallow copy,medium,8,7,5.5
neotas,Neotas,Campus / Placement,30 real questions from past Neotas interviews,Technical,APIs,If api regularly operates at 200 ms but now it has started taking 20 sec .what are the reasons,medium,8,7,5.5
neotas,Neotas,Campus / Placement,30 real questions from past Neotas interviews,Technical,General,Difference between constraints and primary key,medium,8,7,5.5
neotas,Neotas,Campus / Placement,30 real questions from past Neotas interviews,Technical,General,Most frequent element in a list,medium,8,7,5.5
neotas,Neotas,Campus / Placement,30 real questions from past Neotas interviews,Technical,General,Most common element in list,medium,8,7,5.5
neotas,Neotas,Campus / Placement,30 real questions from past Neotas interviews,Technical,General,Order of elements in dictionary,medium,8,7,5.5
neotas,Neotas,Campus / Placement,30 real questions from past Neotas interviews,Technical,General,"list :- merge list , remove duplicates, print it in descending order.",medium,8,7,5.5
neotas,Neotas,Campus / Placement,30 real questions from past Neotas interviews,Technical,General,longest sub string,medium,8,7,5.5
neotas,Neotas,Campus / Placement,30 real questions from past Neotas interviews,Technical,Python,inheritance in python,medium,8,7,5.5
neotas,Neotas,Campus / Placement,30 real questions from past Neotas interviews,Technical,APIs,fast api authentication,medium,8,7,5.5
neotas,Neotas,Campus / Placement,30 real questions from past Neotas interviews,Technical,APIs,If api regularly operates at 200 ms but now it has started taking 5,medium,8,7,5.5
neotas,Neotas,Campus / Placement,30 real questions from past Neotas interviews,Technical,General,sec .what are the reasons,medium,8,7,5.5
neotas,Neotas,Campus / Placement,30 real questions from past Neotas interviews,Technical,General,Most frequent element in a list(code),medium,8,7,5.5
neotas,Neotas,Campus / Placement,30 real questions from past Neotas interviews,Technical,General,Most recent elements in a list (code without using libraries),medium,8,7,5.5
neotas,Neotas,Campus / Placement,30 real questions from past Neotas interviews,Technical,General,How Asynchronous is different from multitheading ( Asynchronous is single thread or multi),medium,8,7,5.5
neotas,Neotas,Campus / Placement,30 real questions from past Neotas interviews,Situational,APIs,How you use production level Api in project.,medium,8,7,5.5
neotas,Neotas,Campus / Placement,30 real questions from past Neotas interviews,HR,Introduction,And some questions from resume,easy,8,7,5.5
neotas,Neotas,Campus / Placement,30 real questions from past Neotas interviews,Technical,General,"Most frequent elements from a list [1,6,1,6,1,7,7,2,7,1]",medium,8,7,5.5
neotas,Neotas,Campus / Placement,30 real questions from past Neotas interviews,Technical,General,"[""eat"",""tea"",""tan"",""ate"",""nat"",""bat""] group the anagrams in above list of strings.",medium,8,7,5.5
neotas,Neotas,Campus / Placement,30 real questions from past Neotas interviews,Technical,General,example answer :-,medium,8,7,5.5
neotas,Neotas,Campus / Placement,30 real questions from past Neotas interviews,Technical,General,"[[""eat"",""tea"",""ate""], [""tan"",""nat""], [""bat""]]",medium,8,7,5.5
neotas,Neotas,Campus / Placement,30 real questions from past Neotas interviews,Technical,General,"order this list of dictionaries by values of the element [{'a':1},{'b':10},{'c': 5},{'d':3},{'x':9}]",medium,8,7,5.5
neotas,Neotas,Campus / Placement,30 real questions from past Neotas interviews,Situational,Behavioral,How did you do authentication in your project,medium,8,7,5.5
neotas,Neotas,Campus / Placement,30 real questions from past Neotas interviews,Technical,General,How does JWT work,medium,8,7,5.5
neotas,Neotas,Campus / Placement,30 real questions from past Neotas interviews,Technical,General,If i create a new JWT token in frontend and send will it be authenticated?,medium,8,7,5.5
neotas,Neotas,Campus / Placement,30 real questions from past Neotas interviews,Technical,SQL,What are indexes in SQL,medium,8,7,5.5
neotas,Neotas,Campus / Placement,30 real questions from past Neotas interviews,Technical,SQL,Types of indexes in SQL,medium,8,7,5.5
neotas,Neotas,Campus / Placement,30 real questions from past Neotas interviews,Technical,General,Difference between shallow copy and deep copy,medium,8,7,5.5
nextrow,Nextrow,Campus / Placement,11 real questions from past Nextrow interviews,Technical,General,45 questions 1hr time maku 33 cut off pettinaru,medium,8,7,5.5
nextrow,Nextrow,Campus / Placement,11 real questions from past Nextrow interviews,Technical,Java,"Aptitude, java, js, html, sql, css anni cover chesaru",medium,8,7,5.5
nextrow,Nextrow,Campus / Placement,11 real questions from past Nextrow interviews,Technical,OOP,Oops,medium,8,7,5.5
nextrow,Nextrow,Campus / Placement,11 real questions from past Nextrow interviews,Technical,Java,Javascript,medium,8,7,5.5
nextrow,Nextrow,Campus / Placement,11 real questions from past Nextrow interviews,Technical,HTML/CSS,Css positions and box model,medium,8,7,5.5
nextrow,Nextrow,Campus / Placement,11 real questions from past Nextrow interviews,Technical,Java,Java :,medium,8,7,5.5
nextrow,Nextrow,Campus / Placement,11 real questions from past Nextrow interviews,Technical,General,Anagram program(==and.equals difference),medium,8,7,5.5
nextrow,Nextrow,Campus / Placement,11 real questions from past Nextrow interviews,Technical,General,List and set,medium,8,7,5.5
nextrow,Nextrow,Campus / Placement,11 real questions from past Nextrow interviews,Technical,SQL,My SQL : two queries,medium,8,7,5.5
nextrow,Nextrow,Campus / Placement,11 real questions from past Nextrow interviews,Technical,General,Update and truncate,medium,8,7,5.5
nextrow,Nextrow,Campus / Placement,11 real questions from past Nextrow interviews,Technical,General,Almost 1 hr interview sir,medium,8,7,5.5
ntar-prvt-lmtd,Ntar prvt lmtd,Campus / Placement,49 real questions from past Ntar prvt lmtd interviews,Technical,General,Self intro,medium,8,7,5.5
ntar-prvt-lmtd,Ntar prvt lmtd,Campus / Placement,49 real questions from past Ntar prvt lmtd interviews,Technical,General,Diff between normal function and arrow function,medium,8,7,5.5
ntar-prvt-lmtd,Ntar prvt lmtd,Campus / Placement,49 real questions from past Ntar prvt lmtd interviews,Technical,General,Diff between Redux and context,medium,8,7,5.5
ntar-prvt-lmtd,Ntar prvt lmtd,Campus / Placement,49 real questions from past Ntar prvt lmtd interviews,Technical,General,In a give array of objects we want to find with unique name = raju find all the details of raju in an array of objects in js,medium,8,7,5.5
ntar-prvt-lmtd,Ntar prvt lmtd,Campus / Placement,49 real questions from past Ntar prvt lmtd interviews,Technical,General,About projects,medium,8,7,5.5
ntar-prvt-lmtd,Ntar prvt lmtd,Campus / Placement,49 real questions from past Ntar prvt lmtd interviews,Technical,React,What is React?,medium,8,7,5.5
ntar-prvt-lmtd,Ntar prvt lmtd,Campus / Placement,49 real questions from past Ntar prvt lmtd interviews,Technical,React,Difference between React DOM and Virtual DOM.,medium,8,7,5.5
ntar-prvt-lmtd,Ntar prvt lmtd,Campus / Placement,49 real questions from past Ntar prvt lmtd interviews,Technical,Java,Difference between arrow functions and normal functions in JavaScript.,medium,8,7,5.5
ntar-prvt-lmtd,Ntar prvt lmtd,Campus / Placement,49 real questions from past Ntar prvt lmtd interviews,Technical,Java,What is JavaScript?,medium,8,7,5.5
ntar-prvt-lmtd,Ntar prvt lmtd,Campus / Placement,49 real questions from past Ntar prvt lmtd interviews,Technical,Java,Explain hoisting in JavaScript.,medium,8,7,5.5
ntar-prvt-lmtd,Ntar prvt lmtd,Campus / Placement,49 real questions from past Ntar prvt lmtd interviews,Technical,Java,Is JavaScript single-threaded or multi-threaded?,medium,8,7,5.5
ntar-prvt-lmtd,Ntar prvt lmtd,Campus / Placement,49 real questions from past Ntar prvt lmtd interviews,Technical,Java,What are props in JavaScript/React?,medium,8,7,5.5
ntar-prvt-lmtd,Ntar prvt lmtd,Campus / Placement,49 real questions from past Ntar prvt lmtd interviews,Technical,Java,Explain closures in JavaScript.,medium,8,7,5.5
ntar-prvt-lmtd,Ntar prvt lmtd,Campus / Placement,49 real questions from past Ntar prvt lmtd interviews,Technical,General,Write logic to remove duplicates from an array of objects.,medium,8,7,5.5
ntar-prvt-lmtd,Ntar prvt lmtd,Campus / Placement,49 real questions from past Ntar prvt lmtd interviews,Technical,General,Write logic to count the occurrences of a character in an array.,medium,8,7,5.5
ntar-prvt-lmtd,Ntar prvt lmtd,Campus / Placement,49 real questions from past Ntar prvt lmtd interviews,Technical,General,About functions,medium,8,7,5.5
ntar-prvt-lmtd,Ntar prvt lmtd,Campus / Placement,49 real questions from past Ntar prvt lmtd interviews,Technical,Git,codeft digitals,medium,8,7,5.5
ntar-prvt-lmtd,Ntar prvt lmtd,Campus / Placement,49 real questions from past Ntar prvt lmtd interviews,Situational,Behavioral,Tell me about your project,medium,8,7,5.5
ntar-prvt-lmtd,Ntar prvt lmtd,Campus / Placement,49 real questions from past Ntar prvt lmtd interviews,Technical,General,Do you know WordPress,medium,8,7,5.5
ntar-prvt-lmtd,Ntar prvt lmtd,Campus / Placement,49 real questions from past Ntar prvt lmtd interviews,Technical,General,before in your projects,medium,8,7,5.5
ntar-prvt-lmtd,Ntar prvt lmtd,Campus / Placement,49 real questions from past Ntar prvt lmtd interviews,HR,Introduction,Where do you see yourself in 3 to 5 years,easy,8,7,5.5
ntar-prvt-lmtd,Ntar prvt lmtd,Campus / Placement,49 real questions from past Ntar prvt lmtd interviews,Situational,Behavioral,Project explain,medium,8,7,5.5
ntar-prvt-lmtd,Ntar prvt lmtd,Campus / Placement,49 real questions from past Ntar prvt lmtd interviews,Technical,General,Reverse string,medium,8,7,5.5
ntar-prvt-lmtd,Ntar prvt lmtd,Campus / Placement,49 real questions from past Ntar prvt lmtd interviews,Technical,General,About any scenario,medium,8,7,5.5
ntar-prvt-lmtd,Ntar prvt lmtd,Campus / Placement,49 real questions from past Ntar prvt lmtd interviews,Technical,General,Intro,medium,8,7,5.5
ntar-prvt-lmtd,Ntar prvt lmtd,Campus / Placement,49 real questions from past Ntar prvt lmtd interviews,Technical,General,Difference between variable and value,medium,8,7,5.5
ntar-prvt-lmtd,Ntar prvt lmtd,Campus / Placement,49 real questions from past Ntar prvt lmtd interviews,Technical,DSA,Define Algorithm for checking a number odd or even,medium,8,7,5.5
ntar-prvt-lmtd,Ntar prvt lmtd,Campus / Placement,49 real questions from past Ntar prvt lmtd interviews,Technical,General,"Maximum element in a list code, Time complexity and space complexity",medium,8,7,5.5
ntar-prvt-lmtd,Ntar prvt lmtd,Campus / Placement,49 real questions from past Ntar prvt lmtd interviews,Technical,General,status codes,medium,8,7,5.5
ntar-prvt-lmtd,Ntar prvt lmtd,Campus / Placement,49 real questions from past Ntar prvt lmtd interviews,Technical,General,what is a Deadlock,medium,8,7,5.5
ntar-prvt-lmtd,Ntar prvt lmtd,Campus / Placement,49 real questions from past Ntar prvt lmtd interviews,Technical,General,Reverse a string,medium,8,7,5.5
ntar-prvt-lmtd,Ntar prvt lmtd,Campus / Placement,49 real questions from past Ntar prvt lmtd interviews,Technical,General,Any questions you have ?,medium,8,7,5.5
ntar-prvt-lmtd,Ntar prvt lmtd,Campus / Placement,49 real questions from past Ntar prvt lmtd interviews,Technical,General,Self introduction,medium,8,7,5.5
ntar-prvt-lmtd,Ntar prvt lmtd,Campus / Placement,49 real questions from past Ntar prvt lmtd interviews,Technical,General,Find Max number,medium,8,7,5.5
ntar-prvt-lmtd,Ntar prvt lmtd,Campus / Placement,49 real questions from past Ntar prvt lmtd interviews,Technical,Java,How to Remove the spaces in a string (JavaScript),medium,8,7,5.5
ntar-prvt-lmtd,Ntar prvt lmtd,Campus / Placement,49 real questions from past Ntar prvt lmtd interviews,Technical,General,what is THIS key word,medium,8,7,5.5
ntar-prvt-lmtd,Ntar prvt lmtd,Campus / Placement,49 real questions from past Ntar prvt lmtd interviews,Technical,General,pseudo- elements,medium,8,7,5.5
ntar-prvt-lmtd,Ntar prvt lmtd,Campus / Placement,49 real questions from past Ntar prvt lmtd interviews,Technical,General,How do you check if a number is an integer,medium,8,7,5.5
ntar-prvt-lmtd,Ntar prvt lmtd,Campus / Placement,49 real questions from past Ntar prvt lmtd interviews,Situational,Behavioral,Project explanation,medium,8,7,5.5
ntar-prvt-lmtd,Ntar prvt lmtd,Campus / Placement,49 real questions from past Ntar prvt lmtd interviews,Technical,General,value and variable,medium,8,7,5.5
ntar-prvt-lmtd,Ntar prvt lmtd,Campus / Placement,49 real questions from past Ntar prvt lmtd interviews,Technical,General,Time complexity for max number,medium,8,7,5.5
ntar-prvt-lmtd,Ntar prvt lmtd,Campus / Placement,49 real questions from past Ntar prvt lmtd interviews,Technical,OOP,Why we need OOPs,medium,8,7,5.5
ntar-prvt-lmtd,Ntar prvt lmtd,Campus / Placement,49 real questions from past Ntar prvt lmtd interviews,Technical,General,Example for class and object in your surroundings,medium,8,7,5.5
ntar-prvt-lmtd,Ntar prvt lmtd,Campus / Placement,49 real questions from past Ntar prvt lmtd interviews,Technical,DSA,What is algorithm,medium,8,7,5.5
ntar-prvt-lmtd,Ntar prvt lmtd,Campus / Placement,49 real questions from past Ntar prvt lmtd interviews,Technical,General,Reverse a string logic,medium,8,7,5.5
ntar-prvt-lmtd,Ntar prvt lmtd,Campus / Placement,49 real questions from past Ntar prvt lmtd interviews,Technical,General,Largest number code and explanation,medium,8,7,5.5
ntar-prvt-lmtd,Ntar prvt lmtd,Campus / Placement,49 real questions from past Ntar prvt lmtd interviews,Technical,General,Take any application and explain flow like simple calculator or login signup up,medium,8,7,5.5
ntar-prvt-lmtd,Ntar prvt lmtd,Campus / Placement,49 real questions from past Ntar prvt lmtd interviews,Technical,General,What is url how it actually works when user clicks it,medium,8,7,5.5
ntar-prvt-lmtd,Ntar prvt lmtd,Campus / Placement,49 real questions from past Ntar prvt lmtd interviews,Technical,General,any questions you have?,medium,8,7,5.5
ntar-pvt-lmtd,Ntar pvt lmtd,Campus / Placement,9 real questions from past Ntar pvt lmtd interviews,Technical,General,First round:,medium,8,7,5.5
ntar-pvt-lmtd,Ntar pvt lmtd,Campus / Placement,9 real questions from past Ntar pvt lmtd interviews,Technical,General,Problem solving — they give a sheet with options.,medium,8,7,5.5
ntar-pvt-lmtd,Ntar pvt lmtd,Campus / Placement,9 real questions from past Ntar pvt lmtd interviews,Technical,General,What is closure ?,medium,8,7,5.5
ntar-pvt-lmtd,Ntar pvt lmtd,Campus / Placement,9 real questions from past Ntar pvt lmtd interviews,Technical,General,What are debouncing ?,medium,8,7,5.5
ntar-pvt-lmtd,Ntar pvt lmtd,Campus / Placement,9 real questions from past Ntar pvt lmtd interviews,Technical,General,What is prop drilling ?,medium,8,7,5.5
ntar-pvt-lmtd,Ntar pvt lmtd,Campus / Placement,9 real questions from past Ntar pvt lmtd interviews,Technical,OOP,What is EventLoop in js ?,medium,8,7,5.5
ntar-pvt-lmtd,Ntar pvt lmtd,Campus / Placement,9 real questions from past Ntar pvt lmtd interviews,Technical,General,"What is Var,Let,const ?",medium,8,7,5.5
ntar-pvt-lmtd,Ntar pvt lmtd,Campus / Placement,9 real questions from past Ntar pvt lmtd interviews,Technical,General,write crud operations in js ?,medium,8,7,5.5
ntar-pvt-lmtd,Ntar pvt lmtd,Campus / Placement,9 real questions from past Ntar pvt lmtd interviews,Technical,General,what is Redux and ToolKit ?.,medium,8,7,5.5
pgagi,PGAGI,Campus / Placement,19 real questions from past PGAGI interviews,Technical,General,Self Intro,medium,8,7,5.5
pgagi,PGAGI,Campus / Placement,19 real questions from past PGAGI interviews,Situational,Behavioral,Project Explanation,medium,8,7,5.5
pgagi,PGAGI,Campus / Placement,19 real questions from past PGAGI interviews,Technical,HTML/CSS,Now HTML5 right what is 5,medium,8,7,5.5
pgagi,PGAGI,Campus / Placement,19 real questions from past PGAGI interviews,Technical,HTML/CSS,what the new features in HTML5,medium,8,7,5.5
pgagi,PGAGI,Campus / Placement,19 real questions from past PGAGI interviews,Technical,HTML/CSS,how it is differ from XHTML,medium,8,7,5.5
pgagi,PGAGI,Campus / Placement,19 real questions from past PGAGI interviews,Technical,HTML/CSS,CSS units and how it works,medium,8,7,5.5
pgagi,PGAGI,Campus / Placement,19 real questions from past PGAGI interviews,Technical,General,what is the value of 1 rem,medium,8,7,5.5
pgagi,PGAGI,Campus / Placement,19 real questions from past PGAGI interviews,Technical,General,give task to create a 4/4 matrix with 10px height and width of each cell. the matrix should be in center by both axis.,medium,8,7,5.5
pgagi,PGAGI,Campus / Placement,19 real questions from past PGAGI interviews,Technical,HTML/CSS,what is tailwind css,medium,8,7,5.5
pgagi,PGAGI,Campus / Placement,19 real questions from past PGAGI interviews,Technical,General,what is hoisting,medium,8,7,5.5
pgagi,PGAGI,Campus / Placement,19 real questions from past PGAGI interviews,Technical,General,DOM,medium,8,7,5.5
pgagi,PGAGI,Campus / Placement,19 real questions from past PGAGI interviews,Technical,Java,how TypeScript differ from JavaScript,medium,8,7,5.5
pgagi,PGAGI,Campus / Placement,19 real questions from past PGAGI interviews,Technical,Java,can't we use types in normal JavaScript,medium,8,7,5.5
pgagi,PGAGI,Campus / Placement,19 real questions from past PGAGI interviews,Technical,React,what is new features in React 19,medium,8,7,5.5
pgagi,PGAGI,Campus / Placement,19 real questions from past PGAGI interviews,Technical,General,Hooks,medium,8,7,5.5
pgagi,PGAGI,Campus / Placement,19 real questions from past PGAGI interviews,Technical,General,tell me hooks you known,medium,8,7,5.5
pgagi,PGAGI,Campus / Placement,19 real questions from past PGAGI interviews,Technical,General,Explain about useState,medium,8,7,5.5
pgagi,PGAGI,Campus / Placement,19 real questions from past PGAGI interviews,Technical,General,Explain the lazy loading by using a website (they asked with bewakoof website),medium,8,7,5.5
pgagi,PGAGI,Campus / Placement,19 real questions from past PGAGI interviews,Technical,General,difference btw app and page routing,medium,8,7,5.5
posiflex,Posiflex,Campus / Placement,6 real questions from past Posiflex interviews,Technical,General,Self intro,medium,8,7,5.5
posiflex,Posiflex,Campus / Placement,6 real questions from past Posiflex interviews,Technical,General,Js code output guess cheyali and explanation,medium,8,7,5.5
posiflex,Posiflex,Campus / Placement,6 real questions from past Posiflex interviews,Technical,General,"Stack , queue",medium,8,7,5.5
posiflex,Posiflex,Campus / Placement,6 real questions from past Posiflex interviews,Technical,General,In Django will we use cors,medium,8,7,5.5
posiflex,Posiflex,Campus / Placement,6 real questions from past Posiflex interviews,Technical,General,http methods,medium,8,7,5.5
posiflex,Posiflex,Campus / Placement,6 real questions from past Posiflex interviews,Technical,General,js code outputs and explanation,medium,8,7,5.5
pragma-edge,Pragma Edge,Campus / Placement,92 real questions from past Pragma Edge interviews,Technical,General,Topic: What is being successful,medium,10,7,5.5
pragma-edge,Pragma Edge,Campus / Placement,92 real questions from past Pragma Edge interviews,Technical,General,"Questions: Armstrong Number, Anagram",medium,10,7,5.5
pragma-edge,Pragma Edge,Campus / Placement,92 real questions from past Pragma Edge interviews,Technical,General,"Solving one is enough, but solving both will give leverage",medium,10,7,5.5
pragma-edge,Pragma Edge,Campus / Placement,92 real questions from past Pragma Edge interviews,Technical,General,"NOTE: They shortlisted based on both 1st and 2nd rounds, which might not happen for others",medium,10,7,5.5
pragma-edge,Pragma Edge,Campus / Placement,92 real questions from past Pragma Edge interviews,Technical,General,A program on referance copy,medium,10,7,5.5
pragma-edge,Pragma Edge,Campus / Placement,92 real questions from past Pragma Edge interviews,Technical,General,"Difference between ""is"" operator and ""==""",medium,10,7,5.5
pragma-edge,Pragma Edge,Campus / Placement,92 real questions from past Pragma Edge interviews,Technical,General,Find the duplicates in the list,medium,10,7,5.5
pragma-edge,Pragma Edge,Campus / Placement,92 real questions from past Pragma Edge interviews,Technical,General,What are args and cogs,medium,10,7,5.5
pragma-edge,Pragma Edge,Campus / Placement,92 real questions from past Pragma Edge interviews,HR,Introduction,Questions based on my resume:,easy,10,7,5.5
pragma-edge,Pragma Edge,Campus / Placement,92 real questions from past Pragma Edge interviews,Technical,React,What is React?,medium,10,7,5.5
pragma-edge,Pragma Edge,Campus / Placement,92 real questions from past Pragma Edge interviews,Technical,React,How does React work?,medium,10,7,5.5
pragma-edge,Pragma Edge,Campus / Placement,92 real questions from past Pragma Edge interviews,Technical,General,What is useEffect?,medium,10,7,5.5
pragma-edge,Pragma Edge,Campus / Placement,92 real questions from past Pragma Edge interviews,Technical,Git,What is the output of git log,medium,10,7,5.5
pragma-edge,Pragma Edge,Campus / Placement,92 real questions from past Pragma Edge interviews,Technical,General,"If you can clear this round, you're almost a selected candidate",medium,10,7,5.5
pragma-edge,Pragma Edge,Campus / Placement,92 real questions from past Pragma Edge interviews,Technical,General,Communication is important in this round,medium,10,7,5.5
pragma-edge,Pragma Edge,Campus / Placement,92 real questions from past Pragma Edge interviews,Technical,General,Self intro,medium,10,7,5.5
pragma-edge,Pragma Edge,Campus / Placement,92 real questions from past Pragma Edge interviews,Technical,General,Questions based on self-introduction,medium,10,7,5.5
pragma-edge,Pragma Edge,Campus / Placement,92 real questions from past Pragma Edge interviews,HR,Introduction,Questions based on the resume,easy,10,7,5.5
pragma-edge,Pragma Edge,Campus / Placement,92 real questions from past Pragma Edge interviews,Technical,General,Are you ok with rotational shifts?,medium,10,7,5.5
pragma-edge,Pragma Edge,Campus / Placement,92 real questions from past Pragma Edge interviews,Technical,General,Questions on Pragma Edge (Important),medium,10,7,5.5
pragma-edge,Pragma Edge,Campus / Placement,92 real questions from past Pragma Edge interviews,Technical,General,"Questions: swap two variables,count number of vowels",medium,10,7,5.5
pragma-edge,Pragma Edge,Campus / Placement,92 real questions from past Pragma Edge interviews,Technical,Git,⁠take a 8 digit number and print the 5th digit (now revere a number from that digit ),medium,10,7,5.5
pragma-edge,Pragma Edge,Campus / Placement,92 real questions from past Pragma Edge interviews,Technical,General,⁠print equilateral triangle of 6 rows,medium,10,7,5.5
pragma-edge,Pragma Edge,Campus / Placement,92 real questions from past Pragma Edge interviews,Technical,General,⁠what is exception handiling,medium,10,7,5.5
pragma-edge,Pragma Edge,Campus / Placement,92 real questions from past Pragma Edge interviews,Technical,General,⁠what is file handiling,medium,10,7,5.5
pragma-edge,Pragma Edge,Campus / Placement,92 real questions from past Pragma Edge interviews,Technical,General,⁠ questions on numpy,medium,10,7,5.5
pragma-edge,Pragma Edge,Campus / Placement,92 real questions from past Pragma Edge interviews,Technical,Python,⁠features of python,medium,10,7,5.5
pragma-edge,Pragma Edge,Campus / Placement,92 real questions from past Pragma Edge interviews,Technical,General,⁠explain conditional statements,medium,10,7,5.5
pragma-edge,Pragma Edge,Campus / Placement,92 real questions from past Pragma Edge interviews,Technical,General,⁠give one pseudo code and aske me to write the output,medium,10,7,5.5
pragma-edge,Pragma Edge,Campus / Placement,92 real questions from past Pragma Edge interviews,Technical,Git,"what is git , what is github",medium,10,7,5.5
pragma-edge,Pragma Edge,Campus / Placement,92 real questions from past Pragma Edge interviews,Technical,General,Topic : How do you define success in your life ??,medium,10,7,5.5
pragma-edge,Pragma Edge,Campus / Placement,92 real questions from past Pragma Edge interviews,Technical,General,prime number,medium,10,7,5.5
pragma-edge,Pragma Edge,Campus / Placement,92 real questions from past Pragma Edge interviews,Technical,General,swapping two variables,medium,10,7,5.5
pragma-edge,Pragma Edge,Campus / Placement,92 real questions from past Pragma Edge interviews,Technical,General,Round3 : Technical Interview,medium,10,7,5.5
pragma-edge,Pragma Edge,Campus / Placement,92 real questions from past Pragma Edge interviews,Technical,Python,Asked in which you are comfort in python or frontend. I choosen python,medium,10,7,5.5
pragma-edge,Pragma Edge,Campus / Placement,92 real questions from past Pragma Edge interviews,Technical,Python,Difference between python 2.0 and 3.0 version,medium,10,7,5.5
pragma-edge,Pragma Edge,Campus / Placement,92 real questions from past Pragma Edge interviews,Technical,General,How do you swap two variables without declaring another variable.and explain about memory allocation,medium,10,7,5.5
pragma-edge,Pragma Edge,Campus / Placement,92 real questions from past Pragma Edge interviews,Technical,General,"Pass, continue statements",medium,10,7,5.5
pragma-edge,Pragma Edge,Campus / Placement,92 real questions from past Pragma Edge interviews,Technical,General,Dictionary,medium,10,7,5.5
pragma-edge,Pragma Edge,Campus / Placement,92 real questions from past Pragma Edge interviews,Technical,General,2 programs:,medium,10,7,5.5
pragma-edge,Pragma Edge,Campus / Placement,92 real questions from past Pragma Edge interviews,HR,Python,Why should I hire you for a python developer role,easy,10,7,5.5
pragma-edge,Pragma Edge,Campus / Placement,92 real questions from past Pragma Edge interviews,Technical,General,Are you ok with rotational shifts,medium,10,7,5.5
pragma-edge,Pragma Edge,Campus / Placement,92 real questions from past Pragma Edge interviews,Technical,General,It's all about testing our communication skills,medium,10,7,5.5
pragma-edge,Pragma Edge,Campus / Placement,92 real questions from past Pragma Edge interviews,Technical,General,Self introduction,medium,10,7,5.5
pragma-edge,Pragma Edge,Campus / Placement,92 real questions from past Pragma Edge interviews,Situational,Behavioral,Explain about your major project,medium,10,7,5.5
pragma-edge,Pragma Edge,Campus / Placement,92 real questions from past Pragma Edge interviews,Situational,Behavioral,Tell me about your project team .how did you handled them,medium,10,7,5.5
pragma-edge,Pragma Edge,Campus / Placement,92 real questions from past Pragma Edge interviews,Technical,General,Asked to explain about the internships,medium,10,7,5.5
pragma-edge,Pragma Edge,Campus / Placement,92 real questions from past Pragma Edge interviews,Technical,General,Are you okay with rotational shifts,medium,10,7,5.5
pragma-edge,Pragma Edge,Campus / Placement,92 real questions from past Pragma Edge interviews,Technical,General,And after clearing all the rounds they asked to give behavioural test/ psychometric test,medium,10,7,5.5
pragma-edge,Pragma Edge,Campus / Placement,92 real questions from past Pragma Edge interviews,Technical,General,Topic: How do you define success.,medium,10,7,5.5
pragma-edge,Pragma Edge,Campus / Placement,92 real questions from past Pragma Edge interviews,Technical,General,Questions:1)maximum number.,medium,10,7,5.5
pragma-edge,Pragma Edge,Campus / Placement,92 real questions from past Pragma Edge interviews,Technical,General,count vowels.,medium,10,7,5.5
pragma-edge,Pragma Edge,Campus / Placement,92 real questions from past Pragma Edge interviews,Technical,General,lambda expressions,medium,10,7,5.5
pragma-edge,Pragma Edge,Campus / Placement,92 real questions from past Pragma Edge interviews,Technical,General,⁠ access modifiers,medium,10,7,5.5
pragma-edge,Pragma Edge,Campus / Placement,92 real questions from past Pragma Edge interviews,Technical,General,⁠given two pseudo codes on interfaces and asked me to fill the gaps and output as they required.,medium,10,7,5.5
pragma-edge,Pragma Edge,Campus / Placement,92 real questions from past Pragma Edge interviews,Technical,General,questions on string constant pool and string,medium,10,7,5.5
pragma-edge,Pragma Edge,Campus / Placement,92 real questions from past Pragma Edge interviews,Technical,General,Implement a interface,hard,10,7,5.5
pragma-edge,Pragma Edge,Campus / Placement,92 real questions from past Pragma Edge interviews,Technical,General,again two pseudo codes on SCP.,medium,10,7,5.5
pragma-edge,Pragma Edge,Campus / Placement,92 real questions from past Pragma Edge interviews,Technical,Spring,Basic questions on spring boot.,medium,10,7,5.5
pragma-edge,Pragma Edge,Campus / Placement,92 real questions from past Pragma Edge interviews,Technical,General,Explain projects in waterfall model.,medium,10,7,5.5
pragma-edge,Pragma Edge,Campus / Placement,92 real questions from past Pragma Edge interviews,Situational,Behavioral,How do you handle people in your team.,medium,10,7,5.5
pragma-edge,Pragma Edge,Campus / Placement,92 real questions from past Pragma Edge interviews,Technical,General,Topic: What is being Successful/Define Success,medium,10,7,5.5
pragma-edge,Pragma Edge,Campus / Placement,92 real questions from past Pragma Edge interviews,Technical,General,"Questions: Reverse a string , Remove duplicates(in string/list)",medium,10,7,5.5
pragma-edge,Pragma Edge,Campus / Placement,92 real questions from past Pragma Edge interviews,Technical,General,NOTE: shortlisted on 1st & 2nd rounds(which might not happen for others),medium,10,7,5.5
pragma-edge,Pragma Edge,Campus / Placement,92 real questions from past Pragma Edge interviews,Technical,General,> Self intro,medium,10,7,5.5
pragma-edge,Pragma Edge,Campus / Placement,92 real questions from past Pragma Edge interviews,Technical,HTML/CSS,"(how to give background color, fav icon, difference b/w Html tags & attritubes)-->HTML",medium,10,7,5.5
pragma-edge,Pragma Edge,Campus / Placement,92 real questions from past Pragma Edge interviews,Technical,Python,"(variables, Types of variables, how can take the i/p by user,scope of variables)-->python",medium,10,7,5.5
pragma-edge,Pragma Edge,Campus / Placement,92 real questions from past Pragma Edge interviews,Technical,Java,"(method overloading, method overriding)-->java",medium,10,7,5.5
pragma-edge,Pragma Edge,Campus / Placement,92 real questions from past Pragma Edge interviews,Technical,General,some times we need to execute or we have to write on Notepad,medium,10,7,5.5
pragma-edge,Pragma Edge,Campus / Placement,92 real questions from past Pragma Edge interviews,Technical,General,>even odd,medium,10,7,5.5
pragma-edge,Pragma Edge,Campus / Placement,92 real questions from past Pragma Edge interviews,Technical,General,>reverse a string,medium,10,7,5.5
pragma-edge,Pragma Edge,Campus / Placement,92 real questions from past Pragma Edge interviews,Technical,General,>GDC of two numbers,medium,10,7,5.5
pragma-edge,Pragma Edge,Campus / Placement,92 real questions from past Pragma Edge interviews,Technical,General,>Leap year,medium,10,7,5.5
pragma-edge,Pragma Edge,Campus / Placement,92 real questions from past Pragma Edge interviews,Technical,General,>largest to 3 numbers,medium,10,7,5.5
pragma-edge,Pragma Edge,Campus / Placement,92 real questions from past Pragma Edge interviews,Technical,General,>Checking the given Username & password is valid or not,medium,10,7,5.5
pragma-edge,Pragma Edge,Campus / Placement,92 real questions from past Pragma Edge interviews,Technical,General,(,medium,10,7,5.5
pragma-edge,Pragma Edge,Campus / Placement,92 real questions from past Pragma Edge interviews,Technical,General,"if username=""input_by_user"" and password=""input_by_user"" :",medium,10,7,5.5
pragma-edge,Pragma Edge,Campus / Placement,92 real questions from past Pragma Edge interviews,Technical,General,print('true'),medium,10,7,5.5
pragma-edge,Pragma Edge,Campus / Placement,92 real questions from past Pragma Edge interviews,Technical,General,"print(""false"")",medium,10,7,5.5
pragma-edge,Pragma Edge,Campus / Placement,92 real questions from past Pragma Edge interviews,Technical,General,),medium,10,7,5.5
pragma-edge,Pragma Edge,Campus / Placement,92 real questions from past Pragma Edge interviews,Situational,Behavioral,> Questions on project,medium,10,7,5.5
pragma-edge,Pragma Edge,Campus / Placement,92 real questions from past Pragma Edge interviews,HR,Introduction,>Questions on Resume,easy,10,7,5.5
pragma-edge,Pragma Edge,Campus / Placement,92 real questions from past Pragma Edge interviews,Technical,General,"They were very free with me ,(just are just like OUR FRIEND)",medium,10,7,5.5
pragma-edge,Pragma Edge,Campus / Placement,92 real questions from past Pragma Edge interviews,Technical,General,NOTE: Be Confident while answering Questions (its imp),medium,10,7,5.5
pragma-edge,Pragma Edge,Campus / Placement,92 real questions from past Pragma Edge interviews,Technical,General,>Self intro,medium,10,7,5.5
pragma-edge,Pragma Edge,Campus / Placement,92 real questions from past Pragma Edge interviews,Situational,Behavioral,>Challenges that are faced while doing the project,medium,10,7,5.5
pragma-edge,Pragma Edge,Campus / Placement,92 real questions from past Pragma Edge interviews,Technical,General,>175 questions,medium,10,7,5.5
pragma-edge,Pragma Edge,Campus / Placement,92 real questions from past Pragma Edge interviews,Technical,General,>45 min,medium,10,7,5.5
pragma-edge,Pragma Edge,Campus / Placement,92 real questions from past Pragma Edge interviews,Technical,General,About Company(products etc..),medium,10,7,5.5
pragma-edge,Pragma Edge,Campus / Placement,92 real questions from past Pragma Edge interviews,Situational,Behavioral,Major Challenge that you faced while doing the Project.,medium,10,7,5.5
pragma-edge,Pragma Edge,Campus / Placement,92 real questions from past Pragma Edge interviews,Technical,General,Whoes that one Ideal person in your life? And why?,medium,10,7,5.5
pragma-edge,Pragma Edge,Campus / Placement,92 real questions from past Pragma Edge interviews,HR,Introduction,Why should we hire you ?,easy,10,7,5.5
pragmaedge,Pragmaedge,Campus / Placement,85 real questions from past Pragmaedge interviews,Technical,General,First round: basic coding,medium,9,7,5.5
pragmaedge,Pragmaedge,Campus / Placement,85 real questions from past Pragmaedge interviews,HR,Introduction,"Second round: execution of above code, questions based on the resume, project explanations,",medium,9,7,5.5
pragmaedge,Pragmaedge,Campus / Placement,85 real questions from past Pragmaedge interviews,HR,Introduction,"Third round(pm round): Questions based on the projects in the resume, their explanations, self introduction, any issues in projects and how did you handle them, strengths and weakness, details about their company, how did you get to know about their company, why did you choose that company.",medium,9,7,5.5
pragmaedge,Pragmaedge,Campus / Placement,85 real questions from past Pragmaedge interviews,Technical,General,In first round I got to check whether the vowels are present in a string or not. Remaining rounds all questions are same,medium,9,7,5.5
pragmaedge,Pragmaedge,Campus / Placement,85 real questions from past Pragmaedge interviews,Technical,General,12th wonder,medium,9,7,5.5
pragmaedge,Pragmaedge,Campus / Placement,85 real questions from past Pragmaedge interviews,Technical,General,(1) Self Intro,medium,9,7,5.5
pragmaedge,Pragmaedge,Campus / Placement,85 real questions from past Pragmaedge interviews,Technical,General,(2) Code Architecture,hard,9,7,5.5
pragmaedge,Pragmaedge,Campus / Placement,85 real questions from past Pragmaedge interviews,Technical,General,(3) Routing and Functioning,medium,9,7,5.5
pragmaedge,Pragmaedge,Campus / Placement,85 real questions from past Pragmaedge interviews,Technical,General,(4) What is the difference between Or and In,medium,9,7,5.5
pragmaedge,Pragmaedge,Campus / Placement,85 real questions from past Pragmaedge interviews,Technical,General,(5) What are Joins?,medium,9,7,5.5
pragmaedge,Pragmaedge,Campus / Placement,85 real questions from past Pragmaedge interviews,Technical,General,(6) What is the Difference between Left Join and Right Join?,medium,9,7,5.5
pragmaedge,Pragmaedge,Campus / Placement,85 real questions from past Pragmaedge interviews,Technical,General,"(7) Same basics about Servers, Linux",medium,9,7,5.5
pragmaedge,Pragmaedge,Campus / Placement,85 real questions from past Pragmaedge interviews,HR,Introduction,(8) Are you willing to Relocate?,easy,9,7,5.5
pragmaedge,Pragmaedge,Campus / Placement,85 real questions from past Pragmaedge interviews,Situational,Behavioral,"In Hr round Introduce yourself, Tell me about pragmaegde, Explain about your project, are you ok with rotational shifts, Are you ok with 2.5 year bond, What are your hobbies.",medium,9,7,5.5
pragmaedge,Pragmaedge,Campus / Placement,85 real questions from past Pragmaedge interviews,Situational,Behavioral,mainly focused on project,medium,9,7,5.5
pragmaedge,Pragmaedge,Campus / Placement,85 real questions from past Pragmaedge interviews,Technical,General,"I have completed hr round,hr is Priyanka.",medium,9,7,5.5
pragmaedge,Pragmaedge,Campus / Placement,85 real questions from past Pragmaedge interviews,Situational,Behavioral,project related questions,medium,9,7,5.5
pragmaedge,Pragmaedge,Campus / Placement,85 real questions from past Pragmaedge interviews,Technical,General,how do you upgrade,medium,9,7,5.5
pragmaedge,Pragmaedge,Campus / Placement,85 real questions from past Pragmaedge interviews,HR,Introduction,Where do you see yourself in the next 5 years,easy,9,7,5.5
pragmaedge,Pragmaedge,Campus / Placement,85 real questions from past Pragmaedge interviews,Situational,Behavioral,Challenges faced in a team work,medium,9,7,5.5
pragmaedge,Pragmaedge,Campus / Placement,85 real questions from past Pragmaedge interviews,Technical,General,I have completed my hr round.The questions asked are:,medium,9,7,5.5
pragmaedge,Pragmaedge,Campus / Placement,85 real questions from past Pragmaedge interviews,Technical,General,self introduction,medium,9,7,5.5
pragmaedge,Pragmaedge,Campus / Placement,85 real questions from past Pragmaedge interviews,Situational,Behavioral,challenges you had faced during project,medium,9,7,5.5
pragmaedge,Pragmaedge,Campus / Placement,85 real questions from past Pragmaedge interviews,HR,Introduction,strengths and weakness,easy,9,7,5.5
pragmaedge,Pragmaedge,Campus / Placement,85 real questions from past Pragmaedge interviews,Technical,General,About Family,medium,9,7,5.5
pragmaedge,Pragmaedge,Campus / Placement,85 real questions from past Pragmaedge interviews,Technical,General,About their Company,medium,9,7,5.5
pragmaedge,Pragmaedge,Campus / Placement,85 real questions from past Pragmaedge interviews,Technical,General,About Internships,medium,9,7,5.5
pragmaedge,Pragmaedge,Campus / Placement,85 real questions from past Pragmaedge interviews,HR,Introduction,After how many days you are Free to join the company',easy,9,7,5.5
pragmaedge,Pragmaedge,Campus / Placement,85 real questions from past Pragmaedge interviews,HR,Introduction,where do you see yourself after 5 years?,easy,9,7,5.5
pragmaedge,Pragmaedge,Campus / Placement,85 real questions from past Pragmaedge interviews,Technical,General,Self intro,medium,9,7,5.5
pragmaedge,Pragmaedge,Campus / Placement,85 real questions from past Pragmaedge interviews,Technical,General,Motivation behind learning development,medium,9,7,5.5
pragmaedge,Pragmaedge,Campus / Placement,85 real questions from past Pragmaedge interviews,Technical,General,If you need to work on an another position for the company help for temporary will you accept it,medium,9,7,5.5
pragmaedge,Pragmaedge,Campus / Placement,85 real questions from past Pragmaedge interviews,Technical,General,About pragma,medium,9,7,5.5
pragmaedge,Pragmaedge,Campus / Placement,85 real questions from past Pragmaedge interviews,Technical,General,Where do you wanna see yourself in future,medium,9,7,5.5
pragmaedge,Pragmaedge,Campus / Placement,85 real questions from past Pragmaedge interviews,HR,Introduction,relocate to hyd,easy,9,7,5.5
pragmaedge,Pragmaedge,Campus / Placement,85 real questions from past Pragmaedge interviews,HR,Introduction,Tell me about yourself,easy,9,7,5.5
pragmaedge,Pragmaedge,Campus / Placement,85 real questions from past Pragmaedge interviews,Situational,Behavioral,About projects and questions on project,medium,9,7,5.5
pragmaedge,Pragmaedge,Campus / Placement,85 real questions from past Pragmaedge interviews,Technical,General,About pargmaEdge,medium,9,7,5.5
pragmaedge,Pragmaedge,Campus / Placement,85 real questions from past Pragmaedge interviews,Technical,General,How do you stay updated with recent trends,medium,9,7,5.5
pragmaedge,Pragmaedge,Campus / Placement,85 real questions from past Pragmaedge interviews,Technical,General,Who's your motivation,medium,9,7,5.5
pragmaedge,Pragmaedge,Campus / Placement,85 real questions from past Pragmaedge interviews,Technical,General,Why you interested in this field,medium,9,7,5.5
pragmaedge,Pragmaedge,Campus / Placement,85 real questions from past Pragmaedge interviews,Technical,General,Do you know anything about this role (programmer analyst),medium,9,7,5.5
pragmaedge,Pragmaedge,Campus / Placement,85 real questions from past Pragmaedge interviews,Technical,General,They give me some situational questions,medium,9,7,5.5
pragmaedge,Pragmaedge,Campus / Placement,85 real questions from past Pragmaedge interviews,Technical,General,About CTC,medium,9,7,5.5
pragmaedge,Pragmaedge,Campus / Placement,85 real questions from past Pragmaedge interviews,Technical,General,About Rotational shifts,medium,9,7,5.5
pragmaedge,Pragmaedge,Campus / Placement,85 real questions from past Pragmaedge interviews,Technical,General,Interview Questions Asked by Pragmaedge Hr,medium,9,7,5.5
pragmaedge,Pragmaedge,Campus / Placement,85 real questions from past Pragmaedge interviews,Technical,General,Tell me about your projects,medium,9,7,5.5
pragmaedge,Pragmaedge,Campus / Placement,85 real questions from past Pragmaedge interviews,Technical,General,Tell me about your internships,medium,9,7,5.5
pragmaedge,Pragmaedge,Campus / Placement,85 real questions from past Pragmaedge interviews,Technical,General,What was your role in the internship?,medium,9,7,5.5
pragmaedge,Pragmaedge,Campus / Placement,85 real questions from past Pragmaedge interviews,Technical,General,How did you handle that role?,medium,9,7,5.5
pragmaedge,Pragmaedge,Campus / Placement,85 real questions from past Pragmaedge interviews,Communication,Clarity,"If you find out that your team project has issues but the deadline is today itself, and your team lead/project manager is not available, what would you do?",medium,9,7,5.5
pragmaedge,Pragmaedge,Campus / Placement,85 real questions from past Pragmaedge interviews,Technical,General,One of your teammates is not doing the work but is taking credit for others’ efforts. You identified it – what would be your next step?,medium,9,7,5.5
pragmaedge,Pragmaedge,Campus / Placement,85 real questions from past Pragmaedge interviews,Situational,Behavioral,How would you handle different teams in a single project and ensure smooth collaboration among them?,medium,9,7,5.5
pragmaedge,Pragmaedge,Campus / Placement,85 real questions from past Pragmaedge interviews,HR,Introduction,Are you willing to relocate?,easy,9,7,5.5
pragmaedge,Pragmaedge,Campus / Placement,85 real questions from past Pragmaedge interviews,Technical,General,Are you comfortable with rotational shifts?,medium,9,7,5.5
pragmaedge,Pragmaedge,Campus / Placement,85 real questions from past Pragmaedge interviews,Technical,General,Are you okay with signing a bond?,medium,9,7,5.5
pragmaedge,Pragmaedge,Campus / Placement,85 real questions from past Pragmaedge interviews,Technical,General,What do you know about the role we are offering?,medium,9,7,5.5
pragmaedge,Pragmaedge,Campus / Placement,85 real questions from past Pragmaedge interviews,Technical,General,On which day did you come for the walk-in?,medium,9,7,5.5
pragmaedge,Pragmaedge,Campus / Placement,85 real questions from past Pragmaedge interviews,Technical,General,What was your experience in our company’s interview process?,medium,9,7,5.5
pragmaedge,Pragmaedge,Campus / Placement,85 real questions from past Pragmaedge interviews,Technical,General,What is your current presence in this area (purpose of staying here)?,medium,9,7,5.5
pragmaedge,Pragmaedge,Campus / Placement,85 real questions from past Pragmaedge interviews,Technical,Python,How did you manage your Python Full Stack training along with other commitments?,medium,9,7,5.5
pragmaedge,Pragmaedge,Campus / Placement,85 real questions from past Pragmaedge interviews,Technical,General,What challenges did you face in your projects?,medium,9,7,5.5
pragmaedge,Pragmaedge,Campus / Placement,85 real questions from past Pragmaedge interviews,Technical,General,"Do you prefer teamwork or individual work, and why?",medium,9,7,5.5
pragmaedge,Pragmaedge,Campus / Placement,85 real questions from past Pragmaedge interviews,Technical,Java,"SOPEONOWback(python,django)Front (html,css,java script)",medium,9,7,5.5
pragmaedge,Pragmaedge,Campus / Placement,85 real questions from past Pragmaedge interviews,Technical,General,Psuedo Class and Psuedo elements,medium,9,7,5.5
pragmaedge,Pragmaedge,Campus / Placement,85 real questions from past Pragmaedge interviews,Technical,Java,"SOPEONOW back(python,django)Front (html,css,java scrit)",medium,9,7,5.5
pragmaedge,Pragmaedge,Campus / Placement,85 real questions from past Pragmaedge interviews,Technical,General,What is the difference between pseudo-elements and pseudo-classes,medium,9,7,5.5
pragmaedge,Pragmaedge,Campus / Placement,85 real questions from past Pragmaedge interviews,Technical,General,How do you check it is a integer,medium,9,7,5.5
pragmaedge,Pragmaedge,Campus / Placement,85 real questions from past Pragmaedge interviews,Technical,General,3What is the difference between.attr and . prop,medium,9,7,5.5
pragmaedge,Pragmaedge,Campus / Placement,85 real questions from past Pragmaedge interviews,Technical,General,Difference between.empty .remove and .dispatch,medium,9,7,5.5
pragmaedge,Pragmaedge,Campus / Placement,85 real questions from past Pragmaedge interviews,Technical,General,What is json.parse,medium,9,7,5.5
pragmaedge,Pragmaedge,Campus / Placement,85 real questions from past Pragmaedge interviews,Technical,APIs,How do you capitalise the first letter,medium,9,7,5.5
pragmaedge,Pragmaedge,Campus / Placement,85 real questions from past Pragmaedge interviews,Technical,Java,"SOPEONOW back(python,django)Front (html,css,java script)",medium,9,7,5.5
pragmaedge,Pragmaedge,Campus / Placement,85 real questions from past Pragmaedge interviews,Technical,General,json.parse vs json.stringfy,medium,9,7,5.5
pragmaedge,Pragmaedge,Campus / Placement,85 real questions from past Pragmaedge interviews,Technical,General,how to get sum of arr elements,medium,9,7,5.5
pragmaedge,Pragmaedge,Campus / Placement,85 real questions from past Pragmaedge interviews,Technical,General,custom attributes,medium,9,7,5.5
pragmaedge,Pragmaedge,Campus / Placement,85 real questions from past Pragmaedge interviews,Technical,General,keyup and keydown events,medium,9,7,5.5
pragmaedge,Pragmaedge,Campus / Placement,85 real questions from past Pragmaedge interviews,Technical,General,setTimeout and setInterval,medium,9,7,5.5
pragmaedge,Pragmaedge,Campus / Placement,85 real questions from past Pragmaedge interviews,Technical,General,charAt fuction,medium,9,7,5.5
pragmaedge,Pragmaedge,Campus / Placement,85 real questions from past Pragmaedge interviews,Technical,General,What is the difference between pseudo elements and pseudo classes,medium,9,7,5.5
pragmaedge,Pragmaedge,Campus / Placement,85 real questions from past Pragmaedge interviews,Technical,General,setTimeout and setInterval and syntax,medium,9,7,5.5
pragmaedge,Pragmaedge,Campus / Placement,85 real questions from past Pragmaedge interviews,Technical,General,How get sum of arr elements,medium,9,7,5.5
pragmaedge,Pragmaedge,Campus / Placement,85 real questions from past Pragmaedge interviews,Technical,General,Difference between json.parse and json.stringify,medium,9,7,5.5
pragmaedge,Pragmaedge,Campus / Placement,85 real questions from past Pragmaedge interviews,Technical,HTML/CSS,How do you define html attributes,medium,9,7,5.5
pragmaedge,Pragmaedge,Campus / Placement,85 real questions from past Pragmaedge interviews,Technical,General,How to get sum arr elements,medium,9,7,5.5
prolifics,Prolifics,Campus / Placement,13 real questions from past Prolifics interviews,Technical,General,2nd one string comparison,medium,8,7,5.5
prolifics,Prolifics,Campus / Placement,13 real questions from past Prolifics interviews,Technical,General,Max sum of continuous sub array,medium,8,7,5.5
prolifics,Prolifics,Campus / Placement,13 real questions from past Prolifics interviews,Technical,General,string comparison,medium,8,7,5.5
prolifics,Prolifics,Campus / Placement,13 real questions from past Prolifics interviews,Technical,General,character frequency count in a string,medium,8,7,5.5
prolifics,Prolifics,Campus / Placement,13 real questions from past Prolifics interviews,Technical,General,First they asked to do a big problem 10-11;30,medium,8,7,5.5
prolifics,Prolifics,Campus / Placement,13 real questions from past Prolifics interviews,Technical,General,12:30 two small problems,medium,8,7,5.5
prolifics,Prolifics,Campus / Placement,13 real questions from past Prolifics interviews,Technical,General,After this we went for lunch,medium,8,7,5.5
prolifics,Prolifics,Campus / Placement,13 real questions from past Prolifics interviews,HR,Introduction,They mainly asked questions based on resume like self-intro,easy,8,7,5.5
prolifics,Prolifics,Campus / Placement,13 real questions from past Prolifics interviews,Technical,General,Explain about projects,medium,8,7,5.5
prolifics,Prolifics,Campus / Placement,13 real questions from past Prolifics interviews,Technical,React,"UseState ,UseEffect in react",medium,8,7,5.5
prolifics,Prolifics,Campus / Placement,13 real questions from past Prolifics interviews,Technical,Java,runtime vs compile time polymorphism in java,medium,8,7,5.5
prolifics,Prolifics,Campus / Placement,13 real questions from past Prolifics interviews,Technical,General,And last he asked about explain your code,medium,8,7,5.5
prolifics,Prolifics,Campus / Placement,13 real questions from past Prolifics interviews,HR,SQL,"It's a more of a pen and paper coding round. Patterns, recursion, sql queries(joins and subquery), palindrome and then questions regarding projects, weaknesses, strengths",medium,8,7,5.5
prolifics-ba,Prolifics(BA),Campus / Placement,32 real questions from past Prolifics(BA) interviews,Technical,General,The goal of this program is to:,medium,8,7,5.5
prolifics-ba,Prolifics(BA),Campus / Placement,32 real questions from past Prolifics(BA) interviews,Technical,General,Manage tasks stored in a text file (todo.txt),medium,8,7,5.5
prolifics-ba,Prolifics(BA),Campus / Placement,32 real questions from past Prolifics(BA) interviews,Technical,General,Parse each task into structured components,medium,8,7,5.5
prolifics-ba,Prolifics(BA),Campus / Placement,32 real questions from past Prolifics(BA) interviews,Technical,General,Save updated tasks back to the file,medium,8,7,5.5
prolifics-ba,Prolifics(BA),Campus / Placement,32 real questions from past Prolifics(BA) interviews,Technical,General,Each task is modeled as an object with:,medium,8,7,5.5
prolifics-ba,Prolifics(BA),Campus / Placement,32 real questions from past Prolifics(BA) interviews,Technical,General,completed → whether task is done (x),medium,8,7,5.5
prolifics-ba,Prolifics(BA),Campus / Placement,32 real questions from past Prolifics(BA) interviews,Technical,General,"priority → (A, B, C, etc.)",medium,8,7,5.5
prolifics-ba,Prolifics(BA),Campus / Placement,32 real questions from past Prolifics(BA) interviews,Technical,General,description → main task text,medium,8,7,5.5
prolifics-ba,Prolifics(BA),Campus / Placement,32 real questions from past Prolifics(BA) interviews,Technical,General,projects → tags starting with +,medium,8,7,5.5
prolifics-ba,Prolifics(BA),Campus / Placement,32 real questions from past Prolifics(BA) interviews,Technical,General,contexts → tags starting with @,medium,8,7,5.5
prolifics-ba,Prolifics(BA),Campus / Placement,32 real questions from past Prolifics(BA) interviews,Technical,General,The _str_ method converts the object back into the correct text format for saving.,medium,8,7,5.5
prolifics-ba,Prolifics(BA),Campus / Placement,32 real questions from past Prolifics(BA) interviews,Technical,General,Reads each line from the file,medium,8,7,5.5
prolifics-ba,Prolifics(BA),Campus / Placement,32 real questions from past Prolifics(BA) interviews,Technical,General,is_valid_date() ensures proper date format,medium,8,7,5.5
prolifics-ba,Prolifics(BA),Campus / Placement,32 real questions from past Prolifics(BA) interviews,Technical,General,is_priority() ensures correct priority syntax (A),medium,8,7,5.5
prolifics-ba,Prolifics(BA),Campus / Placement,32 real questions from past Prolifics(BA) interviews,Technical,General,Parses each line into Task objects,medium,8,7,5.5
prolifics-ba,Prolifics(BA),Campus / Placement,32 real questions from past Prolifics(BA) interviews,Technical,General,Collects errors for invalid lines,medium,8,7,5.5
prolifics-ba,Prolifics(BA),Campus / Placement,32 real questions from past Prolifics(BA) interviews,Technical,General,Adds a new task dynamically,medium,8,7,5.5
prolifics-ba,Prolifics(BA),Campus / Placement,32 real questions from past Prolifics(BA) interviews,Technical,General,By date (created or due),medium,8,7,5.5
prolifics-ba,Prolifics(BA),Campus / Placement,32 real questions from past Prolifics(BA) interviews,Technical,General,Saves updated tasks into the file,medium,8,7,5.5
prolifics-ba,Prolifics(BA),Campus / Placement,32 real questions from past Prolifics(BA) interviews,Technical,General,Tasks are sorted by priority,medium,8,7,5.5
prolifics-ba,Prolifics(BA),Campus / Placement,32 real questions from past Prolifics(BA) interviews,Technical,General,search_tasks() → find tasks by tags,medium,8,7,5.5
prolifics-ba,Prolifics(BA),Campus / Placement,32 real questions from past Prolifics(BA) interviews,Technical,General,sort_tasks() → flexible sorting,medium,8,7,5.5
prolifics-ba,Prolifics(BA),Campus / Placement,32 real questions from past Prolifics(BA) interviews,Technical,General,update_task() → modify description or priority,medium,8,7,5.5
prolifics-ba,Prolifics(BA),Campus / Placement,32 real questions from past Prolifics(BA) interviews,Technical,General,Write updated tasks back to file,medium,8,7,5.5
prolifics-ba,Prolifics(BA),Campus / Placement,32 real questions from past Prolifics(BA) interviews,Technical,General,Problem 1: mirror ends in an array,medium,8,7,5.5
prolifics-ba,Prolifics(BA),Campus / Placement,32 real questions from past Prolifics(BA) interviews,Technical,General,"Given an array of integers, find the longest prefix that matches the corresponding suffix in reverse order",medium,8,7,5.5
prolifics-ba,Prolifics(BA),Campus / Placement,32 real questions from past Prolifics(BA) interviews,Technical,General,"ex: i/p: [1,2,3,4,2,1]",medium,8,7,5.5
prolifics-ba,Prolifics(BA),Campus / Placement,32 real questions from past Prolifics(BA) interviews,Technical,General,"o/p: [1,2]",medium,8,7,5.5
prolifics-ba,Prolifics(BA),Campus / Placement,32 real questions from past Prolifics(BA) interviews,Technical,General,Problem 2: Number of peaks in an array,medium,8,7,5.5
prolifics-ba,Prolifics(BA),Campus / Placement,32 real questions from past Prolifics(BA) interviews,Technical,General,"A peak in an array is an element that is great than both its neighbors. Given an array of integers, count the number of peaks. Assume the first and last elements cannot be peaks.",medium,8,7,5.5
prolifics-ba,Prolifics(BA),Campus / Placement,32 real questions from past Prolifics(BA) interviews,Technical,General,"ex: i/p: [1,3,2,4,1,5,1]",medium,8,7,5.5
prolifics-ba,Prolifics(BA),Campus / Placement,32 real questions from past Prolifics(BA) interviews,Technical,General,o/p: 3,medium,8,7,5.5
pronix-inc,Pronix Inc,Campus / Placement,6 real questions from past Pronix Inc interviews,Technical,ML/AI,Basic questions regarding to machine learning (algorithms we have used in our projects),medium,8,7,5.5
pronix-inc,Pronix Inc,Campus / Placement,6 real questions from past Pronix Inc interviews,Technical,General,"also some basic questions regarding llms, rag models, and gen ai",medium,8,7,5.5
pronix-inc,Pronix Inc,Campus / Placement,6 real questions from past Pronix Inc interviews,Technical,General,and all the other questions will be on the assignment,medium,8,7,5.5
pronix-inc,Pronix Inc,Campus / Placement,6 real questions from past Pronix Inc interviews,Technical,Python,python:diff between list and tuple,medium,8,7,5.5
pronix-inc,Pronix Inc,Campus / Placement,6 real questions from past Pronix Inc interviews,Technical,Java,"java: class and object , access specifiers, inheritance",medium,8,7,5.5
pronix-inc,Pronix Inc,Campus / Placement,6 real questions from past Pronix Inc interviews,Technical,APIs,js: rest api and json format,medium,8,7,5.5
pronounce,Pronounce,Campus / Placement,46 real questions from past Pronounce interviews,Technical,APIs,"Kapinews (emps, Bust samme, last name, salary, ge",medium,8,7,5.5
pronounce,Pronounce,Campus / Placement,46 real questions from past Pronounce interviews,Technical,General,"Departments (department, id, department, same)",medium,8,7,5.5
pronounce,Pronounce,Campus / Placement,46 real questions from past Pronounce interviews,Technical,General,Witte a query to display the departinent name and the total salary of employees,medium,8,7,5.5
pronounce,Pronounce,Campus / Placement,46 real questions from past Pronounce interviews,Technical,General,working in sach department. Only show departments with total salary amater than,medium,8,7,5.5
pronounce,Pronounce,Campus / Placement,46 real questions from past Pronounce interviews,Technical,General,Wyme a query to find the 2nd highest salary in sach department ng RAPO,medium,8,7,5.5
pronounce,Pronounce,Campus / Placement,46 real questions from past Pronounce interviews,Aptitude,Logic,Fund all employees whose salary is above the average salary of their department,medium,8,7,5.5
pronounce,Pronounce,Campus / Placement,46 real questions from past Pronounce interviews,Technical,General,"Write a query to display employer names is the format: LastName, FirstName",medium,8,7,5.5
pronounce,Pronounce,Campus / Placement,46 real questions from past Pronounce interviews,Technical,General,"(UPPERCASE) faample SMITH, JOHN",medium,8,7,5.5
pronounce,Pronounce,Campus / Placement,46 real questions from past Pronounce interviews,Technical,General,Write a query to categorize employees hasnd on salary,medium,8,7,5.5
pronounce,Pronounce,Campus / Placement,46 real questions from past Pronounce interviews,Technical,General,"""HIGH ifxalary 100000",medium,8,7,5.5
pronounce,Pronounce,Campus / Placement,46 real questions from past Pronounce interviews,Technical,General,MEDIUM if salary between 50000 and 100000,medium,8,7,5.5
pronounce,Pronounce,Campus / Placement,46 real questions from past Pronounce interviews,Technical,SQL,Write a PL/SQL block that takes an employee ID as Input and displays whether the,medium,8,7,5.5
pronounce,Pronounce,Campus / Placement,46 real questions from past Pronounce interviews,Aptitude,Logic,"employee carns above, below, or equal to the average salary of their department",medium,8,7,5.5
pronounce,Pronounce,Campus / Placement,46 real questions from past Pronounce interviews,Technical,General,Write a query to fetch the highest-paid employee's) in each departinent,medium,8,7,5.5
pronounce,Pronounce,Campus / Placement,46 real questions from past Pronounce interviews,Communication,Clarity,Find employees whs earn more than their manager,medium,8,7,5.5
pronounce,Pronounce,Campus / Placement,46 real questions from past Pronounce interviews,Communication,Clarity,"Tables: employeesfemp id, first name, laat, name, salary, manager, id,",medium,8,7,5.5
pronounce,Pronounce,Campus / Placement,46 real questions from past Pronounce interviews,Technical,General,department id),medium,8,7,5.5
pronounce,Pronounce,Campus / Placement,46 real questions from past Pronounce interviews,Technical,General,Write a query to get all customers who placed orders but have not made any,medium,8,7,5.5
pronounce,Pronounce,Campus / Placement,46 real questions from past Pronounce interviews,Technical,General,payments in the last 12 months.,medium,8,7,5.5
pronounce,Pronounce,Campus / Placement,46 real questions from past Pronounce interviews,Technical,General,"Customers (customer_id, customer_name)",medium,8,7,5.5
pronounce,Pronounce,Campus / Placement,46 real questions from past Pronounce interviews,Technical,General,"Orders (order_id, customer_id, order_date)",medium,8,7,5.5
pronounce,Pronounce,Campus / Placement,46 real questions from past Pronounce interviews,Technical,General,"Payments (payment_id, customer_id, amount, payment_date)",medium,8,7,5.5
pronounce,Pronounce,Campus / Placement,46 real questions from past Pronounce interviews,Technical,General,You have two tables:,medium,8,7,5.5
pronounce,Pronounce,Campus / Placement,46 real questions from past Pronounce interviews,Technical,General,"transactions (transaction_id, customer_id, amount, txn_date)",medium,8,7,5.5
pronounce,Pronounce,Campus / Placement,46 real questions from past Pronounce interviews,Technical,General,"customers(customer_id, customer_name)",medium,8,7,5.5
pronounce,Pronounce,Campus / Placement,46 real questions from past Pronounce interviews,Technical,General,Write a query to find the top 3 customers who spent the most in the last year.,medium,8,7,5.5
pronounce,Pronounce,Campus / Placement,46 real questions from past Pronounce interviews,Technical,SQL,Instructions: Answer all questions. Write SQL queries wherever applicable. Use Oracle SQL,medium,8,7,5.5
pronounce,Pronounce,Campus / Placement,46 real questions from past Pronounce interviews,Technical,General,syntax. Clearly mention assumptions if any.,medium,8,7,5.5
pronounce,Pronounce,Campus / Placement,46 real questions from past Pronounce interviews,Technical,General,Section A:,medium,8,7,5.5
pronounce,Pronounce,Campus / Placement,46 real questions from past Pronounce interviews,Technical,General,"Employees (emp id, first name, last name, salary, department id)",medium,8,7,5.5
pronounce,Pronounce,Campus / Placement,46 real questions from past Pronounce interviews,Technical,General,"Departments (department id, department name)",medium,8,7,5.5
pronounce,Pronounce,Campus / Placement,46 real questions from past Pronounce interviews,Technical,General,Write a query to display the department name and the total salary of employees,medium,8,7,5.5
pronounce,Pronounce,Campus / Placement,46 real questions from past Pronounce interviews,Technical,General,working in each department. Only show departments with total salary greater than,medium,8,7,5.5
pronounce,Pronounce,Campus / Placement,46 real questions from past Pronounce interviews,Technical,General,Write a query to find the 2nd highest salary in each department using RANK() or,medium,8,7,5.5
pronounce,Pronounce,Campus / Placement,46 real questions from past Pronounce interviews,Aptitude,Logic,Find all employees whose salary is above the average salary of their department.,medium,8,7,5.5
pronounce,Pronounce,Campus / Placement,46 real questions from past Pronounce interviews,Technical,General,"Write a query to display employee names in the format: LastName, FirstName",medium,8,7,5.5
pronounce,Pronounce,Campus / Placement,46 real questions from past Pronounce interviews,Technical,General,"(UPPERCASE). Example: ""SMITH, JOHN'",medium,8,7,5.5
pronounce,Pronounce,Campus / Placement,46 real questions from past Pronounce interviews,Technical,General,Write a query to categorize employees based on salary:,medium,8,7,5.5
pronounce,Pronounce,Campus / Placement,46 real questions from past Pronounce interviews,Technical,General,"""HIGH' if salary > 100000",medium,8,7,5.5
pronounce,Pronounce,Campus / Placement,46 real questions from past Pronounce interviews,Technical,General,"""MEDIUM' if salary between 50000 and 100000",medium,8,7,5.5
pronounce,Pronounce,Campus / Placement,46 real questions from past Pronounce interviews,Technical,General,"""LOW' otherwise",medium,8,7,5.5
pronounce,Pronounce,Campus / Placement,46 real questions from past Pronounce interviews,Aptitude,Logic,"employee earns above, below, or equal to the average salary of their department",medium,8,7,5.5
pronounce,Pronounce,Campus / Placement,46 real questions from past Pronounce interviews,Technical,General,Write a query to fetch the highest-paid employee(s) in each department.,medium,8,7,5.5
pronounce,Pronounce,Campus / Placement,46 real questions from past Pronounce interviews,Communication,Clarity,Find employees who earn more than their manager.,medium,8,7,5.5
pronounce,Pronounce,Campus / Placement,46 real questions from past Pronounce interviews,Communication,Clarity,"Tables: employees(emp id, first name, last name, salary, manager id,",medium,8,7,5.5
pronounce,Pronounce,Campus / Placement,46 real questions from past Pronounce interviews,Technical,General,"Payments (payment_id, customer id, amount, payment_date)",medium,8,7,5.5
proounce,Proounce,Campus / Placement,9 real questions from past Proounce interviews,Technical,General,About projects,medium,8,7,5.5
proounce,Proounce,Campus / Placement,9 real questions from past Proounce interviews,Technical,React,Write code for Login page in react,hard,8,7,5.5
proounce,Proounce,Campus / Placement,9 real questions from past Proounce interviews,Technical,General,Write code for fetching of products.,hard,8,7,5.5
proounce,Proounce,Campus / Placement,9 real questions from past Proounce interviews,Technical,React,Write the code for products in tabular format in react,medium,8,7,5.5
proounce,Proounce,Campus / Placement,9 real questions from past Proounce interviews,Technical,General,Redux,medium,8,7,5.5
proounce,Proounce,Campus / Placement,9 real questions from past Proounce interviews,Technical,General,Custom hooks,medium,8,7,5.5
proounce,Proounce,Campus / Placement,9 real questions from past Proounce interviews,Technical,React,How do you rate yourself in react and why,medium,8,7,5.5
proounce,Proounce,Campus / Placement,9 real questions from past Proounce interviews,Technical,General,Input validators email and password,medium,8,7,5.5
proounce,Proounce,Campus / Placement,9 real questions from past Proounce interviews,Technical,General,Self Intro,medium,8,7,5.5
prudent-technologies-data-science-ai-and-ml,PRUDENT TECHNOLOGIES DATA SCIENCE AI AND ML,Campus / Placement,1 real questions from past PRUDENT TECHNOLOGIES DATA SCIENCE AI AND ML interviews,Technical,General,Self introduction,medium,8,7,5.5
python-data-analyst,Python Data Analyst,Campus / Placement,18 real questions from past Python Data Analyst interviews,Technical,General,What was your role in the Internship,medium,8,7,5.5
python-data-analyst,Python Data Analyst,Campus / Placement,18 real questions from past Python Data Analyst interviews,Technical,General,Challenges Faced During Your Internships,medium,8,7,5.5
python-data-analyst,Python Data Analyst,Campus / Placement,18 real questions from past Python Data Analyst interviews,Technical,General,How Did you Handle that role,medium,8,7,5.5
python-data-analyst,Python Data Analyst,Campus / Placement,18 real questions from past Python Data Analyst interviews,Technical,General,Which One you Prioritise among Order:,medium,8,7,5.5
python-data-analyst,Python Data Analyst,Campus / Placement,18 real questions from past Python Data Analyst interviews,Technical,General,iii.Work Balance,medium,8,7,5.5
python-data-analyst,Python Data Analyst,Campus / Placement,18 real questions from past Python Data Analyst interviews,Technical,General,About Company,medium,8,7,5.5
python-data-analyst,Python Data Analyst,Campus / Placement,18 real questions from past Python Data Analyst interviews,HR,Introduction,Are you willing to relocate,easy,8,7,5.5
python-data-analyst,Python Data Analyst,Campus / Placement,18 real questions from past Python Data Analyst interviews,Technical,General,Are you comfortable with rotational shifts,medium,8,7,5.5
python-data-analyst,Python Data Analyst,Campus / Placement,18 real questions from past Python Data Analyst interviews,Technical,General,Are you okay with Signing a bond,medium,8,7,5.5
python-data-analyst,Python Data Analyst,Campus / Placement,18 real questions from past Python Data Analyst interviews,Technical,General,About Role There offering,medium,8,7,5.5
python-data-analyst,Python Data Analyst,Campus / Placement,18 real questions from past Python Data Analyst interviews,Technical,General,What was your experience in our company Interview Process,medium,8,7,5.5
python-data-analyst,Python Data Analyst,Campus / Placement,18 real questions from past Python Data Analyst interviews,Technical,SQL,"he asked sql , regarding a scenrio based question using joins and group by",medium,8,7,5.5
python-data-analyst,Python Data Analyst,Campus / Placement,18 real questions from past Python Data Analyst interviews,Technical,General,What kind of problems you can solve by using string,medium,8,7,5.5
python-data-analyst,Python Data Analyst,Campus / Placement,18 real questions from past Python Data Analyst interviews,Technical,General,how to find frequency of character in string.,medium,8,7,5.5
python-data-analyst,Python Data Analyst,Campus / Placement,18 real questions from past Python Data Analyst interviews,Technical,SQL,what you know in sql,medium,8,7,5.5
python-data-analyst,Python Data Analyst,Campus / Placement,18 real questions from past Python Data Analyst interviews,Technical,General,explain 1 one query in joins.,medium,8,7,5.5
python-data-analyst,Python Data Analyst,Campus / Placement,18 real questions from past Python Data Analyst interviews,Technical,General,explain ORM,medium,8,7,5.5
python-data-analyst,Python Data Analyst,Campus / Placement,18 real questions from past Python Data Analyst interviews,Technical,General,describe about movie you recently watched.,medium,8,7,5.5
quloron,Quloron,Campus / Placement,1 real questions from past Quloron interviews,Technical,General,"Array contains duplicates , remove duplicates and return only unique elements , for Ex: {1,1,2,3,4,1,3,2} ==> {1,2,3,4}",medium,8,7,5.5
radise-company,Radise company,Campus / Placement,41 real questions from past Radise company interviews,Technical,General,Self intro,medium,8,7,5.5
radise-company,Radise company,Campus / Placement,41 real questions from past Radise company interviews,Technical,General,About redux,medium,8,7,5.5
radise-company,Radise company,Campus / Placement,41 real questions from past Radise company interviews,Situational,Behavioral,Issues facing while doing the project,medium,8,7,5.5
radise-company,Radise company,Campus / Placement,41 real questions from past Radise company interviews,Technical,General,Are u willing to join immediately,medium,8,7,5.5
radise-company,Radise company,Campus / Placement,41 real questions from past Radise company interviews,Technical,General,And they expect the basic idea of Next.js,medium,8,7,5.5
radise-company,Radise company,Campus / Placement,41 real questions from past Radise company interviews,Technical,General,What is redux,medium,8,7,5.5
radise-company,Radise company,Campus / Placement,41 real questions from past Radise company interviews,Technical,General,How soon you can join,medium,8,7,5.5
radise-company,Radise company,Campus / Placement,41 real questions from past Radise company interviews,Technical,General,About projects,medium,8,7,5.5
radise-company,Radise company,Campus / Placement,41 real questions from past Radise company interviews,Situational,Behavioral,About Js project and full stack project,medium,8,7,5.5
radise-company,Radise company,Campus / Placement,41 real questions from past Radise company interviews,Situational,Behavioral,About project and experience.,medium,8,7,5.5
radise-company,Radise company,Campus / Placement,41 real questions from past Radise company interviews,Technical,General,Asked about where i stayed,medium,8,7,5.5
radise-company,Radise company,Campus / Placement,41 real questions from past Radise company interviews,Technical,General,What is you work experience,medium,8,7,5.5
radise-company,Radise company,Campus / Placement,41 real questions from past Radise company interviews,Technical,General,What you will give rate yourself 1-10 for nextjs and why,medium,8,7,5.5
radise-company,Radise company,Campus / Placement,41 real questions from past Radise company interviews,Technical,General,Can you join immediately,medium,8,7,5.5
radise-company,Radise company,Campus / Placement,41 real questions from past Radise company interviews,Technical,General,about internship projects,medium,8,7,5.5
radise-company,Radise company,Campus / Placement,41 real questions from past Radise company interviews,Technical,React,"react,redux,4 to5 hooks",medium,8,7,5.5
radise-company,Radise company,Campus / Placement,41 real questions from past Radise company interviews,Technical,General,hoisting,medium,8,7,5.5
radise-company,Radise company,Campus / Placement,41 real questions from past Radise company interviews,Technical,General,object destructuring,medium,8,7,5.5
radise-company,Radise company,Campus / Placement,41 real questions from past Radise company interviews,Technical,React,task using react login form,medium,8,7,5.5
radise-company,Radise company,Campus / Placement,41 real questions from past Radise company interviews,Technical,General,normal function and Arrow function,medium,8,7,5.5
radise-company,Radise company,Campus / Placement,41 real questions from past Radise company interviews,Technical,SQL,how good in sql,medium,8,7,5.5
radise-company,Radise company,Campus / Placement,41 real questions from past Radise company interviews,Technical,General,how good in next,medium,8,7,5.5
radise-company,Radise company,Campus / Placement,41 real questions from past Radise company interviews,Technical,General,Self introduction,medium,8,7,5.5
radise-company,Radise company,Campus / Placement,41 real questions from past Radise company interviews,Technical,General,Which one do you like more frontend or backend,medium,8,7,5.5
radise-company,Radise company,Campus / Placement,41 real questions from past Radise company interviews,Technical,General,Backend questions:,medium,8,7,5.5
radise-company,Radise company,Campus / Placement,41 real questions from past Radise company interviews,Technical,General,What frameworks used in backend,medium,8,7,5.5
radise-company,Radise company,Campus / Placement,41 real questions from past Radise company interviews,Technical,General,What is middle ware,medium,8,7,5.5
radise-company,Radise company,Campus / Placement,41 real questions from past Radise company interviews,Technical,General,Did you create any application using express,medium,8,7,5.5
radise-company,Radise company,Campus / Placement,41 real questions from past Radise company interviews,Technical,General,Share screen and write code showing 'hello world' using express,hard,8,7,5.5
radise-company,Radise company,Campus / Placement,41 real questions from past Radise company interviews,Technical,SQL,Do you know sequel (sql),medium,8,7,5.5
radise-company,Radise company,Campus / Placement,41 real questions from past Radise company interviews,Technical,React,Explain about forms in react,medium,8,7,5.5
radise-company,Radise company,Campus / Placement,41 real questions from past Radise company interviews,Technical,React,What is the use of react toolkit,medium,8,7,5.5
radise-company,Radise company,Campus / Placement,41 real questions from past Radise company interviews,Technical,React,"Explain example where react toolkit works ,why do we need it when we already have use state,useReducer",medium,8,7,5.5
radise-company,Radise company,Campus / Placement,41 real questions from past Radise company interviews,Technical,General,UseEffect,medium,8,7,5.5
radise-company,Radise company,Campus / Placement,41 real questions from past Radise company interviews,Technical,General,Explain briefly about controlled vs uncontrolled components,medium,8,7,5.5
radise-company,Radise company,Campus / Placement,41 real questions from past Radise company interviews,Technical,General,Js questions:,medium,8,7,5.5
radise-company,Radise company,Campus / Placement,41 real questions from past Radise company interviews,Technical,General,"Do you know closures,if yes explain",medium,8,7,5.5
radise-company,Radise company,Campus / Placement,41 real questions from past Radise company interviews,Technical,Git,Do you use git,medium,8,7,5.5
radise-company,Radise company,Campus / Placement,41 real questions from past Radise company interviews,Technical,Java,How do you handle errors in javascript,medium,8,7,5.5
radise-company,Radise company,Campus / Placement,41 real questions from past Radise company interviews,Technical,React,Without react how to do interact with server from front end,medium,8,7,5.5
radise-company,Radise company,Campus / Placement,41 real questions from past Radise company interviews,Technical,React,Apart from react and express Did u use any frameworks like next.js,medium,8,7,5.5
rahul,Rahul,Campus / Placement,25 real questions from past Rahul interviews,Situational,Behavioral,project explaination,medium,8,7,5.5
rahul,Rahul,Campus / Placement,25 real questions from past Rahul interviews,Technical,React,what are the hooks in react and explain all the react hooks,medium,8,7,5.5
rahul,Rahul,Campus / Placement,25 real questions from past Rahul interviews,Technical,General,what is conditional rendering and example,medium,8,7,5.5
rahul,Rahul,Campus / Placement,25 real questions from past Rahul interviews,Technical,General,what is virtual dom,medium,8,7,5.5
rahul,Rahul,Campus / Placement,25 real questions from past Rahul interviews,Technical,General,what is client side rendering and server side rendering,medium,8,7,5.5
rahul,Rahul,Campus / Placement,25 real questions from past Rahul interviews,Technical,General,"Explain about rest,spread operators",medium,8,7,5.5
rahul,Rahul,Campus / Placement,25 real questions from past Rahul interviews,Technical,General,what is jsx,medium,8,7,5.5
rahul,Rahul,Campus / Placement,25 real questions from past Rahul interviews,Technical,General,what is difference between state and props,medium,8,7,5.5
rahul,Rahul,Campus / Placement,25 real questions from past Rahul interviews,Technical,General,what is redux,medium,8,7,5.5
rahul,Rahul,Campus / Placement,25 real questions from past Rahul interviews,Technical,APIs,what is context api,medium,8,7,5.5
rahul,Rahul,Campus / Placement,25 real questions from past Rahul interviews,Technical,General,"what is difference between var,let,const",medium,8,7,5.5
rahul,Rahul,Campus / Placement,25 real questions from past Rahul interviews,Technical,General,what is difference between == and ===,medium,8,7,5.5
rahul,Rahul,Campus / Placement,25 real questions from past Rahul interviews,Technical,General,what is difference between settimeout and setinterval,medium,8,7,5.5
rahul,Rahul,Campus / Placement,25 real questions from past Rahul interviews,Situational,Behavioral,what are array methods used in your project,medium,8,7,5.5
rahul,Rahul,Campus / Placement,25 real questions from past Rahul interviews,Technical,General,what is promise,medium,8,7,5.5
rahul,Rahul,Campus / Placement,25 real questions from past Rahul interviews,Technical,General,what is promise.all(),medium,8,7,5.5
rahul,Rahul,Campus / Placement,25 real questions from past Rahul interviews,Technical,General,what is hoisting,medium,8,7,5.5
rahul,Rahul,Campus / Placement,25 real questions from past Rahul interviews,Technical,General,How to avoid prop drilling,medium,8,7,5.5
rahul,Rahul,Campus / Placement,25 real questions from past Rahul interviews,Technical,General,what is callback function,medium,8,7,5.5
rahul,Rahul,Campus / Placement,25 real questions from past Rahul interviews,Technical,General,what is higher order function,medium,8,7,5.5
rahul,Rahul,Campus / Placement,25 real questions from past Rahul interviews,Technical,General,"what is local storage, session storage, cookies",medium,8,7,5.5
rahul,Rahul,Campus / Placement,25 real questions from past Rahul interviews,Technical,General,relative and absolute path,medium,8,7,5.5
rahul,Rahul,Campus / Placement,25 real questions from past Rahul interviews,Technical,General,what is closures,medium,8,7,5.5
rahul,Rahul,Campus / Placement,25 real questions from past Rahul interviews,Technical,General,what is semantic,medium,8,7,5.5
rahul,Rahul,Campus / Placement,25 real questions from past Rahul interviews,Technical,General,self intro,medium,8,7,5.5
raja-software-labs,Raja Software Labs,Campus / Placement,20 real questions from past Raja Software Labs interviews,Technical,General,Duration: 60 minutes,medium,8,7,5.5
raja-software-labs,Raja Software Labs,Campus / Placement,20 real questions from past Raja Software Labs interviews,Technical,Java,Language: Any (JS / Java / Python etc.,medium,8,7,5.5
raja-software-labs,Raja Software Labs,Campus / Placement,20 real questions from past Raja Software Labs interviews,Technical,General,"Important Rule:No inbuilt functions (no sort, set, BigInt, collections, etc.)",medium,8,7,5.5
raja-software-labs,Raja Software Labs,Campus / Placement,20 real questions from past Raja Software Labs interviews,Technical,General,Code should be real code (not pseudocode),medium,8,7,5.5
raja-software-labs,Raja Software Labs,Campus / Placement,20 real questions from past Raja Software Labs interviews,Technical,General,Stock Buy & Sell (Multiple Transactions),medium,8,7,5.5
raja-software-labs,Raja Software Labs,Campus / Placement,20 real questions from past Raja Software Labs interviews,Technical,General,Just asked to write the programs using any programming language,medium,8,7,5.5
raja-software-labs,Raja Software Labs,Campus / Placement,20 real questions from past Raja Software Labs interviews,Technical,General,This paper has been designed to test your programming abilities - it is meant to be a starting point for further discussion and provides you an opportunity to highlight your skills. You can take the test in the programming language of your choice. Your code doesn’t have to compile exactly but it should be reasonably close (pseudo-code is not OK).,medium,8,7,5.5
raja-software-labs,Raja Software Labs,Campus / Placement,20 real questions from past Raja Software Labs interviews,Technical,General,"If you are unsure about something, or make an assumption, write the assumption as part of your answer.",medium,8,7,5.5
raja-software-labs,Raja Software Labs,Campus / Placement,20 real questions from past Raja Software Labs interviews,Technical,General,Good luck :),medium,8,7,5.5
raja-software-labs,Raja Software Labs,Campus / Placement,20 real questions from past Raja Software Labs interviews,Technical,General,Note: DO NOT USE ANY INBUILT FUNCTIONS IN ANY OF THE PROGRAMS,medium,8,7,5.5
raja-software-labs,Raja Software Labs,Campus / Placement,20 real questions from past Raja Software Labs interviews,Technical,General,Test duration is 60 minutes.,medium,8,7,5.5
raja-software-labs,Raja Software Labs,Campus / Placement,20 real questions from past Raja Software Labs interviews,Technical,General,Q1. Given: An unsorted array of integer numbers,medium,8,7,5.5
raja-software-labs,Raja Software Labs,Campus / Placement,20 real questions from past Raja Software Labs interviews,Technical,General,Goal: Determine the length of the longest consecutive elements sequence.,medium,8,7,5.5
raja-software-labs,Raja Software Labs,Campus / Placement,20 real questions from past Raja Software Labs interviews,Technical,General,Example 1:,medium,8,7,5.5
raja-software-labs,Raja Software Labs,Campus / Placement,20 real questions from past Raja Software Labs interviews,Technical,General,"Input = [100, 4, 200, 1, 3, 2]",medium,8,7,5.5
raja-software-labs,Raja Software Labs,Campus / Placement,20 real questions from past Raja Software Labs interviews,Technical,General,"Explanation: The longest consecutive elements sequence is [1, 2, 3, 4]. Therefore its length is 4.",medium,8,7,5.5
raja-software-labs,Raja Software Labs,Campus / Placement,20 real questions from past Raja Software Labs interviews,Technical,General,Example 2:,medium,8,7,5.5
raja-software-labs,Raja Software Labs,Campus / Placement,20 real questions from past Raja Software Labs interviews,Technical,General,"Input nums = [1, 0, 1, 2]",medium,8,7,5.5
raja-software-labs,Raja Software Labs,Campus / Placement,20 real questions from past Raja Software Labs interviews,Technical,General,"Explanation: The longest consecutive elements sequence is [0, 1, 2]. Therefore its length is 3. We have ignored multiple occurrences of 1.",medium,8,7,5.5
raja-software-labs,Raja Software Labs,Campus / Placement,20 real questions from past Raja Software Labs interviews,Technical,General,function longestConsecutive(arr) { let max = 0 for(let i = 0; i < arr.length; i++) {,medium,8,7,5.5
ranjith,Ranjith,Campus / Placement,29 real questions from past Ranjith interviews,Situational,Behavioral,Demo of firebase authentication used in my project,medium,8,7,5.5
ranjith,Ranjith,Campus / Placement,29 real questions from past Ranjith interviews,Technical,React,What is react and Angular,medium,8,7,5.5
ranjith,Ranjith,Campus / Placement,29 real questions from past Ranjith interviews,Technical,React,differences bw react and Angular,medium,8,7,5.5
ranjith,Ranjith,Campus / Placement,29 real questions from past Ranjith interviews,Technical,General,Difference bwn Library and framework,medium,8,7,5.5
ranjith,Ranjith,Campus / Placement,29 real questions from past Ranjith interviews,Technical,React,react hooks,medium,8,7,5.5
ranjith,Ranjith,Campus / Placement,29 real questions from past Ranjith interviews,Technical,General,define props and state also differences,medium,8,7,5.5
ranjith,Ranjith,Campus / Placement,29 real questions from past Ranjith interviews,Technical,General,Difference bwn usememo and useEffect,medium,8,7,5.5
ranjith,Ranjith,Campus / Placement,29 real questions from past Ranjith interviews,Technical,General,why we use props,medium,8,7,5.5
ranjith,Ranjith,Campus / Placement,29 real questions from past Ranjith interviews,Technical,General,what is prop drilling and how to avoid it,medium,8,7,5.5
ranjith,Ranjith,Campus / Placement,29 real questions from past Ranjith interviews,Technical,General,about useReducer function and HOC,medium,8,7,5.5
ranjith,Ranjith,Campus / Placement,29 real questions from past Ranjith interviews,Technical,General,how to pass props from parent to child and child to parent components,medium,8,7,5.5
ranjith,Ranjith,Campus / Placement,29 real questions from past Ranjith interviews,Technical,General,what is virtual dom and jsx,medium,8,7,5.5
ranjith,Ranjith,Campus / Placement,29 real questions from past Ranjith interviews,Technical,General,client side rendering and server side rendering,medium,8,7,5.5
ranjith,Ranjith,Campus / Placement,29 real questions from past Ranjith interviews,Technical,APIs,What is context api,medium,8,7,5.5
ranjith,Ranjith,Campus / Placement,29 real questions from past Ranjith interviews,Technical,General,Difference bwn == and ===,medium,8,7,5.5
ranjith,Ranjith,Campus / Placement,29 real questions from past Ranjith interviews,Technical,General,Difference between null and undefined,medium,8,7,5.5
ranjith,Ranjith,Campus / Placement,29 real questions from past Ranjith interviews,Technical,General,flat vs flatMap,medium,8,7,5.5
ranjith,Ranjith,Campus / Placement,29 real questions from past Ranjith interviews,Technical,General,what is key and why we need to use keys,medium,8,7,5.5
ranjith,Ranjith,Campus / Placement,29 real questions from past Ranjith interviews,Technical,General,"let, var, const differences",medium,8,7,5.5
ranjith,Ranjith,Campus / Placement,29 real questions from past Ranjith interviews,Technical,General,call back and higher order functions,medium,8,7,5.5
ranjith,Ranjith,Campus / Placement,29 real questions from past Ranjith interviews,Technical,General,web storages in js,medium,8,7,5.5
ranjith,Ranjith,Campus / Placement,29 real questions from past Ranjith interviews,Technical,General,promises and this keyword,medium,8,7,5.5
ranjith,Ranjith,Campus / Placement,29 real questions from past Ranjith interviews,Technical,General,rest and spread operators,medium,8,7,5.5
ranjith,Ranjith,Campus / Placement,29 real questions from past Ranjith interviews,Technical,General,"Difference bwn justify content, align items, and align content",medium,8,7,5.5
ranjith,Ranjith,Campus / Placement,29 real questions from past Ranjith interviews,Technical,General,grid vs flex,medium,8,7,5.5
ranjith,Ranjith,Campus / Placement,29 real questions from past Ranjith interviews,Technical,General,meta tags,medium,8,7,5.5
ranjith,Ranjith,Campus / Placement,29 real questions from past Ranjith interviews,Situational,Behavioral,Demo of current working project,medium,8,7,5.5
ranjith,Ranjith,Campus / Placement,29 real questions from past Ranjith interviews,Technical,General,Finding second largest value in an array both ways using methods and without using methods,medium,8,7,5.5
ranjith,Ranjith,Campus / Placement,29 real questions from past Ranjith interviews,Technical,General,Working of promises in js using then chaining,medium,8,7,5.5
renan,Renan,Campus / Placement,86 real questions from past Renan interviews,Situational,Behavioral,They are asking very deep about the project and they said it is better to have projects on LLM,medium,9,7,5.5
renan,Renan,Campus / Placement,86 real questions from past Renan interviews,Technical,React,What is difference between React js and Next js,medium,9,7,5.5
renan,Renan,Campus / Placement,86 real questions from past Renan interviews,Technical,General,What are LLMS,medium,9,7,5.5
renan,Renan,Campus / Placement,86 real questions from past Renan interviews,Technical,General,what is Virtual DOM,medium,9,7,5.5
renan,Renan,Campus / Placement,86 real questions from past Renan interviews,Technical,OOP,what are Event loops,medium,9,7,5.5
renan,Renan,Campus / Placement,86 real questions from past Renan interviews,Technical,General,What is Asynchronous Programming,medium,9,7,5.5
renan,Renan,Campus / Placement,86 real questions from past Renan interviews,Technical,General,What are promises,medium,9,7,5.5
renan,Renan,Campus / Placement,86 real questions from past Renan interviews,Situational,Behavioral,"Asked about the Project , are these deployed",medium,9,7,5.5
renan,Renan,Campus / Placement,86 real questions from past Renan interviews,Situational,Behavioral,"How the project is solved , live problem solving",medium,9,7,5.5
renan,Renan,Campus / Placement,86 real questions from past Renan interviews,Technical,General,What is async await,medium,9,7,5.5
renan,Renan,Campus / Placement,86 real questions from past Renan interviews,Technical,General,What are class based compoennts,medium,9,7,5.5
renan,Renan,Campus / Placement,86 real questions from past Renan interviews,Technical,General,What are Hooks,medium,9,7,5.5
renan,Renan,Campus / Placement,86 real questions from past Renan interviews,Technical,General,What is UseRef,medium,9,7,5.5
renan,Renan,Campus / Placement,86 real questions from past Renan interviews,Technical,General,Explain why we are using state management,medium,9,7,5.5
renan,Renan,Campus / Placement,86 real questions from past Renan interviews,Technical,General,What is Redux,medium,9,7,5.5
renan,Renan,Campus / Placement,86 real questions from past Renan interviews,Technical,General,What is SEO,medium,9,7,5.5
renan,Renan,Campus / Placement,86 real questions from past Renan interviews,Technical,General,What is useMemo Hook,medium,9,7,5.5
renan,Renan,Campus / Placement,86 real questions from past Renan interviews,Technical,General,Asked me solve a problem solving question in leetcode,medium,9,7,5.5
renan,Renan,Campus / Placement,86 real questions from past Renan interviews,Technical,General,What is async await promises,medium,9,7,5.5
renan,Renan,Campus / Placement,86 real questions from past Renan interviews,Technical,General,What is reconciliation process,medium,9,7,5.5
renan,Renan,Campus / Placement,86 real questions from past Renan interviews,Technical,General,What is useConext and prop drilling,medium,9,7,5.5
renan,Renan,Campus / Placement,86 real questions from past Renan interviews,Technical,General,What are higher order functions,medium,9,7,5.5
renan,Renan,Campus / Placement,86 real questions from past Renan interviews,Technical,General,Explain about props and state,medium,9,7,5.5
renan,Renan,Campus / Placement,86 real questions from past Renan interviews,Technical,General,About useState and useEffect,medium,9,7,5.5
renan,Renan,Campus / Placement,86 real questions from past Renan interviews,Situational,Behavioral,Project explanation,medium,9,7,5.5
renan,Renan,Campus / Placement,86 real questions from past Renan interviews,Technical,General,What is difference between redex and content,medium,9,7,5.5
renan,Renan,Campus / Placement,86 real questions from past Renan interviews,Technical,React,Life cycle methods in react,medium,9,7,5.5
renan,Renan,Campus / Placement,86 real questions from past Renan interviews,Technical,General,What is Prop drilling,medium,9,7,5.5
renan,Renan,Campus / Placement,86 real questions from past Renan interviews,Technical,General,Two sum Leet code problem,medium,9,7,5.5
renan,Renan,Campus / Placement,86 real questions from past Renan interviews,Technical,General,Question-1:-,medium,9,7,5.5
renan,Renan,Campus / Placement,86 real questions from past Renan interviews,Technical,General,Given a array of objects as vote:yes or no and timestamp,medium,9,7,5.5
renan,Renan,Campus / Placement,86 real questions from past Renan interviews,Technical,General,Majority voters are win .if it is tie ...check the time last voter early time are winners...,medium,9,7,5.5
renan,Renan,Campus / Placement,86 real questions from past Renan interviews,Technical,General,votes = [,medium,9,7,5.5
renan,Renan,Campus / Placement,86 real questions from past Renan interviews,Technical,General,self intro,medium,9,7,5.5
renan,Renan,Campus / Placement,86 real questions from past Renan interviews,Situational,Behavioral,project explanation with live demo,medium,9,7,5.5
renan,Renan,Campus / Placement,86 real questions from past Renan interviews,Technical,General,what is difference between next.js and rect.js,medium,9,7,5.5
renan,Renan,Campus / Placement,86 real questions from past Renan interviews,Technical,OOP,what is event loop,medium,9,7,5.5
renan,Renan,Campus / Placement,86 real questions from past Renan interviews,Technical,General,what is hooks,medium,9,7,5.5
renan,Renan,Campus / Placement,86 real questions from past Renan interviews,Technical,General,explain about useState,medium,9,7,5.5
renan,Renan,Campus / Placement,86 real questions from past Renan interviews,Technical,General,explain about useEffect,medium,9,7,5.5
renan,Renan,Campus / Placement,86 real questions from past Renan interviews,Technical,General,how will you avoid prop drilling,medium,9,7,5.5
renan,Renan,Campus / Placement,86 real questions from past Renan interviews,Technical,General,examples of higher order function,medium,9,7,5.5
renan,Renan,Campus / Placement,86 real questions from past Renan interviews,Technical,General,what in MVC,medium,9,7,5.5
renan,Renan,Campus / Placement,86 real questions from past Renan interviews,Technical,General,let vs var vs const,medium,9,7,5.5
renan,Renan,Campus / Placement,86 real questions from past Renan interviews,Technical,General,mongodb methods,medium,9,7,5.5
renan,Renan,Campus / Placement,86 real questions from past Renan interviews,Technical,General,have you sloved any DSA question in leetcode,medium,9,7,5.5
renan,Renan,Campus / Placement,86 real questions from past Renan interviews,Technical,Node.js,what is node.js,medium,9,7,5.5
renan,Renan,Campus / Placement,86 real questions from past Renan interviews,Technical,General,Self Introduction.,medium,9,7,5.5
renan,Renan,Campus / Placement,86 real questions from past Renan interviews,Situational,Behavioral,Project explanation.,medium,9,7,5.5
renan,Renan,Campus / Placement,86 real questions from past Renan interviews,Situational,ML/AI,what is streamlit(project based question).,medium,9,7,5.5
renan,Renan,Campus / Placement,86 real questions from past Renan interviews,Situational,Behavioral,what ai do you used for project and why only that.,medium,9,7,5.5
renan,Renan,Campus / Placement,86 real questions from past Renan interviews,Technical,General,what is the difference between openai and gemini ai.,medium,9,7,5.5
renan,Renan,Campus / Placement,86 real questions from past Renan interviews,Technical,General,what are tokens.,medium,9,7,5.5
renan,Renan,Campus / Placement,86 real questions from past Renan interviews,Technical,General,How do you set the document upload feature to the ai.,medium,9,7,5.5
renan,Renan,Campus / Placement,86 real questions from past Renan interviews,Technical,General,How do you make the ai to prevent over tokenization and unwanted tokenization.,medium,9,7,5.5
renan,Renan,Campus / Placement,86 real questions from past Renan interviews,Technical,General,what is semantic search.,medium,9,7,5.5
renan,Renan,Campus / Placement,86 real questions from past Renan interviews,Technical,General,what is rag.,medium,9,7,5.5
renan,Renan,Campus / Placement,86 real questions from past Renan interviews,Situational,Behavioral,what do you learn from this project.,medium,9,7,5.5
renan,Renan,Campus / Placement,86 real questions from past Renan interviews,Technical,General,what is deeplearning.,medium,9,7,5.5
renan,Renan,Campus / Placement,86 real questions from past Renan interviews,Technical,ML/AI,What is machine learning.,medium,9,7,5.5
renan,Renan,Campus / Placement,86 real questions from past Renan interviews,Technical,General,explain difference between supervised and unsupervised learning.,medium,9,7,5.5
renan,Renan,Campus / Placement,86 real questions from past Renan interviews,Technical,General,what is linear regression and logistic regression explain with example.,medium,9,7,5.5
renan,Renan,Campus / Placement,86 real questions from past Renan interviews,Situational,Behavioral,Have you done any deeplearning project and deeplearning project explanation.,medium,9,7,5.5
renan,Renan,Campus / Placement,86 real questions from past Renan interviews,Situational,Behavioral,what are the things you want to update in your ai interview chatbot project and how do you do it.,medium,9,7,5.5
renan,Renan,Campus / Placement,86 real questions from past Renan interviews,Technical,General,What is Recural neural network (RNN) and Convulutional Neural Network(CNN).,medium,9,7,5.5
renan,Renan,Campus / Placement,86 real questions from past Renan interviews,Situational,Behavioral,Project based questions on how we can implement new features in it whole process step by step,hard,9,7,5.5
renan,Renan,Campus / Placement,86 real questions from past Renan interviews,Technical,General,"They are asking very in depth questions related to gen ai topics like rag ,transformers , and their concepts",medium,9,7,5.5
renan,Renan,Campus / Placement,86 real questions from past Renan interviews,Technical,General,And asking to explain code flow by giving a topic and how to implement it,hard,9,7,5.5
renan,Renan,Campus / Placement,86 real questions from past Renan interviews,Technical,General,vatilone inka deep ga adigtunnaru,medium,9,7,5.5
renan,Renan,Campus / Placement,86 real questions from past Renan interviews,Technical,General,How the ai will encode the text explain process and difference between rag and bert,medium,9,7,5.5
renan,Renan,Campus / Placement,86 real questions from past Renan interviews,Technical,General,Custom hooks,medium,9,7,5.5
renan,Renan,Campus / Placement,86 real questions from past Renan interviews,Technical,General,Difference between Async and sync,medium,9,7,5.5
renan,Renan,Campus / Placement,86 real questions from past Renan interviews,Technical,General,tell me about Hooks,medium,9,7,5.5
renan,Renan,Campus / Placement,86 real questions from past Renan interviews,Technical,General,where we use UseEffect,medium,9,7,5.5
renan,Renan,Campus / Placement,86 real questions from past Renan interviews,Technical,General,What is Custom Hooks,medium,9,7,5.5
renan,Renan,Campus / Placement,86 real questions from past Renan interviews,Technical,General,prop drilling,medium,9,7,5.5
renan,Renan,Campus / Placement,86 real questions from past Renan interviews,Technical,General,use Context and redux,medium,9,7,5.5
renan,Renan,Campus / Placement,86 real questions from past Renan interviews,Technical,General,how to handle error handle,medium,9,7,5.5
renan,Renan,Campus / Placement,86 real questions from past Renan interviews,Technical,General,tell about finally,medium,9,7,5.5
renan,Renan,Campus / Placement,86 real questions from past Renan interviews,Technical,General,what is LazyLoading,medium,9,7,5.5
renan,Renan,Campus / Placement,86 real questions from past Renan interviews,Technical,General,what is middleware,medium,9,7,5.5
renan,Renan,Campus / Placement,86 real questions from past Renan interviews,Technical,APIs,what is rest Api,medium,9,7,5.5
renan,Renan,Campus / Placement,86 real questions from past Renan interviews,Technical,OOP,event loop,medium,9,7,5.5
renan,Renan,Campus / Placement,86 real questions from past Renan interviews,Technical,General,what is npm,medium,9,7,5.5
renan,Renan,Campus / Placement,86 real questions from past Renan interviews,Technical,Node.js,why we use node_modules,medium,9,7,5.5
renan,Renan,Campus / Placement,86 real questions from past Renan interviews,Technical,React,create a simple in formvalidation and show them in the console by using react,medium,9,7,5.5
reva,REVA,Campus / Placement,18 real questions from past REVA interviews,Technical,General,Self Intro,medium,8,7,5.5
reva,REVA,Campus / Placement,18 real questions from past REVA interviews,Technical,General,About projects,medium,8,7,5.5
reva,REVA,Campus / Placement,18 real questions from past REVA interviews,Technical,General,And features implemented in them,medium,8,7,5.5
reva,REVA,Campus / Placement,18 real questions from past REVA interviews,Situational,Behavioral,Project explanation,medium,8,7,5.5
reva,REVA,Campus / Placement,18 real questions from past REVA interviews,Technical,General,Difference between http and HTTPS,medium,8,7,5.5
reva,REVA,Campus / Placement,18 real questions from past REVA interviews,Technical,General,Difference between get and post,medium,8,7,5.5
reva,REVA,Campus / Placement,18 real questions from past REVA interviews,Technical,DBMS,"self intro, explain about any one of your projects, diff get and post ,what tech stack have you used ,are you comfortable with using relational databases.",medium,8,7,5.5
reva,REVA,Campus / Placement,18 real questions from past REVA interviews,Technical,General,sharath gajula -out i,medium,8,7,5.5
reva,REVA,Campus / Placement,18 real questions from past REVA interviews,Situational,MERN,He Usually Asked some qs in MERN STACK and he said how u built it and What is main cause for building whole Project and then He asked me how gained transformed ur Internship,medium,8,7,5.5
reva,REVA,Campus / Placement,18 real questions from past REVA interviews,Technical,Java,"First One Person joined and asked me Coding Coding Question from starting basics to Medium Level Like factorial, Prime and String based Questionans like Occurance of the String and one Array question on Print the Array in Sorted order as well in with No Duplicates and one qs on Strings some medications he asked and one more person joined he asked me about Backend stuff and frontend : Useffects Usestate and uref Hooks and asked me questions in JavaScript basics functions and Arrow functions",medium,8,7,5.5
reva,REVA,Campus / Placement,18 real questions from past REVA interviews,HR,Introduction,"About the projects i have mentioned in my resume, Clauses in JS, Hoisting concept, cookies and headers, couple of programming questions like moving zeroes to end, identifying substring count in a string along with time complexity..",medium,8,7,5.5
reva,REVA,Campus / Placement,18 real questions from past REVA interviews,HR,Introduction,Interviewer asked more on my project mentioned in Resume,easy,8,7,5.5
reva,REVA,Campus / Placement,18 real questions from past REVA interviews,Technical,General,"Find the largest number you can form with the give elements{12,7,56,8}",medium,8,7,5.5
reva,REVA,Campus / Placement,18 real questions from past REVA interviews,Technical,General,prime number,medium,8,7,5.5
reva,REVA,Campus / Placement,18 real questions from past REVA interviews,Technical,General,second largest,medium,8,7,5.5
reva,REVA,Campus / Placement,18 real questions from past REVA interviews,Technical,General,nth largest,medium,8,7,5.5
reva,REVA,Campus / Placement,18 real questions from past REVA interviews,Technical,General,Edge cases on them and the whole work flow,medium,8,7,5.5
reva,REVA,Campus / Placement,18 real questions from past REVA interviews,Technical,SQL,Problem solving of counting the occurrences of a particular string in long string and the sql query question for getting count of employees for each dept,medium,8,7,5.5
reva-solutions,Reva Solutions,Campus / Placement,71 real questions from past Reva Solutions interviews,Technical,General,They have asked me to introduce about my self,medium,8,7,5.5
reva-solutions,Reva Solutions,Campus / Placement,71 real questions from past Reva Solutions interviews,Technical,General,Then basic questions like when will you be able to join,medium,8,7,5.5
reva-solutions,Reva Solutions,Campus / Placement,71 real questions from past Reva Solutions interviews,Technical,General,self intro,medium,8,7,5.5
reva-solutions,Reva Solutions,Campus / Placement,71 real questions from past Reva Solutions interviews,HR,Java,About my projects I mentioned in resume and some Java script questions,easy,8,7,5.5
reva-solutions,Reva Solutions,Campus / Placement,71 real questions from past Reva Solutions interviews,HR,Introduction,Asked about projects mentioned in resume,easy,8,7,5.5
reva-solutions,Reva Solutions,Campus / Placement,71 real questions from past Reva Solutions interviews,Technical,APIs,REST APIs and HTTP methods,medium,8,7,5.5
reva-solutions,Reva Solutions,Campus / Placement,71 real questions from past Reva Solutions interviews,Technical,General,What is HTTP and HTTPS,medium,8,7,5.5
reva-solutions,Reva Solutions,Campus / Placement,71 real questions from past Reva Solutions interviews,Technical,General,Default HTTP and HTTPS port number,medium,8,7,5.5
reva-solutions,Reva Solutions,Campus / Placement,71 real questions from past Reva Solutions interviews,Technical,General,What are CDNs used for,medium,8,7,5.5
reva-solutions,Reva Solutions,Campus / Placement,71 real questions from past Reva Solutions interviews,Technical,General,Problem solving - strings s1 = abcbabcabcaababc,medium,8,7,5.5
reva-solutions,Reva Solutions,Campus / Placement,71 real questions from past Reva Solutions interviews,Technical,General,S2 = abc occurrence of s2 in s1 count?,medium,8,7,5.5
reva-solutions,Reva Solutions,Campus / Placement,71 real questions from past Reva Solutions interviews,Technical,General,shallow copy,medium,8,7,5.5
reva-solutions,Reva Solutions,Campus / Placement,71 real questions from past Reva Solutions interviews,Technical,General,web sockets,medium,8,7,5.5
reva-solutions,Reva Solutions,Campus / Placement,71 real questions from past Reva Solutions interviews,Technical,General,short polling vs long polling,medium,8,7,5.5
reva-solutions,Reva Solutions,Campus / Placement,71 real questions from past Reva Solutions interviews,Technical,General,promises,medium,8,7,5.5
reva-solutions,Reva Solutions,Campus / Placement,71 real questions from past Reva Solutions interviews,Technical,DevOps,docker related,medium,8,7,5.5
reva-solutions,Reva Solutions,Campus / Placement,71 real questions from past Reva Solutions interviews,Situational,Behavioral,project related questions,medium,8,7,5.5
reva-solutions,Reva Solutions,Campus / Placement,71 real questions from past Reva Solutions interviews,Technical,General,how do you scale the application,medium,8,7,5.5
reva-solutions,Reva Solutions,Campus / Placement,71 real questions from past Reva Solutions interviews,Technical,General,Intro,medium,8,7,5.5
reva-solutions,Reva Solutions,Campus / Placement,71 real questions from past Reva Solutions interviews,Technical,General,Given a problem (problem solving),medium,8,7,5.5
reva-solutions,Reva Solutions,Campus / Placement,71 real questions from past Reva Solutions interviews,Technical,General,Q. Write a function which accepts a string and a substring. Return the count of the substring appearing in string.,medium,8,7,5.5
reva-solutions,Reva Solutions,Campus / Placement,71 real questions from past Reva Solutions interviews,Technical,General,Demonstrate asynchronous tasks in js,medium,8,7,5.5
reva-solutions,Reva Solutions,Campus / Placement,71 real questions from past Reva Solutions interviews,Technical,General,What is deep copy and shallow copy (also demonstrate it ),medium,8,7,5.5
reva-solutions,Reva Solutions,Campus / Placement,71 real questions from past Reva Solutions interviews,HR,Introduction,Resume screening,easy,8,7,5.5
reva-solutions,Reva Solutions,Campus / Placement,71 real questions from past Reva Solutions interviews,Technical,General,What is middle ware,medium,8,7,5.5
reva-solutions,Reva Solutions,Campus / Placement,71 real questions from past Reva Solutions interviews,Technical,General,What is jwt,medium,8,7,5.5
reva-solutions,Reva Solutions,Campus / Placement,71 real questions from past Reva Solutions interviews,Technical,General,Authentication vs Authorization?,medium,8,7,5.5
reva-solutions,Reva Solutions,Campus / Placement,71 real questions from past Reva Solutions interviews,Technical,General,Merge sorted array in ascending and descending order,medium,8,7,5.5
reva-solutions,Reva Solutions,Campus / Placement,71 real questions from past Reva Solutions interviews,Technical,General,Count value of substring in main string,medium,8,7,5.5
reva-solutions,Reva Solutions,Campus / Placement,71 real questions from past Reva Solutions interviews,Technical,General,What is props demonstrate it,medium,8,7,5.5
reva-solutions,Reva Solutions,Campus / Placement,71 real questions from past Reva Solutions interviews,Technical,General,Useref,medium,8,7,5.5
reva-solutions,Reva Solutions,Campus / Placement,71 real questions from past Reva Solutions interviews,Technical,General,Useeffect,medium,8,7,5.5
reva-solutions,Reva Solutions,Campus / Placement,71 real questions from past Reva Solutions interviews,Technical,General,Redux,medium,8,7,5.5
reva-solutions,Reva Solutions,Campus / Placement,71 real questions from past Reva Solutions interviews,Technical,General,And ask me to tell time complexities for both the codes and also any other optimised ways,medium,8,7,5.5
reva-solutions,Reva Solutions,Campus / Placement,71 real questions from past Reva Solutions interviews,Technical,General,what is promises and practical examples where we use,medium,8,7,5.5
reva-solutions,Reva Solutions,Campus / Placement,71 real questions from past Reva Solutions interviews,Technical,General,what is use of async and await what is it practical usecase explain with a real time example,medium,8,7,5.5
reva-solutions,Reva Solutions,Campus / Placement,71 real questions from past Reva Solutions interviews,Technical,OOP,what is event loop how it works and explain its background working process,medium,8,7,5.5
reva-solutions,Reva Solutions,Campus / Placement,71 real questions from past Reva Solutions interviews,Technical,General,explain Https methods what are those,medium,8,7,5.5
reva-solutions,Reva Solutions,Campus / Placement,71 real questions from past Reva Solutions interviews,Technical,General,explain about put and patch.,medium,8,7,5.5
reva-solutions,Reva Solutions,Campus / Placement,71 real questions from past Reva Solutions interviews,Technical,General,what are authentication types and explain it.,medium,8,7,5.5
reva-solutions,Reva Solutions,Campus / Placement,71 real questions from past Reva Solutions interviews,Technical,General,"How jwt,oauth works?",medium,8,7,5.5
reva-solutions,Reva Solutions,Campus / Placement,71 real questions from past Reva Solutions interviews,Technical,General,Asked about 3 types of authentication,medium,8,7,5.5
reva-solutions,Reva Solutions,Campus / Placement,71 real questions from past Reva Solutions interviews,Technical,General,And how did await works in practical examples,medium,8,7,5.5
reva-solutions,Reva Solutions,Campus / Placement,71 real questions from past Reva Solutions interviews,Technical,Java,explain what is static key word in java and tell me in different use cases,medium,8,7,5.5
reva-solutions,Reva Solutions,Campus / Placement,71 real questions from past Reva Solutions interviews,Technical,General,where don't we use static in real time and where we use in real time with an example.,medium,8,7,5.5
reva-solutions,Reva Solutions,Campus / Placement,71 real questions from past Reva Solutions interviews,Technical,General,what is exception and what are the types,medium,8,7,5.5
reva-solutions,Reva Solutions,Campus / Placement,71 real questions from past Reva Solutions interviews,Technical,General,how we handle the exceptions is it good to handle why should we handle exceptions.,medium,8,7,5.5
reva-solutions,Reva Solutions,Campus / Placement,71 real questions from past Reva Solutions interviews,Technical,General,"Asked about try,catch,finally blocks",medium,8,7,5.5
reva-solutions,Reva Solutions,Campus / Placement,71 real questions from past Reva Solutions interviews,Technical,General,How does try catch blocks works,medium,8,7,5.5
reva-solutions,Reva Solutions,Campus / Placement,71 real questions from past Reva Solutions interviews,Technical,General,explain about finally block,medium,8,7,5.5
reva-solutions,Reva Solutions,Campus / Placement,71 real questions from past Reva Solutions interviews,Technical,General,explain about throws excepts normal catch exception,medium,8,7,5.5
reva-solutions,Reva Solutions,Campus / Placement,71 real questions from past Reva Solutions interviews,Technical,General,when would we use throws and catch explain with actual implementation like real time example i.e it's usecase,medium,8,7,5.5
reva-solutions,Reva Solutions,Campus / Placement,71 real questions from past Reva Solutions interviews,Technical,General,Explain about status code 200 and 201 how it works,medium,8,7,5.5
reva-solutions,Reva Solutions,Campus / Placement,71 real questions from past Reva Solutions interviews,Technical,General,why don't we use callbacks instead of async await,medium,8,7,5.5
reva-solutions,Reva Solutions,Campus / Placement,71 real questions from past Reva Solutions interviews,Technical,General,Asked about promises states and what is promise,medium,8,7,5.5
reva-solutions,Reva Solutions,Campus / Placement,71 real questions from past Reva Solutions interviews,Technical,SQL,Have u worked with sql or nosql and if u work which type of sql u have worked on,medium,8,7,5.5
reva-solutions,Reva Solutions,Campus / Placement,71 real questions from past Reva Solutions interviews,Technical,General,how callstacks and callback queues work,medium,8,7,5.5
reva-solutions,Reva Solutions,Campus / Placement,71 real questions from past Reva Solutions interviews,Technical,General,Difference between shallow copy and deep copy,medium,8,7,5.5
reva-solutions,Reva Solutions,Campus / Placement,71 real questions from past Reva Solutions interviews,Technical,General,Given two strings one is main string and sub string count the occurrences of substring in main string,medium,8,7,5.5
reva-solutions,Reva Solutions,Campus / Placement,71 real questions from past Reva Solutions interviews,Technical,General,Given an array and a number,medium,8,7,5.5
reva-solutions,Reva Solutions,Campus / Placement,71 real questions from past Reva Solutions interviews,Technical,General,Asked me to find the at which index the number has been located if not located return -1,medium,8,7,5.5
reva-solutions,Reva Solutions,Campus / Placement,71 real questions from past Reva Solutions interviews,Technical,General,Explain the difference between headers and cookies,medium,8,7,5.5
reva-solutions,Reva Solutions,Campus / Placement,71 real questions from past Reva Solutions interviews,Technical,General,What are interceptors ?,medium,8,7,5.5
reva-solutions,Reva Solutions,Campus / Placement,71 real questions from past Reva Solutions interviews,Technical,HTML/CSS,Gave me a HTMl design and asked me to do it,medium,8,7,5.5
reva-solutions,Reva Solutions,Campus / Placement,71 real questions from past Reva Solutions interviews,Technical,SQL,Explain the different types of joins in SQL,medium,8,7,5.5
reva-solutions,Reva Solutions,Campus / Placement,71 real questions from past Reva Solutions interviews,Technical,React,Advantages and disadvantages of angular and react,medium,8,7,5.5
reva-solutions,Reva Solutions,Campus / Placement,71 real questions from past Reva Solutions interviews,HR,Introduction,"Gone through my resume and asked me about my projects , my contribution in projects.",medium,8,7,5.5
reva-solutions,Reva Solutions,Campus / Placement,71 real questions from past Reva Solutions interviews,Technical,General,What kind of models do you use for AI integration,medium,8,7,5.5
reva-solutions,Reva Solutions,Campus / Placement,71 real questions from past Reva Solutions interviews,Technical,General,Where do you store when user wants to upload the document,medium,8,7,5.5
reva-solutions,Reva Solutions,Campus / Placement,71 real questions from past Reva Solutions interviews,Communication,Clarity,How backend can communicate with frontend,medium,8,7,5.5
reva-solutions,Reva Solutions,Campus / Placement,71 real questions from past Reva Solutions interviews,Technical,General,What content type do you use to upload document,medium,8,7,5.5
sai-shruthi-haridasu,Sai Shruthi Haridasu,Campus / Placement,40 real questions from past Sai Shruthi Haridasu interviews,Technical,SQL,"How do you rate yourself in html,css,php, MySQL",medium,8,7,5.5
sai-shruthi-haridasu,Sai Shruthi Haridasu,Campus / Placement,40 real questions from past Sai Shruthi Haridasu interviews,Technical,General,What do you know about the company,medium,8,7,5.5
sai-shruthi-haridasu,Sai Shruthi Haridasu,Campus / Placement,40 real questions from past Sai Shruthi Haridasu interviews,Technical,General,Why do you think the company will hire freshers,medium,8,7,5.5
sai-shruthi-haridasu,Sai Shruthi Haridasu,Campus / Placement,40 real questions from past Sai Shruthi Haridasu interviews,Technical,General,Are you okay with the work timings,medium,8,7,5.5
sai-shruthi-haridasu,Sai Shruthi Haridasu,Campus / Placement,40 real questions from past Sai Shruthi Haridasu interviews,Technical,Java,"SOPEONOW back(python,django)Front (html,css,java scrit)",medium,8,7,5.5
sai-shruthi-haridasu,Sai Shruthi Haridasu,Campus / Placement,40 real questions from past Sai Shruthi Haridasu interviews,Technical,General,Difference between:,medium,8,7,5.5
sai-shruthi-haridasu,Sai Shruthi Haridasu,Campus / Placement,40 real questions from past Sai Shruthi Haridasu interviews,Technical,General,class based and function based views,medium,8,7,5.5
sai-shruthi-haridasu,Sai Shruthi Haridasu,Campus / Placement,40 real questions from past Sai Shruthi Haridasu interviews,Technical,General,join and concat in pandas,medium,8,7,5.5
sai-shruthi-haridasu,Sai Shruthi Haridasu,Campus / Placement,40 real questions from past Sai Shruthi Haridasu interviews,Technical,General,migrate and makemigration commands,medium,8,7,5.5
sai-shruthi-haridasu,Sai Shruthi Haridasu,Campus / Placement,40 real questions from past Sai Shruthi Haridasu interviews,Technical,Python,what is zip() in python,medium,8,7,5.5
sai-shruthi-haridasu,Sai Shruthi Haridasu,Campus / Placement,40 real questions from past Sai Shruthi Haridasu interviews,Technical,General,what are model forms in Django,medium,8,7,5.5
sai-shruthi-haridasu,Sai Shruthi Haridasu,Campus / Placement,40 real questions from past Sai Shruthi Haridasu interviews,Technical,General,How to delete duplicates in pandas,medium,8,7,5.5
sai-shruthi-haridasu,Sai Shruthi Haridasu,Campus / Placement,40 real questions from past Sai Shruthi Haridasu interviews,Technical,General,Explain about the admin interface in Django,medium,8,7,5.5
sai-shruthi-haridasu,Sai Shruthi Haridasu,Campus / Placement,40 real questions from past Sai Shruthi Haridasu interviews,Technical,General,"Difference between append,extend and insert",medium,8,7,5.5
sai-shruthi-haridasu,Sai Shruthi Haridasu,Campus / Placement,40 real questions from past Sai Shruthi Haridasu interviews,Technical,General,Difference between class based components and function based components,medium,8,7,5.5
sai-shruthi-haridasu,Sai Shruthi Haridasu,Campus / Placement,40 real questions from past Sai Shruthi Haridasu interviews,Technical,General,what are difference between append vs extend vs insert?,medium,8,7,5.5
sai-shruthi-haridasu,Sai Shruthi Haridasu,Campus / Placement,40 real questions from past Sai Shruthi Haridasu interviews,Technical,Python,what is modal in python?,medium,8,7,5.5
sai-shruthi-haridasu,Sai Shruthi Haridasu,Campus / Placement,40 real questions from past Sai Shruthi Haridasu interviews,Technical,General,do you know panda's and numpy?,medium,8,7,5.5
sai-shruthi-haridasu,Sai Shruthi Haridasu,Campus / Placement,40 real questions from past Sai Shruthi Haridasu interviews,Technical,General,remove spaces in between in word not i string example str='he llo wor ld' o/p: hello world?,medium,8,7,5.5
sai-shruthi-haridasu,Sai Shruthi Haridasu,Campus / Placement,40 real questions from past Sai Shruthi Haridasu interviews,Technical,General,What are key up and key down events?,medium,8,7,5.5
sai-shruthi-haridasu,Sai Shruthi Haridasu,Campus / Placement,40 real questions from past Sai Shruthi Haridasu interviews,Technical,General,How can we remove empty spaces from a string,medium,8,7,5.5
sai-shruthi-haridasu,Sai Shruthi Haridasu,Campus / Placement,40 real questions from past Sai Shruthi Haridasu interviews,Technical,General,How can we find an integer.,medium,8,7,5.5
sai-shruthi-haridasu,Sai Shruthi Haridasu,Campus / Placement,40 real questions from past Sai Shruthi Haridasu interviews,Technical,General,What's the difference between pesuri classes and pesudi elements?,medium,8,7,5.5
sai-shruthi-haridasu,Sai Shruthi Haridasu,Campus / Placement,40 real questions from past Sai Shruthi Haridasu interviews,Technical,General,Difference pseudoClass position and pseudo element position,medium,8,7,5.5
sai-shruthi-haridasu,Sai Shruthi Haridasu,Campus / Placement,40 real questions from past Sai Shruthi Haridasu interviews,Technical,General,what is keyframes,medium,8,7,5.5
sai-shruthi-haridasu,Sai Shruthi Haridasu,Campus / Placement,40 real questions from past Sai Shruthi Haridasu interviews,Technical,General,keyupevents and keydown events,medium,8,7,5.5
sai-shruthi-haridasu,Sai Shruthi Haridasu,Campus / Placement,40 real questions from past Sai Shruthi Haridasu interviews,Technical,General,what is sub query,medium,8,7,5.5
sai-shruthi-haridasu,Sai Shruthi Haridasu,Campus / Placement,40 real questions from past Sai Shruthi Haridasu interviews,Technical,General,what is secret key,medium,8,7,5.5
sai-shruthi-haridasu,Sai Shruthi Haridasu,Campus / Placement,40 real questions from past Sai Shruthi Haridasu interviews,Technical,General,keyupevents and keydown event's,medium,8,7,5.5
sai-shruthi-haridasu,Sai Shruthi Haridasu,Campus / Placement,40 real questions from past Sai Shruthi Haridasu interviews,Technical,General,Difference pseudoClass position and pseudo element,medium,8,7,5.5
sai-shruthi-haridasu,Sai Shruthi Haridasu,Campus / Placement,40 real questions from past Sai Shruthi Haridasu interviews,Technical,General,What are the key frames,medium,8,7,5.5
sai-shruthi-haridasu,Sai Shruthi Haridasu,Campus / Placement,40 real questions from past Sai Shruthi Haridasu interviews,Technical,General,What are Models ?,medium,8,7,5.5
sai-shruthi-haridasu,Sai Shruthi Haridasu,Campus / Placement,40 real questions from past Sai Shruthi Haridasu interviews,Technical,General,What is constructer,medium,8,7,5.5
sai-shruthi-haridasu,Sai Shruthi Haridasu,Campus / Placement,40 real questions from past Sai Shruthi Haridasu interviews,Technical,General,Difference between pseudo elements and pseudo classes ?,medium,8,7,5.5
sai-shruthi-haridasu,Sai Shruthi Haridasu,Campus / Placement,40 real questions from past Sai Shruthi Haridasu interviews,Technical,General,How to remove space in js..?,medium,8,7,5.5
sai-shruthi-haridasu,Sai Shruthi Haridasu,Campus / Placement,40 real questions from past Sai Shruthi Haridasu interviews,Technical,HTML/CSS,What are custom attributes in html .?,medium,8,7,5.5
sai-shruthi-haridasu,Sai Shruthi Haridasu,Campus / Placement,40 real questions from past Sai Shruthi Haridasu interviews,Technical,General,What is json.parse()...?,medium,8,7,5.5
sai-shruthi-haridasu,Sai Shruthi Haridasu,Campus / Placement,40 real questions from past Sai Shruthi Haridasu interviews,Technical,General,What is ajax,medium,8,7,5.5
sai-shruthi-haridasu,Sai Shruthi Haridasu,Campus / Placement,40 real questions from past Sai Shruthi Haridasu interviews,Technical,General,Difference between pseudo classes and elements,medium,8,7,5.5
sai-shruthi-haridasu,Sai Shruthi Haridasu,Campus / Placement,40 real questions from past Sai Shruthi Haridasu interviews,Technical,General,What is the difference between remove and empty,medium,8,7,5.5
scooter-ai,Scooter.ai,Campus / Placement,16 real questions from past Scooter.ai interviews,Technical,General,Print an empty statement wing.,medium,8,7,5.5
scooter-ai,Scooter.ai,Campus / Placement,16 real questions from past Scooter.ai interviews,Technical,General,Create an inncu function and pass,medium,8,7,5.5
scooter-ai,Scooter.ai,Campus / Placement,16 real questions from past Scooter.ai interviews,Technical,General,2 number dynamically and get,medium,8,7,5.5
scooter-ai,Scooter.ai,Campus / Placement,16 real questions from past Scooter.ai interviews,Technical,General,this sum.,medium,8,7,5.5
scooter-ai,Scooter.ai,Campus / Placement,16 real questions from past Scooter.ai interviews,Technical,General,Explain / Elaborale your projects,medium,8,7,5.5
scooter-ai,Scooter.ai,Campus / Placement,16 real questions from past Scooter.ai interviews,HR,Introduction,Why we will hire you,easy,8,7,5.5
scooter-ai,Scooter.ai,Campus / Placement,16 real questions from past Scooter.ai interviews,Technical,General,Why are you deciding to take this opportunity as you know this is free internship,medium,8,7,5.5
scooter-ai,Scooter.ai,Campus / Placement,16 real questions from past Scooter.ai interviews,Technical,General,Explain your projects.,medium,8,7,5.5
scooter-ai,Scooter.ai,Campus / Placement,16 real questions from past Scooter.ai interviews,Technical,General,What is hyperparameter,medium,8,7,5.5
scooter-ai,Scooter.ai,Campus / Placement,16 real questions from past Scooter.ai interviews,Technical,General,"What is authentication,and authorisation",medium,8,7,5.5
scooter-ai,Scooter.ai,Campus / Placement,16 real questions from past Scooter.ai interviews,Technical,Java,How you can call dynamically using javascript,medium,8,7,5.5
scooter-ai,Scooter.ai,Campus / Placement,16 real questions from past Scooter.ai interviews,Technical,HTML/CSS,What are the parameters of css,medium,8,7,5.5
scooter-ai,Scooter.ai,Campus / Placement,16 real questions from past Scooter.ai interviews,Technical,Python,What is the disadvantage of python,medium,8,7,5.5
scooter-ai,Scooter.ai,Campus / Placement,16 real questions from past Scooter.ai interviews,Technical,Python,Reverse the python,medium,8,7,5.5
scooter-ai,Scooter.ai,Campus / Placement,16 real questions from past Scooter.ai interviews,Technical,General,Write the function and add it and delete it and call it before the function,medium,8,7,5.5
scooter-ai,Scooter.ai,Campus / Placement,16 real questions from past Scooter.ai interviews,Technical,General,"And asked about somewhat DSA like array,list, and what is DSA",medium,8,7,5.5
shiva,Shiva,Campus / Placement,16 real questions from past Shiva interviews,Technical,General,Difference between pseudo class and pseudo element position,medium,8,7,5.5
shiva,Shiva,Campus / Placement,16 real questions from past Shiva interviews,Technical,Git,Take floating point convert to single digit number,medium,8,7,5.5
shiva,Shiva,Campus / Placement,16 real questions from past Shiva interviews,Technical,General,questions on Django,medium,8,7,5.5
shiva,Shiva,Campus / Placement,16 real questions from past Shiva interviews,Technical,General,"diff b/w var,let,const",medium,8,7,5.5
shiva,Shiva,Campus / Placement,16 real questions from past Shiva interviews,Technical,General,Difference between list comprehension and dictionary comprehension,medium,8,7,5.5
shiva,Shiva,Campus / Placement,16 real questions from past Shiva interviews,Technical,General,lambda function,medium,8,7,5.5
shiva,Shiva,Campus / Placement,16 real questions from past Shiva interviews,Technical,General,pseudo classes and elements,medium,8,7,5.5
shiva,Shiva,Campus / Placement,16 real questions from past Shiva interviews,Technical,General,how do you remove empty space in a string,medium,8,7,5.5
shiva,Shiva,Campus / Placement,16 real questions from past Shiva interviews,Technical,General,objects keys fetching,medium,8,7,5.5
shiva,Shiva,Campus / Placement,16 real questions from past Shiva interviews,Technical,General,question from pandas,medium,8,7,5.5
shiva,Shiva,Campus / Placement,16 real questions from past Shiva interviews,Technical,General,unique key and primary key difference,medium,8,7,5.5
shiva,Shiva,Campus / Placement,16 real questions from past Shiva interviews,Technical,General,validation in django,medium,8,7,5.5
shiva,Shiva,Campus / Placement,16 real questions from past Shiva interviews,Technical,General,background attachments,medium,8,7,5.5
shiva,Shiva,Campus / Placement,16 real questions from past Shiva interviews,Technical,General,zip method,medium,8,7,5.5
shiva,Shiva,Campus / Placement,16 real questions from past Shiva interviews,Technical,General,Diff between list comprehension and dictionary comprehension,medium,8,7,5.5
shiva,Shiva,Campus / Placement,16 real questions from past Shiva interviews,Technical,General,Difference pseudo class position and pseudo element position,medium,8,7,5.5
simplotel,Simplotel,Campus / Placement,101 real questions from past Simplotel interviews,Technical,General,Self intro,medium,11,7,5.5
simplotel,Simplotel,Campus / Placement,101 real questions from past Simplotel interviews,Technical,General,What is media query .,medium,11,7,5.5
simplotel,Simplotel,Campus / Placement,101 real questions from past Simplotel interviews,Technical,General,What is min-width and max-width.and change layout at 1200px in the task,medium,11,7,5.5
simplotel,Simplotel,Campus / Placement,101 real questions from past Simplotel interviews,Technical,HTML/CSS,"What is css combinatiors,what are the types,what is general sibling",medium,11,7,5.5
simplotel,Simplotel,Campus / Placement,101 real questions from past Simplotel interviews,Technical,General,Write syntax for general sibling,medium,11,7,5.5
simplotel,Simplotel,Campus / Placement,101 real questions from past Simplotel interviews,Technical,General,Changing in code like content position and image positions should change ~ answer row-reverse,medium,11,7,5.5
simplotel,Simplotel,Campus / Placement,101 real questions from past Simplotel interviews,Technical,General,Define Display inline and Display block,medium,11,7,5.5
simplotel,Simplotel,Campus / Placement,101 real questions from past Simplotel interviews,Technical,General,And Change only some elements color in nav bar using Pseudo elements,medium,11,7,5.5
simplotel,Simplotel,Campus / Placement,101 real questions from past Simplotel interviews,Technical,General,Changing particular list items colors in the nav bar,medium,11,7,5.5
simplotel,Simplotel,Campus / Placement,101 real questions from past Simplotel interviews,Technical,General,Difference between block and inline,medium,11,7,5.5
simplotel,Simplotel,Campus / Placement,101 real questions from past Simplotel interviews,Technical,General,Difference between class and id,medium,11,7,5.5
simplotel,Simplotel,Campus / Placement,101 real questions from past Simplotel interviews,Technical,General,Why you use flex in assessment,medium,11,7,5.5
simplotel,Simplotel,Campus / Placement,101 real questions from past Simplotel interviews,Technical,General,What is input element why we use it,medium,11,7,5.5
simplotel,Simplotel,Campus / Placement,101 real questions from past Simplotel interviews,Technical,General,What are the attributes we use in img tag,medium,11,7,5.5
simplotel,Simplotel,Campus / Placement,101 real questions from past Simplotel interviews,Technical,General,Explain media queries,medium,11,7,5.5
simplotel,Simplotel,Campus / Placement,101 real questions from past Simplotel interviews,Technical,General,Difference between pseudo classes and pseudo elements,medium,11,7,5.5
simplotel,Simplotel,Campus / Placement,101 real questions from past Simplotel interviews,Technical,General,Difference between visibility non and display hidden.,medium,11,7,5.5
simplotel,Simplotel,Campus / Placement,101 real questions from past Simplotel interviews,Technical,General,What are pseudo elements and classes.,medium,11,7,5.5
simplotel,Simplotel,Campus / Placement,101 real questions from past Simplotel interviews,Technical,General,Difference between block and inline.,medium,11,7,5.5
simplotel,Simplotel,Campus / Placement,101 real questions from past Simplotel interviews,Technical,General,What is meta tag.,medium,11,7,5.5
simplotel,Simplotel,Campus / Placement,101 real questions from past Simplotel interviews,Technical,General,What are attributes used in img tag.,medium,11,7,5.5
simplotel,Simplotel,Campus / Placement,101 real questions from past Simplotel interviews,Technical,General,Changing particular items color in navbar,medium,11,7,5.5
simplotel,Simplotel,Campus / Placement,101 real questions from past Simplotel interviews,Technical,General,Hover a element it can rotate 90deg.,medium,11,7,5.5
simplotel,Simplotel,Campus / Placement,101 real questions from past Simplotel interviews,Technical,General,responsive change text colour and container inside the text colour,medium,11,7,5.5
simplotel,Simplotel,Campus / Placement,101 real questions from past Simplotel interviews,Technical,General,Rotate 90 degree on the image,medium,11,7,5.5
simplotel,Simplotel,Campus / Placement,101 real questions from past Simplotel interviews,Technical,General,Changes in nav bar 5. Display none and visibility,medium,11,7,5.5
simplotel,Simplotel,Campus / Placement,101 real questions from past Simplotel interviews,Technical,General,What is flex layout,medium,11,7,5.5
simplotel,Simplotel,Campus / Placement,101 real questions from past Simplotel interviews,Technical,General,Why this boiler plate approch,medium,11,7,5.5
simplotel,Simplotel,Campus / Placement,101 real questions from past Simplotel interviews,Technical,General,code explanation,medium,11,7,5.5
simplotel,Simplotel,Campus / Placement,101 real questions from past Simplotel interviews,Technical,General,Is this assignment tricky ? Where you faced tricky to write the code,medium,11,7,5.5
simplotel,Simplotel,Campus / Placement,101 real questions from past Simplotel interviews,Technical,General,changes in navbar,medium,11,7,5.5
simplotel,Simplotel,Campus / Placement,101 real questions from past Simplotel interviews,Technical,General,psudo elements and classes,medium,11,7,5.5
simplotel,Simplotel,Campus / Placement,101 real questions from past Simplotel interviews,Technical,General,semantic tags,medium,11,7,5.5
simplotel,Simplotel,Campus / Placement,101 real questions from past Simplotel interviews,Technical,HTML/CSS,what are attributes in html,medium,11,7,5.5
simplotel,Simplotel,Campus / Placement,101 real questions from past Simplotel interviews,Technical,General,"create a ul,li elements (changes in the list for a perticular item )",medium,11,7,5.5
simplotel,Simplotel,Campus / Placement,101 real questions from past Simplotel interviews,Technical,General,hover background colour,medium,11,7,5.5
simplotel,Simplotel,Campus / Placement,101 real questions from past Simplotel interviews,Technical,General,navbar elements colour change,medium,11,7,5.5
simplotel,Simplotel,Campus / Placement,101 real questions from past Simplotel interviews,Technical,General,adding content using psudo elements,medium,11,7,5.5
simplotel,Simplotel,Campus / Placement,101 real questions from past Simplotel interviews,Technical,General,"difference b/w maxwidth,minwidth",medium,11,7,5.5
simplotel,Simplotel,Campus / Placement,101 real questions from past Simplotel interviews,Technical,General,self introduction,medium,11,7,5.5
simplotel,Simplotel,Campus / Placement,101 real questions from past Simplotel interviews,Technical,General,Difference b/w flex-grow and flex-shrink,medium,11,7,5.5
simplotel,Simplotel,Campus / Placement,101 real questions from past Simplotel interviews,Technical,General,Difference b/w absolute and relative positions,medium,11,7,5.5
simplotel,Simplotel,Campus / Placement,101 real questions from past Simplotel interviews,Technical,HTML/CSS,positions in css,medium,11,7,5.5
simplotel,Simplotel,Campus / Placement,101 real questions from past Simplotel interviews,Technical,General,Given one qn on chatboard and ask me give color,medium,11,7,5.5
simplotel,Simplotel,Campus / Placement,101 real questions from past Simplotel interviews,Technical,General,How to debug response in a webpage.,medium,11,7,5.5
simplotel,Simplotel,Campus / Placement,101 real questions from past Simplotel interviews,Technical,General,what is selectors,medium,11,7,5.5
simplotel,Simplotel,Campus / Placement,101 real questions from past Simplotel interviews,Technical,General,which type of selector is best,medium,11,7,5.5
simplotel,Simplotel,Campus / Placement,101 real questions from past Simplotel interviews,Technical,General,Changing particular item in navbar,medium,11,7,5.5
simplotel,Simplotel,Campus / Placement,101 real questions from past Simplotel interviews,Technical,General,what is z-index,medium,11,7,5.5
simplotel,Simplotel,Campus / Placement,101 real questions from past Simplotel interviews,Technical,General,Difference b/w felx and grid,medium,11,7,5.5
simplotel,Simplotel,Campus / Placement,101 real questions from past Simplotel interviews,Technical,General,"ul,li elements in the list for a perticular item add color",medium,11,7,5.5
simplotel,Simplotel,Campus / Placement,101 real questions from past Simplotel interviews,Technical,General,visibility none and display hidden.,medium,11,7,5.5
simplotel,Simplotel,Campus / Placement,101 real questions from past Simplotel interviews,Technical,General,Dom,medium,11,7,5.5
simplotel,Simplotel,Campus / Placement,101 real questions from past Simplotel interviews,Technical,General,relative and absolute,medium,11,7,5.5
simplotel,Simplotel,Campus / Placement,101 real questions from past Simplotel interviews,Technical,General,changes in task,medium,11,7,5.5
simplotel,Simplotel,Campus / Placement,101 real questions from past Simplotel interviews,Technical,General,Self intro and chages in the task,medium,11,7,5.5
simplotel,Simplotel,Campus / Placement,101 real questions from past Simplotel interviews,HR,Introduction,About resume,easy,11,7,5.5
simplotel,Simplotel,Campus / Placement,101 real questions from past Simplotel interviews,Technical,General,Give some code and do changes,medium,11,7,5.5
simplotel,Simplotel,Campus / Placement,101 real questions from past Simplotel interviews,Technical,HTML/CSS,They have given me the classname so based on that I need to right html code,medium,11,7,5.5
simplotel,Simplotel,Campus / Placement,101 real questions from past Simplotel interviews,Technical,General,In the second section image first then the content like row-reverse,medium,11,7,5.5
simplotel,Simplotel,Campus / Placement,101 real questions from past Simplotel interviews,Technical,General,In 3rd section hover an image to 90 degree,medium,11,7,5.5
simplotel,Simplotel,Campus / Placement,101 real questions from past Simplotel interviews,Technical,General,Difference Thank you for your support throughout this time.,medium,11,7,5.5
simplotel,Simplotel,Campus / Placement,101 real questions from past Simplotel interviews,Technical,General,In 900 to 1200px should change the background and text color of the content,medium,11,7,5.5
simplotel,Simplotel,Campus / Placement,101 real questions from past Simplotel interviews,Technical,General,"Whenever I had questions or needed clarification, you were always patient and helpful. and visibility:hidden",medium,11,7,5.5
simplotel,Simplotel,Campus / Placement,101 real questions from past Simplotel interviews,Technical,General,Hover the elements in the nav bar which are in even places without changing the classnames.,medium,11,7,5.5
simplotel,Simplotel,Campus / Placement,101 real questions from past Simplotel interviews,Technical,General,move the particular element in the nav bar to the first,medium,11,7,5.5
simplotel,Simplotel,Campus / Placement,101 real questions from past Simplotel interviews,Technical,General,Hover the image to 90 degrees,medium,11,7,5.5
simplotel,Simplotel,Campus / Placement,101 real questions from past Simplotel interviews,Technical,General,difference between visibility: hidden and display:none,medium,11,7,5.5
simplotel,Simplotel,Campus / Placement,101 real questions from past Simplotel interviews,Technical,General,swap the items in the first section like content to the right and image to the left .,medium,11,7,5.5
simplotel,Simplotel,Campus / Placement,101 real questions from past Simplotel interviews,Technical,General,nav bar change elements,medium,11,7,5.5
simplotel,Simplotel,Campus / Placement,101 real questions from past Simplotel interviews,Technical,General,sematic tags,medium,11,7,5.5
simplotel,Simplotel,Campus / Placement,101 real questions from past Simplotel interviews,Technical,General,swap items in the page,medium,11,7,5.5
simplotel,Simplotel,Campus / Placement,101 real questions from past Simplotel interviews,Technical,General,Rotate images,medium,11,7,5.5
simplotel,Simplotel,Campus / Placement,101 real questions from past Simplotel interviews,Technical,General,what is section,medium,11,7,5.5
simplotel,Simplotel,Campus / Placement,101 real questions from past Simplotel interviews,Technical,General,⁠Some specific changes to the navbar links,medium,11,7,5.5
simplotel,Simplotel,Campus / Placement,101 real questions from past Simplotel interviews,Technical,HTML/CSS,⁠What are pseudo classes and objects in CSS - was asked to make alternate links to different colored text.,medium,11,7,5.5
simplotel,Simplotel,Campus / Placement,101 real questions from past Simplotel interviews,Technical,General,⁠What is display flex. What is order property and use of it in display flex.,medium,11,7,5.5
simplotel,Simplotel,Campus / Placement,101 real questions from past Simplotel interviews,Technical,General,⁠Change the layout in the hero section to a reverse flow (first image then text content),medium,11,7,5.5
simplotel,Simplotel,Campus / Placement,101 real questions from past Simplotel interviews,Technical,HTML/CSS,⁠Gave some nested ul and li HTML tags and asked on how to select a particular element from the structure,medium,11,7,5.5
simplotel,Simplotel,Campus / Placement,101 real questions from past Simplotel interviews,Technical,General,⁠Make the image rotate on hover,medium,11,7,5.5
simplotel,Simplotel,Campus / Placement,101 real questions from past Simplotel interviews,Technical,HTML/CSS,⁠Gave some CSS Ruleset and asked to write the corresponding HTML structure that the rule.,medium,11,7,5.5
simplotel,Simplotel,Campus / Placement,101 real questions from past Simplotel interviews,Technical,General,⁠⁠Do you know about responsiveness?,medium,11,7,5.5
simplotel,Simplotel,Campus / Placement,101 real questions from past Simplotel interviews,Technical,General,⁠⁠Selected a part of the content and asked to change the color of the background and text according to some device specification (between 900px and 1200px) - media queries.,medium,11,7,5.5
simplotel,Simplotel,Campus / Placement,101 real questions from past Simplotel interviews,Technical,General,⁠⁠Do you have any questions for me?,medium,11,7,5.5
simplotel,Simplotel,Campus / Placement,101 real questions from past Simplotel interviews,Technical,General,Some changes on Nov bar,medium,11,7,5.5
simplotel,Simplotel,Campus / Placement,101 real questions from past Simplotel interviews,Technical,General,About flex and grid,medium,11,7,5.5
simplotel,Simplotel,Campus / Placement,101 real questions from past Simplotel interviews,Technical,General,Rotate img,medium,11,7,5.5
simplotel,Simplotel,Campus / Placement,101 real questions from past Simplotel interviews,Technical,General,About section,medium,11,7,5.5
simplotel,Simplotel,Campus / Placement,101 real questions from past Simplotel interviews,Technical,General,Some specific changes to the navbar links,medium,11,7,5.5
simplotel,Simplotel,Campus / Placement,101 real questions from past Simplotel interviews,Technical,General,Rotate the button when hovered,medium,11,7,5.5
simplotel,Simplotel,Campus / Placement,101 real questions from past Simplotel interviews,Technical,General,Display:none and visibility: hidden,medium,11,7,5.5
simplotel,Simplotel,Campus / Placement,101 real questions from past Simplotel interviews,Technical,General,Difference between flex and grid,medium,11,7,5.5
simplotel,Simplotel,Campus / Placement,101 real questions from past Simplotel interviews,Technical,HTML/CSS,Self introduction HTML,medium,11,7,5.5
simplotel,Simplotel,Campus / Placement,101 real questions from past Simplotel interviews,Technical,General,Rotating an image to 90°,medium,11,7,5.5
simplotel,Simplotel,Campus / Placement,101 real questions from past Simplotel interviews,Technical,General,Centering a div inside another div using Flexbox Display:none and visibility: hidden,medium,11,7,5.5
simplotel,Simplotel,Campus / Placement,101 real questions from past Simplotel interviews,Technical,General,Why the year gap,medium,11,7,5.5
simplotel,Simplotel,Campus / Placement,101 real questions from past Simplotel interviews,Technical,General,Said to center a div,medium,11,7,5.5
simplotel,Simplotel,Campus / Placement,101 real questions from past Simplotel interviews,Technical,HTML/CSS,Checking each line and asking why this in both html CSS,medium,11,7,5.5
simplotel,Simplotel,Campus / Placement,101 real questions from past Simplotel interviews,HR,Introduction,In next 5 years where do you see your self,easy,11,7,5.5
simplotel,Simplotel,Campus / Placement,101 real questions from past Simplotel interviews,Technical,General,In future you wanted to become full stack developer or frontend developer,medium,11,7,5.5
simplotel,Simplotel,Campus / Placement,101 real questions from past Simplotel interviews,HR,Introduction,Asked to show the resume,easy,11,7,5.5
simpoltel,Simpoltel,Campus / Placement,44 real questions from past Simpoltel interviews,Technical,General,They will ask you to make changes in your code that you submitted,medium,8,7,5.5
simpoltel,Simpoltel,Campus / Placement,44 real questions from past Simpoltel interviews,Technical,HTML/CSS,They will give you 4 to 5 nested ul or tables html code ask you to write css for one item only using pseudo elements,medium,8,7,5.5
simpoltel,Simpoltel,Campus / Placement,44 real questions from past Simpoltel interviews,HR,Introduction,Tell me about yourself?,easy,8,7,5.5
simpoltel,Simpoltel,Campus / Placement,44 real questions from past Simpoltel interviews,Technical,General,What are the attributes other we can able to use in the image tag?,medium,8,7,5.5
simpoltel,Simpoltel,Campus / Placement,44 real questions from past Simpoltel interviews,Technical,General,Differences between pseudo classes and pseudo elements,medium,8,7,5.5
simpoltel,Simpoltel,Campus / Placement,44 real questions from past Simpoltel interviews,Technical,General,What is flex,medium,8,7,5.5
simpoltel,Simpoltel,Campus / Placement,44 real questions from past Simpoltel interviews,Technical,General,What is the usage of flex,medium,8,7,5.5
simpoltel,Simpoltel,Campus / Placement,44 real questions from past Simpoltel interviews,Technical,General,Asked to make changes in the assignment like changing the colors at specific place,medium,8,7,5.5
simpoltel,Simpoltel,Campus / Placement,44 real questions from past Simpoltel interviews,Technical,General,Changing the positions of the containers,medium,8,7,5.5
simpoltel,Simpoltel,Campus / Placement,44 real questions from past Simpoltel interviews,Technical,General,Self intro,medium,8,7,5.5
simpoltel,Simpoltel,Campus / Placement,44 real questions from past Simpoltel interviews,Technical,General,diff between inline vs block level elements,medium,8,7,5.5
simpoltel,Simpoltel,Campus / Placement,44 real questions from past Simpoltel interviews,Technical,General,diff between inline and inline block,medium,8,7,5.5
simpoltel,Simpoltel,Campus / Placement,44 real questions from past Simpoltel interviews,Technical,General,"inline,block level elements examples",medium,8,7,5.5
simpoltel,Simpoltel,Campus / Placement,44 real questions from past Simpoltel interviews,Technical,General,media queries,medium,8,7,5.5
simpoltel,Simpoltel,Campus / Placement,44 real questions from past Simpoltel interviews,Technical,General,rotate button to 90deg when hovered,medium,8,7,5.5
simpoltel,Simpoltel,Campus / Placement,44 real questions from past Simpoltel interviews,Technical,General,display flex and grid,medium,8,7,5.5
simpoltel,Simpoltel,Campus / Placement,44 real questions from past Simpoltel interviews,Technical,General,diff between visibility hidden and display none,medium,8,7,5.5
simpoltel,Simpoltel,Campus / Placement,44 real questions from past Simpoltel interviews,Technical,General,img tag attributes and src,medium,8,7,5.5
simpoltel,Simpoltel,Campus / Placement,44 real questions from past Simpoltel interviews,Technical,General,semantic tags,medium,8,7,5.5
simpoltel,Simpoltel,Campus / Placement,44 real questions from past Simpoltel interviews,Technical,General,pseudo classes,medium,8,7,5.5
simpoltel,Simpoltel,Campus / Placement,44 real questions from past Simpoltel interviews,Technical,General,Task related questions(asked to modify some changes),medium,8,7,5.5
simpoltel,Simpoltel,Campus / Placement,44 real questions from past Simpoltel interviews,Technical,General,Changes in assessment like Order of navlinks...,medium,8,7,5.5
simpoltel,Simpoltel,Campus / Placement,44 real questions from past Simpoltel interviews,Technical,General,Nested nested ul- list u need to change the color when hover.,medium,8,7,5.5
simpoltel,Simpoltel,Campus / Placement,44 real questions from past Simpoltel interviews,Technical,General,Pseudo class and psuedo elements and why,medium,8,7,5.5
simpoltel,Simpoltel,Campus / Placement,44 real questions from past Simpoltel interviews,Technical,General,What is 1d and 2d layous?,medium,8,7,5.5
simpoltel,Simpoltel,Campus / Placement,44 real questions from past Simpoltel interviews,Technical,General,Nested nested ul- list u need to change the color when hover...,medium,8,7,5.5
simpoltel,Simpoltel,Campus / Placement,44 real questions from past Simpoltel interviews,Technical,General,What is Specificity,medium,8,7,5.5
simpoltel,Simpoltel,Campus / Placement,44 real questions from past Simpoltel interviews,Technical,General,Id or inline is more specificity,medium,8,7,5.5
simpoltel,Simpoltel,Campus / Placement,44 real questions from past Simpoltel interviews,Technical,HTML/CSS,"Changes in assessment button hover change color, change first section directions using css",medium,8,7,5.5
simpoltel,Simpoltel,Campus / Placement,44 real questions from past Simpoltel interviews,Technical,General,"what is none, visibility-hidden",medium,8,7,5.5
simpoltel,Simpoltel,Campus / Placement,44 real questions from past Simpoltel interviews,Technical,General,What are pseudo classes,medium,8,7,5.5
simpoltel,Simpoltel,Campus / Placement,44 real questions from past Simpoltel interviews,Technical,General,what is ~ this name of this selector and why,medium,8,7,5.5
simpoltel,Simpoltel,Campus / Placement,44 real questions from past Simpoltel interviews,Technical,General,First Round:,medium,8,7,5.5
simpoltel,Simpoltel,Campus / Placement,44 real questions from past Simpoltel interviews,Technical,General,They asked me to implement form validation.,hard,8,7,5.5
simpoltel,Simpoltel,Campus / Placement,44 real questions from past Simpoltel interviews,Technical,General,Second Round:,medium,8,7,5.5
simpoltel,Simpoltel,Campus / Placement,44 real questions from past Simpoltel interviews,Technical,General,They asked me to write a MongoDB aggregation query.,medium,8,7,5.5
simpoltel,Simpoltel,Campus / Placement,44 real questions from past Simpoltel interviews,Technical,General,first round,medium,8,7,5.5
simpoltel,Simpoltel,Campus / Placement,44 real questions from past Simpoltel interviews,Technical,SQL,What is difference between MySQL and mangodb,medium,8,7,5.5
simpoltel,Simpoltel,Campus / Placement,44 real questions from past Simpoltel interviews,Technical,General,And they ask to fetch using axios,medium,8,7,5.5
simpoltel,Simpoltel,Campus / Placement,44 real questions from past Simpoltel interviews,Technical,General,write any custom hook code,medium,8,7,5.5
simpoltel,Simpoltel,Campus / Placement,44 real questions from past Simpoltel interviews,Technical,General,second round,medium,8,7,5.5
simpoltel,Simpoltel,Campus / Placement,44 real questions from past Simpoltel interviews,Situational,Behavioral,And they asked about my project,medium,8,7,5.5
simpoltel,Simpoltel,Campus / Placement,44 real questions from past Simpoltel interviews,Technical,General,2 questions,medium,8,7,5.5
simpoltel,Simpoltel,Campus / Placement,44 real questions from past Simpoltel interviews,Technical,APIs,One is api fetch and display in card show,medium,8,7,5.5
smart-food-safe,Smart Food Safe,Campus / Placement,8 real questions from past Smart Food Safe interviews,Technical,General,"the question is to check the expiry date of the items and label them as critical if it has less than 4 days ,expired if it is expired , warning if the item has expiry date in the middle of 4 to 7 days and safe if the item has more than 7 days to expire another constrain is if there is no quantity then the item is skipped and last constrain is if the expiry date is unknown then label as unknown",medium,8,7,5.5
smart-food-safe,Smart Food Safe,Campus / Placement,8 real questions from past Smart Food Safe interviews,Technical,General,the question is to check the working hours of the employees and if they have less working hours then schedule aa shift for them if they have more working hours then there is no shift for them and also the output should print the shift and the reason,medium,8,7,5.5
smart-food-safe,Smart Food Safe,Campus / Placement,8 real questions from past Smart Food Safe interviews,Technical,General,First they asked about my projects,medium,8,7,5.5
smart-food-safe,Smart Food Safe,Campus / Placement,8 real questions from past Smart Food Safe interviews,Technical,DSA,do you know any sorting algorithms other than bubble sort,medium,8,7,5.5
smart-food-safe,Smart Food Safe,Campus / Placement,8 real questions from past Smart Food Safe interviews,Technical,General,create server with http,medium,8,7,5.5
smart-food-safe,Smart Food Safe,Campus / Placement,8 real questions from past Smart Food Safe interviews,Technical,General,sum of array using reduce function,medium,8,7,5.5
smart-food-safe,Smart Food Safe,Campus / Placement,8 real questions from past Smart Food Safe interviews,Technical,General,redux means,medium,8,7,5.5
smart-food-safe,Smart Food Safe,Campus / Placement,8 real questions from past Smart Food Safe interviews,Technical,General,what is the use of indexing in mongoDB,medium,8,7,5.5
smart-food-safe-mernstack,Smart Food Safe- mernstack,Campus / Placement,50 real questions from past Smart Food Safe- mernstack interviews,Technical,General,"expired: [Milk],",medium,8,7,5.5
smart-food-safe-mernstack,Smart Food Safe- mernstack,Campus / Placement,50 real questions from past Smart Food Safe- mernstack interviews,Technical,General,"critical: [Cheese],",medium,8,7,5.5
smart-food-safe-mernstack,Smart Food Safe- mernstack,Campus / Placement,50 real questions from past Smart Food Safe- mernstack interviews,Technical,General,"warning: [],",medium,8,7,5.5
smart-food-safe-mernstack,Smart Food Safe- mernstack,Campus / Placement,50 real questions from past Smart Food Safe- mernstack interviews,Technical,General,"safe: [Butter],",medium,8,7,5.5
smart-food-safe-mernstack,Smart Food Safe- mernstack,Campus / Placement,50 real questions from past Smart Food Safe- mernstack interviews,Technical,General,unknown: [Juice] // Yogurt skipped (qty=0),medium,8,7,5.5
smart-food-safe-mernstack,Smart Food Safe- mernstack,Campus / Placement,50 real questions from past Smart Food Safe- mernstack interviews,Technical,Java,"If you want, I can also give you the JavaScript solution for this ",medium,8,7,5.5
smart-food-safe-mernstack,Smart Food Safe- mernstack,Campus / Placement,50 real questions from past Smart Food Safe- mernstack interviews,Situational,Behavioral,SECTION B – Medium Hard Programming Challenge,medium,8,7,5.5
smart-food-safe-mernstack,Smart Food Safe- mernstack,Campus / Placement,50 real questions from past Smart Food Safe- mernstack interviews,Situational,Behavioral,Problem: Shift Scheduling Conflict Resolver,medium,8,7,5.5
smart-food-safe-mernstack,Smart Food Safe- mernstack,Campus / Placement,50 real questions from past Smart Food Safe- mernstack interviews,Technical,General,"function validateSchedule(shiftRequests, rules)",medium,8,7,5.5
smart-food-safe-mernstack,Smart Food Safe- mernstack,Campus / Placement,50 real questions from past Smart Food Safe- mernstack interviews,Technical,General,"Each shift: { employeeId, employeeName, date, startTime, endTime, role }",medium,8,7,5.5
smart-food-safe-mernstack,Smart Food Safe- mernstack,Campus / Placement,50 real questions from past Smart Food Safe- mernstack interviews,Technical,General,"Times in ""HH:MM"" 24hr format",medium,8,7,5.5
smart-food-safe-mernstack,Smart Food Safe- mernstack,Campus / Placement,50 real questions from past Smart Food Safe- mernstack interviews,Technical,General,No overlapping shifts per employee per date.,medium,8,7,5.5
smart-food-safe-mernstack,Smart Food Safe- mernstack,Campus / Placement,50 real questions from past Smart Food Safe- mernstack interviews,Technical,General,Overlap = one starts before the other ends,medium,8,7,5.5
smart-food-safe-mernstack,Smart Food Safe- mernstack,Campus / Placement,50 real questions from past Smart Food Safe- mernstack interviews,Technical,General,"Keep the earlier index; reject the later one as ""rejected""",medium,8,7,5.5
smart-food-safe-mernstack,Smart Food Safe- mernstack,Campus / Placement,50 real questions from past Smart Food Safe- mernstack interviews,Technical,General,The rules object contains:,medium,8,7,5.5
smart-food-safe-mernstack,Smart Food Safe- mernstack,Campus / Placement,50 real questions from past Smart Food Safe- mernstack interviews,Technical,General,maxHoursPerDay → max hours an employee can work per day,medium,8,7,5.5
smart-food-safe-mernstack,Smart Food Safe- mernstack,Campus / Placement,50 real questions from past Smart Food Safe- mernstack interviews,Technical,General,minGapHours → min rest gap between shifts on consecutive dates,medium,8,7,5.5
smart-food-safe-mernstack,Smart Food Safe- mernstack,Campus / Placement,50 real questions from past Smart Food Safe- mernstack interviews,Technical,General,maxConsecutiveDays → max consecutive calendar days scheduled,medium,8,7,5.5
smart-food-safe-mernstack,Smart Food Safe- mernstack,Campus / Placement,50 real questions from past Smart Food Safe- mernstack interviews,Technical,General,"Exceeded → ""exceeds_consecutive_days""",medium,8,7,5.5
smart-food-safe-mernstack,Smart Food Safe- mernstack,Campus / Placement,50 real questions from past Smart Food Safe- mernstack interviews,Technical,General,A shift can have multiple violations simultaneously.,medium,8,7,5.5
smart-food-safe-mernstack,Smart Food Safe- mernstack,Campus / Placement,50 real questions from past Smart Food Safe- mernstack interviews,Technical,General,"{ approved: [...], violations: [{ shift, reasons: [...] }] }",medium,8,7,5.5
smart-food-safe-mernstack,Smart Food Safe- mernstack,Campus / Placement,50 real questions from past Smart Food Safe- mernstack interviews,Technical,General,const shiftRequests = [,medium,8,7,5.5
smart-food-safe-mernstack,Smart Food Safe- mernstack,Campus / Placement,50 real questions from past Smart Food Safe- mernstack interviews,Technical,General,"const rules = { maxHoursPerDay: 10, minGapHours: 8, maxConsecutiveDays: 6 };",medium,8,7,5.5
smart-food-safe-mernstack,Smart Food Safe- mernstack,Campus / Placement,50 real questions from past Smart Food Safe- mernstack interviews,Technical,General,{,medium,8,7,5.5
smart-food-safe-mernstack,Smart Food Safe- mernstack,Campus / Placement,50 real questions from past Smart Food Safe- mernstack interviews,Technical,General,"approved: [ shiftRequests[0] ], // 08:00–16:00, 8hrs, valid",medium,8,7,5.5
smart-food-safe-mernstack,Smart Food Safe- mernstack,Campus / Placement,50 real questions from past Smart Food Safe- mernstack interviews,Technical,General,violations: [,medium,8,7,5.5
smart-food-safe-mernstack,Smart Food Safe- mernstack,Campus / Placement,50 real questions from past Smart Food Safe- mernstack interviews,Technical,General,"{ shift: shiftRequests[1], reasons: [""rejected"", ""exceeds_daily_limit""] },",medium,8,7,5.5
smart-food-safe-mernstack,Smart Food Safe- mernstack,Campus / Placement,50 real questions from past Smart Food Safe- mernstack interviews,Technical,General,"{ shift: shiftRequests[2], reasons: [""insufficient_rest""] }",medium,8,7,5.5
smart-food-safe-mernstack,Smart Food Safe- mernstack,Campus / Placement,50 real questions from past Smart Food Safe- mernstack interviews,Technical,General,],medium,8,7,5.5
smart-food-safe-mernstack,Smart Food Safe- mernstack,Campus / Placement,50 real questions from past Smart Food Safe- mernstack interviews,Technical,General,},medium,8,7,5.5
smart-food-safe-mernstack,Smart Food Safe- mernstack,Campus / Placement,50 real questions from past Smart Food Safe- mernstack interviews,Technical,General,Process in array order (earlier index = priority),medium,8,7,5.5
smart-food-safe-mernstack,Smart Food Safe- mernstack,Campus / Placement,50 real questions from past Smart Food Safe- mernstack interviews,Technical,General,Convert times to minutes for comparison,medium,8,7,5.5
smart-food-safe-mernstack,Smart Food Safe- mernstack,Campus / Placement,50 real questions from past Smart Food Safe- mernstack interviews,Technical,General,Check rest gap against most recent approved shift for that employee on the previous day,medium,8,7,5.5
smart-food-safe-mernstack,Smart Food Safe- mernstack,Campus / Placement,50 real questions from past Smart Food Safe- mernstack interviews,Situational,Behavioral,SECTION A – Medium Easy Programming Challenge,medium,8,7,5.5
smart-food-safe-mernstack,Smart Food Safe- mernstack,Campus / Placement,50 real questions from past Smart Food Safe- mernstack interviews,Technical,General,Function Signature:,medium,8,7,5.5
smart-food-safe-mernstack,Smart Food Safe- mernstack,Campus / Placement,50 real questions from past Smart Food Safe- mernstack interviews,Technical,General,"function categorizeInventory(products, currentDate)",medium,8,7,5.5
smart-food-safe-mernstack,Smart Food Safe- mernstack,Campus / Placement,50 real questions from past Smart Food Safe- mernstack interviews,Technical,General,Constraints & Rules:,medium,8,7,5.5
smart-food-safe-mernstack,Smart Food Safe- mernstack,Campus / Placement,50 real questions from past Smart Food Safe- mernstack interviews,Technical,General,"Each product: { name, batchId, quantity, expiryDate }. expiryDate is a ""YYYY-MM-DD"" string.",medium,8,7,5.5
smart-food-safe-mernstack,Smart Food Safe- mernstack,Campus / Placement,50 real questions from past Smart Food Safe- mernstack interviews,Technical,General,"currentDate is also a ""YYYY-MM-DD"" string.",medium,8,7,5.5
smart-food-safe-mernstack,Smart Food Safe- mernstack,Campus / Placement,50 real questions from past Smart Food Safe- mernstack interviews,Technical,General,"""expired"" (before currentDate)",medium,8,7,5.5
smart-food-safe-mernstack,Smart Food Safe- mernstack,Campus / Placement,50 real questions from past Smart Food Safe- mernstack interviews,Technical,General,"""critical"" (≤3 days)",medium,8,7,5.5
smart-food-safe-mernstack,Smart Food Safe- mernstack,Campus / Placement,50 real questions from past Smart Food Safe- mernstack interviews,Technical,General,"""warning"" (4–7 days)",medium,8,7,5.5
smart-food-safe-mernstack,Smart Food Safe- mernstack,Campus / Placement,50 real questions from past Smart Food Safe- mernstack interviews,Technical,General,"""safe"" (>7 days)",medium,8,7,5.5
smart-food-safe-mernstack,Smart Food Safe- mernstack,Campus / Placement,50 real questions from past Smart Food Safe- mernstack interviews,Technical,General,Skip products with quantity <= 0 entirely.,medium,8,7,5.5
smart-food-safe-mernstack,Smart Food Safe- mernstack,Campus / Placement,50 real questions from past Smart Food Safe- mernstack interviews,Technical,General,"Missing or invalid expiryDate → place in ""unknown"" category.",medium,8,7,5.5
smart-food-safe-mernstack,Smart Food Safe- mernstack,Campus / Placement,50 real questions from past Smart Food Safe- mernstack interviews,Technical,General,"{ expired: [...], critical: [...], warning: [...], safe: [...], unknown: [...] }",medium,8,7,5.5
smart-food-safe-mernstack,Smart Food Safe- mernstack,Campus / Placement,50 real questions from past Smart Food Safe- mernstack interviews,Technical,General,Worked Example:,medium,8,7,5.5
smart-food-safe-mernstack,Smart Food Safe- mernstack,Campus / Placement,50 real questions from past Smart Food Safe- mernstack interviews,Technical,General,const products = [,medium,8,7,5.5
smart-food-safe-mernstack,Smart Food Safe- mernstack,Campus / Placement,50 real questions from past Smart Food Safe- mernstack interviews,Technical,General,"{ name: ""Juice"", batchId: ""B005"", quantity: 15, expiryDate: null }",medium,8,7,5.5
smart-food-safe-mernstack,Smart Food Safe- mernstack,Campus / Placement,50 real questions from past Smart Food Safe- mernstack interviews,Technical,General,];,medium,8,7,5.5
smart-food-safe-qa,Smart Food Safe-QA,Campus / Placement,32 real questions from past Smart Food Safe-QA interviews,Technical,General,What are the different levels of testing?,medium,8,7,5.5
smart-food-safe-qa,Smart Food Safe-QA,Campus / Placement,32 real questions from past Smart Food Safe-QA interviews,Technical,General,What is regression testing?,medium,8,7,5.5
smart-food-safe-qa,Smart Food Safe-QA,Campus / Placement,32 real questions from past Smart Food Safe-QA interviews,Technical,General,What is smoke testing and sanity testing?,medium,8,7,5.5
smart-food-safe-qa,Smart Food Safe-QA,Campus / Placement,32 real questions from past Smart Food Safe-QA interviews,Technical,General,What is a bug life cycle?,medium,8,7,5.5
smart-food-safe-qa,Smart Food Safe-QA,Campus / Placement,32 real questions from past Smart Food Safe-QA interviews,Technical,General,What tools have you used for bug reporting?,medium,8,7,5.5
smart-food-safe-qa,Smart Food Safe-QA,Campus / Placement,32 real questions from past Smart Food Safe-QA interviews,Technical,General,what is adhoc testing,medium,8,7,5.5
smart-food-safe-qa,Smart Food Safe-QA,Campus / Placement,32 real questions from past Smart Food Safe-QA interviews,Technical,General,"What is integration testing approach (top-down, bottom-up)?",medium,8,7,5.5
smart-food-safe-qa,Smart Food Safe-QA,Campus / Placement,32 real questions from past Smart Food Safe-QA interviews,Technical,General,What is end-to-end testing?,medium,8,7,5.5
smart-food-safe-qa,Smart Food Safe-QA,Campus / Placement,32 real questions from past Smart Food Safe-QA interviews,Technical,General,What is compatibility testing?,medium,8,7,5.5
smart-food-safe-qa,Smart Food Safe-QA,Campus / Placement,32 real questions from past Smart Food Safe-QA interviews,Technical,General,What is usability testing?,medium,8,7,5.5
smart-food-safe-qa,Smart Food Safe-QA,Campus / Placement,32 real questions from past Smart Food Safe-QA interviews,Technical,General,What is verification vs validation?,medium,8,7,5.5
smart-food-safe-qa,Smart Food Safe-QA,Campus / Placement,32 real questions from past Smart Food Safe-QA interviews,Technical,General,What is alpha vs beta testing difference?,medium,8,7,5.5
smart-food-safe-qa,Smart Food Safe-QA,Campus / Placement,32 real questions from past Smart Food Safe-QA interviews,Technical,General,What is the difference between mobile app testing and web testing?,medium,8,7,5.5
smart-food-safe-qa,Smart Food Safe-QA,Campus / Placement,32 real questions from past Smart Food Safe-QA interviews,Technical,General,What is Appium?,medium,8,7,5.5
smart-food-safe-qa,Smart Food Safe-QA,Campus / Placement,32 real questions from past Smart Food Safe-QA interviews,Technical,General,What do you do if a test fails?,medium,8,7,5.5
smart-food-safe-qa,Smart Food Safe-QA,Campus / Placement,32 real questions from past Smart Food Safe-QA interviews,Technical,General,How do you debug mobile automation scripts?,medium,8,7,5.5
smart-food-safe-qa,Smart Food Safe-QA,Campus / Placement,32 real questions from past Smart Food Safe-QA interviews,Technical,General,What is selenium?,medium,8,7,5.5
smart-food-safe-qa,Smart Food Safe-QA,Campus / Placement,32 real questions from past Smart Food Safe-QA interviews,Technical,General,What are the components of Selenium suite?,medium,8,7,5.5
smart-food-safe-qa,Smart Food Safe-QA,Campus / Placement,32 real questions from past Smart Food Safe-QA interviews,Technical,General,What is WebDriver?,medium,8,7,5.5
smart-food-safe-qa,Smart Food Safe-QA,Campus / Placement,32 real questions from past Smart Food Safe-QA interviews,Technical,General,What is XPath?,medium,8,7,5.5
smart-food-safe-qa,Smart Food Safe-QA,Campus / Placement,32 real questions from past Smart Food Safe-QA interviews,Technical,General,Difference between absolute and relative XPath?,medium,8,7,5.5
smart-food-safe-qa,Smart Food Safe-QA,Campus / Placement,32 real questions from past Smart Food Safe-QA interviews,Technical,General,What is driver.close() vs driver.quit()?,medium,8,7,5.5
smart-food-safe-qa,Smart Food Safe-QA,Campus / Placement,32 real questions from past Smart Food Safe-QA interviews,Technical,General,What are waits in Selenium?,medium,8,7,5.5
smart-food-safe-qa,Smart Food Safe-QA,Campus / Placement,32 real questions from past Smart Food Safe-QA interviews,Technical,General,Implicit vs Explicit wait difference?,medium,8,7,5.5
smart-food-safe-qa,Smart Food Safe-QA,Campus / Placement,32 real questions from past Smart Food Safe-QA interviews,Technical,General,What is TestNG?,medium,8,7,5.5
smart-food-safe-qa,Smart Food Safe-QA,Campus / Placement,32 real questions from past Smart Food Safe-QA interviews,Technical,General,What are TestNG annotations?,medium,8,7,5.5
smart-food-safe-qa,Smart Food Safe-QA,Campus / Placement,32 real questions from past Smart Food Safe-QA interviews,Technical,Java,What is inheritance in Java?,medium,8,7,5.5
smart-food-safe-qa,Smart Food Safe-QA,Campus / Placement,32 real questions from past Smart Food Safe-QA interviews,Technical,General,What is polymorphism?,medium,8,7,5.5
smart-food-safe-qa,Smart Food Safe-QA,Campus / Placement,32 real questions from past Smart Food Safe-QA interviews,Technical,General,Difference between interface and abstract class?,medium,8,7,5.5
smart-food-safe-qa,Smart Food Safe-QA,Campus / Placement,32 real questions from past Smart Food Safe-QA interviews,Technical,General,What is exception handling?,medium,8,7,5.5
smart-food-safe-qa,Smart Food Safe-QA,Campus / Placement,32 real questions from past Smart Food Safe-QA interviews,Technical,General,These are the questions that I remembered,medium,8,7,5.5
smart-food-safe-qa,Smart Food Safe-QA,Campus / Placement,32 real questions from past Smart Food Safe-QA interviews,Technical,General,They asked scenario based questions and some other questions,medium,8,7,5.5
sopeonow,Sopeonow,Campus / Placement,22 real questions from past Sopeonow interviews,Technical,General,Difference between list comprehension and dictionary comprehension,medium,8,7,5.5
sopeonow,Sopeonow,Campus / Placement,22 real questions from past Sopeonow interviews,Technical,General,lambda function,medium,8,7,5.5
sopeonow,Sopeonow,Campus / Placement,22 real questions from past Sopeonow interviews,Technical,General,pseudo classes and elements,medium,8,7,5.5
sopeonow,Sopeonow,Campus / Placement,22 real questions from past Sopeonow interviews,Technical,General,how do you remove empty space in a string,medium,8,7,5.5
sopeonow,Sopeonow,Campus / Placement,22 real questions from past Sopeonow interviews,Technical,General,objects keys fetching,medium,8,7,5.5
sopeonow,Sopeonow,Campus / Placement,22 real questions from past Sopeonow interviews,Technical,General,question from pandas,medium,8,7,5.5
sopeonow,Sopeonow,Campus / Placement,22 real questions from past Sopeonow interviews,Technical,General,unique key and primary key difference,medium,8,7,5.5
sopeonow,Sopeonow,Campus / Placement,22 real questions from past Sopeonow interviews,Technical,General,validation in django,medium,8,7,5.5
sopeonow,Sopeonow,Campus / Placement,22 real questions from past Sopeonow interviews,Technical,General,background attachments,medium,8,7,5.5
sopeonow,Sopeonow,Campus / Placement,22 real questions from past Sopeonow interviews,Technical,General,zip method,medium,8,7,5.5
sopeonow,Sopeonow,Campus / Placement,22 real questions from past Sopeonow interviews,Technical,General,Diff between list comprehension and dictionary comprehension,medium,8,7,5.5
sopeonow,Sopeonow,Campus / Placement,22 real questions from past Sopeonow interviews,Technical,General,Difference pseudo class position and pseudo element position,medium,8,7,5.5
sopeonow,Sopeonow,Campus / Placement,22 real questions from past Sopeonow interviews,Technical,General,"Dif b/w let,var and const",medium,8,7,5.5
sopeonow,Sopeonow,Campus / Placement,22 real questions from past Sopeonow interviews,Technical,General,"Settimeout,setintervel and clearintervel",medium,8,7,5.5
sopeonow,Sopeonow,Campus / Placement,22 real questions from past Sopeonow interviews,Technical,General,Difference pseudoClass position and pseudo,medium,8,7,5.5
sopeonow,Sopeonow,Campus / Placement,22 real questions from past Sopeonow interviews,Technical,General,element position,medium,8,7,5.5
sopeonow,Sopeonow,Campus / Placement,22 real questions from past Sopeonow interviews,Technical,General,Useref and how? And uses Scenario based questions Redux,medium,8,7,5.5
sopeonow,Sopeonow,Campus / Placement,22 real questions from past Sopeonow interviews,Technical,General,Use effect and use state,medium,8,7,5.5
sopeonow,Sopeonow,Campus / Placement,22 real questions from past Sopeonow interviews,Technical,General,Components,medium,8,7,5.5
sopeonow,Sopeonow,Campus / Placement,22 real questions from past Sopeonow interviews,Technical,General,List of Array methods,medium,8,7,5.5
sopeonow,Sopeonow,Campus / Placement,22 real questions from past Sopeonow interviews,Technical,General,Saturday Drive Questions: 25th Oct 2025,medium,8,7,5.5
sopeonow,Sopeonow,Campus / Placement,22 real questions from past Sopeonow interviews,Technical,Python,Python,medium,8,7,5.5
srija-gunda-outi,Srija Gunda-outi,Campus / Placement,1 real questions from past Srija Gunda-outi interviews,Technical,General,3 ppl interviewed,medium,8,7,5.5
startoonlabs,Startoonlabs,Campus / Placement,5 real questions from past Startoonlabs interviews,Technical,General,Self intro,medium,8,7,5.5
startoonlabs,Startoonlabs,Campus / Placement,5 real questions from past Startoonlabs interviews,Technical,Node.js,What is node.js,medium,8,7,5.5
startoonlabs,Startoonlabs,Campus / Placement,5 real questions from past Startoonlabs interviews,Technical,General,About Virtual dom,medium,8,7,5.5
startoonlabs,Startoonlabs,Campus / Placement,5 real questions from past Startoonlabs interviews,Technical,DSA,What is diffing algorithm and reconciliation,medium,8,7,5.5
startoonlabs,Startoonlabs,Campus / Placement,5 real questions from past Startoonlabs interviews,Technical,OOP,What is Event Loop and how it works.,medium,8,7,5.5
sune-tech-solution,sune tech solution,Campus / Placement,10 real questions from past sune tech solution interviews,Technical,General,Self introduction,medium,8,7,5.5
sune-tech-solution,sune tech solution,Campus / Placement,10 real questions from past sune tech solution interviews,HR,Introduction,Project explain (each project in resume),easy,8,7,5.5
sune-tech-solution,sune tech solution,Campus / Placement,10 real questions from past sune tech solution interviews,Situational,APIs,"Asked to write a code for a small project ( authentication, login page , home page which displays orders , order page , with API endpoints)",medium,8,7,5.5
sune-tech-solution,sune tech solution,Campus / Placement,10 real questions from past sune tech solution interviews,Technical,General,Self intro,medium,8,7,5.5
sune-tech-solution,sune tech solution,Campus / Placement,10 real questions from past sune tech solution interviews,Technical,DSA,sorting algorithms,medium,8,7,5.5
sune-tech-solution,sune tech solution,Campus / Placement,10 real questions from past sune tech solution interviews,Situational,Behavioral,"Project Explanation , project related questions",medium,8,7,5.5
sune-tech-solution,sune tech solution,Campus / Placement,10 real questions from past sune tech solution interviews,Situational,Behavioral,Write schema structure used in project,medium,8,7,5.5
sune-tech-solution,sune tech solution,Campus / Placement,10 real questions from past sune tech solution interviews,Technical,React,What do you learn in React,medium,8,7,5.5
sune-tech-solution,sune tech solution,Campus / Placement,10 real questions from past sune tech solution interviews,Technical,General,Write Usecontext syntax,medium,8,7,5.5
sune-tech-solution,sune tech solution,Campus / Placement,10 real questions from past sune tech solution interviews,Technical,General,"Write code for Login,Home page (items), Individual Detailed Reusable component for each item in home page.",hard,8,7,5.5
sune-react,sune-react,Campus / Placement,10 real questions from past sune-react interviews,Technical,General,Take an input and check whether it contains numbers or not.,medium,8,7,5.5
sune-react,sune-react,Campus / Placement,10 real questions from past sune-react interviews,Situational,React,Project-based questions like React Router and pagination.,medium,8,7,5.5
sune-react,sune-react,Campus / Placement,10 real questions from past sune-react interviews,Technical,General,"What is the useMemo hook, and where have you used it?",medium,8,7,5.5
sune-react,sune-react,Campus / Placement,10 real questions from past sune-react interviews,Technical,General,"What is a JWT token, and how does it work?",medium,8,7,5.5
sune-react,sune-react,Campus / Placement,10 real questions from past sune-react interviews,Technical,General,What is useEffect?,medium,8,7,5.5
sune-react,sune-react,Campus / Placement,10 real questions from past sune-react interviews,HR,Introduction,Resume based questions,easy,8,7,5.5
sune-react,sune-react,Campus / Placement,10 real questions from past sune-react interviews,Technical,General,what is usememo?,medium,8,7,5.5
sune-react,sune-react,Campus / Placement,10 real questions from past sune-react interviews,Technical,General,what is useeffect and explain with the example?,medium,8,7,5.5
sune-react,sune-react,Campus / Placement,10 real questions from past sune-react interviews,Technical,General,what is difference between fetch and axios?,medium,8,7,5.5
sune-react,sune-react,Campus / Placement,10 real questions from past sune-react interviews,Technical,General,write the program for power of two is or not,medium,8,7,5.5
techpixe,Techpixe,Campus / Placement,2 real questions from past Techpixe interviews,Technical,General,technical questions- projects questions,medium,8,7,5.5
techpixe,Techpixe,Campus / Placement,2 real questions from past Techpixe interviews,Technical,General,technical questions - projects questions,medium,8,7,5.5
techpranee,Techpranee,Campus / Placement,2 real questions from past Techpranee interviews,Technical,General,Redux,medium,8,7,5.5
techpranee,Techpranee,Campus / Placement,2 real questions from past Techpranee interviews,Situational,Behavioral,Frontend and backend flow of Chattify application explanation(Personal project),medium,8,7,5.5
techpranee-full-stack-developers,Techpranee (full stack developers),Campus / Placement,12 real questions from past Techpranee (full stack developers) interviews,HR,Introduction,tell about yourself,easy,8,7,5.5
techpranee-full-stack-developers,Techpranee (full stack developers),Campus / Placement,12 real questions from past Techpranee (full stack developers) interviews,Technical,General,virtual DOM,medium,8,7,5.5
techpranee-full-stack-developers,Techpranee (full stack developers),Campus / Placement,12 real questions from past Techpranee (full stack developers) interviews,Technical,General,callback function,medium,8,7,5.5
techpranee-full-stack-developers,Techpranee (full stack developers),Campus / Placement,12 real questions from past Techpranee (full stack developers) interviews,Technical,General,difference between useMemo and useCallback,medium,8,7,5.5
techpranee-full-stack-developers,Techpranee (full stack developers),Campus / Placement,12 real questions from past Techpranee (full stack developers) interviews,Technical,OOP,about eventloop,medium,8,7,5.5
techpranee-full-stack-developers,Techpranee (full stack developers),Campus / Placement,12 real questions from past Techpranee (full stack developers) interviews,Technical,General,about useState,medium,8,7,5.5
techpranee-full-stack-developers,Techpranee (full stack developers),Campus / Placement,12 real questions from past Techpranee (full stack developers) interviews,Technical,General,about useEffect,medium,8,7,5.5
techpranee-full-stack-developers,Techpranee (full stack developers),Campus / Placement,12 real questions from past Techpranee (full stack developers) interviews,Technical,General,about eventBubbling and how to stop it,medium,8,7,5.5
techpranee-full-stack-developers,Techpranee (full stack developers),Campus / Placement,12 real questions from past Techpranee (full stack developers) interviews,Technical,General,"about redux,zustand",medium,8,7,5.5
techpranee-full-stack-developers,Techpranee (full stack developers),Campus / Placement,12 real questions from past Techpranee (full stack developers) interviews,Technical,General,difference between synchronous and asynchronous code,medium,8,7,5.5
techpranee-full-stack-developers,Techpranee (full stack developers),Campus / Placement,12 real questions from past Techpranee (full stack developers) interviews,Technical,General,MEDIKONDA NUTRIENTS - web developer openings,medium,8,7,5.5
techpranee-full-stack-developers,Techpranee (full stack developers),Campus / Placement,12 real questions from past Techpranee (full stack developers) interviews,Technical,General,Self intro,medium,8,7,5.5
think-hat,Think hat,Campus / Placement,16 real questions from past Think hat interviews,Technical,General,Asked some questions on ps,medium,8,7,5.5
think-hat,Think hat,Campus / Placement,16 real questions from past Think hat interviews,Technical,General,And told to do the ps questions with time complexity,medium,8,7,5.5
think-hat,Think hat,Campus / Placement,16 real questions from past Think hat interviews,Technical,React,"they have asked 10-15 questions on js,react and node",medium,8,7,5.5
think-hat,Think hat,Campus / Placement,16 real questions from past Think hat interviews,Technical,General,Theory but problem solving questions practical,medium,8,7,5.5
think-hat,Think hat,Campus / Placement,16 real questions from past Think hat interviews,Technical,General,Leet code problem sum of arrays,medium,8,7,5.5
think-hat,Think hat,Campus / Placement,16 real questions from past Think hat interviews,Technical,General,Difference between pseudo class and pseudo elements,medium,8,7,5.5
think-hat,Think hat,Campus / Placement,16 real questions from past Think hat interviews,Technical,Git,Take floating point convert to single digit number,medium,8,7,5.5
think-hat,Think hat,Campus / Placement,16 real questions from past Think hat interviews,Technical,Java,How do you remove space in a string in javascript and python,medium,8,7,5.5
think-hat,Think hat,Campus / Placement,16 real questions from past Think hat interviews,Technical,General,zip() method,medium,8,7,5.5
think-hat,Think hat,Campus / Placement,16 real questions from past Think hat interviews,Technical,General,django validation,medium,8,7,5.5
think-hat,Think hat,Campus / Placement,16 real questions from past Think hat interviews,Technical,General,how to insert a value in tuple,medium,8,7,5.5
think-hat,Think hat,Campus / Placement,16 real questions from past Think hat interviews,Technical,General,what is signals,medium,8,7,5.5
think-hat,Think hat,Campus / Placement,16 real questions from past Think hat interviews,Technical,General,differnce between list comprehension and dictionary comprehension,medium,8,7,5.5
think-hat,Think hat,Campus / Placement,16 real questions from past Think hat interviews,Technical,General,zip method. 2. Difference pseudo class and pseudo element,medium,8,7,5.5
think-hat,Think hat,Campus / Placement,16 real questions from past Think hat interviews,Technical,General,let var=”helloworld”…..can you convert first letter “h” in uppercase…,medium,8,7,5.5
think-hat,Think hat,Campus / Placement,16 real questions from past Think hat interviews,Technical,General,how do insert values in tuple…,medium,8,7,5.5
thinkhat,Thinkhat,Campus / Placement,53 real questions from past Thinkhat interviews,Technical,General,3 Coding questions,medium,8,7,5.5
thinkhat,Thinkhat,Campus / Placement,53 real questions from past Thinkhat interviews,Technical,General,Max-Min Sums by Discarding K Elements,medium,8,7,5.5
thinkhat,Thinkhat,Campus / Placement,53 real questions from past Thinkhat interviews,Technical,General,Max-Min Sums by Discarding K,medium,8,7,5.5
thinkhat,Thinkhat,Campus / Placement,53 real questions from past Thinkhat interviews,Technical,General,"You are given arr, an array of integers, n, the size of the array,",medium,8,7,5.5
thinkhat,Thinkhat,Campus / Placement,53 real questions from past Thinkhat interviews,Technical,General,and a number k. Your task is to write the program which,medium,8,7,5.5
thinkhat,Thinkhat,Campus / Placement,53 real questions from past Thinkhat interviews,Technical,General,computes the maximum and minimum possible sums of the elements,medium,8,7,5.5
thinkhat,Thinkhat,Campus / Placement,53 real questions from past Thinkhat interviews,Technical,General,in the array after having discarded exactly k elements.,medium,8,7,5.5
thinkhat,Thinkhat,Campus / Placement,53 real questions from past Thinkhat interviews,Technical,General,First line contains an integer n representing the number of,medium,8,7,5.5
thinkhat,Thinkhat,Campus / Placement,53 real questions from past Thinkhat interviews,Technical,General,elements in the array.,medium,8,7,5.5
thinkhat,Thinkhat,Campus / Placement,53 real questions from past Thinkhat interviews,Technical,General,Second line contains n space-separated integers,medium,8,7,5.5
thinkhat,Thinkhat,Campus / Placement,53 real questions from past Thinkhat interviews,Technical,General,representing the array elements arr,medium,8,7,5.5
thinkhat,Thinkhat,Campus / Placement,53 real questions from past Thinkhat interviews,Technical,General,Third line contains an integer k representing the number of,medium,8,7,5.5
thinkhat,Thinkhat,Campus / Placement,53 real questions from past Thinkhat interviews,Technical,General,elements to discard.,medium,8,7,5.5
thinkhat,Thinkhat,Campus / Placement,53 real questions from past Thinkhat interviews,Technical,General,Print the maximum sum and minimum sum separated by a,medium,8,7,5.5
thinkhat,Thinkhat,Campus / Placement,53 real questions from past Thinkhat interviews,Technical,General,"space, where the maximum sum is obtained after discarding 715-40",medium,8,7,5.5
thinkhat,Thinkhat,Campus / Placement,53 real questions from past Thinkhat interviews,Technical,General,"exactly k elements, followed by the minimum sum obtained after",medium,8,7,5.5
thinkhat,Thinkhat,Campus / Placement,53 real questions from past Thinkhat interviews,Technical,General,discarding exactly k elements.,medium,8,7,5.5
thinkhat,Thinkhat,Campus / Placement,53 real questions from past Thinkhat interviews,Technical,General,$$k < n$$,medium,8,7,5.5
thinkhat,Thinkhat,Campus / Placement,53 real questions from past Thinkhat interviews,Technical,General,1 2 3 4 5,medium,8,7,5.5
thinkhat,Thinkhat,Campus / Placement,53 real questions from past Thinkhat interviews,Technical,General,14 10,medium,8,7,5.5
thinkhat,Thinkhat,Campus / Placement,53 real questions from past Thinkhat interviews,Technical,General,The maximum possible sum after discarding one number is,medium,8,7,5.5
thinkhat,Thinkhat,Campus / Placement,53 real questions from past Thinkhat interviews,Technical,General,"equal to 2+3+4+5= 14, after discarding number 1. The minimum",medium,8,7,5.5
thinkhat,Thinkhat,Campus / Placement,53 real questions from past Thinkhat interviews,Technical,General,possible sum after discarding one number is equal to 1+2+3+4 =,medium,8,7,5.5
thinkhat,Thinkhat,Campus / Placement,53 real questions from past Thinkhat interviews,Technical,General,"10, after discarding number 5.",medium,8,7,5.5
thinkhat,Thinkhat,Campus / Placement,53 real questions from past Thinkhat interviews,Technical,General,3 3,medium,8,7,5.5
thinkhat,Thinkhat,Campus / Placement,53 real questions from past Thinkhat interviews,Technical,General,"As k = 3, three 1's are discarded in both cases, leaving the other three 1's. So, the maximum and minimum sums are both 3.",medium,8,7,5.5
thinkhat,Thinkhat,Campus / Placement,53 real questions from past Thinkhat interviews,Technical,General,5 6 7,medium,8,7,5.5
thinkhat,Thinkhat,Campus / Placement,53 real questions from past Thinkhat interviews,Technical,General,7 5,medium,8,7,5.5
thinkhat,Thinkhat,Campus / Placement,53 real questions from past Thinkhat interviews,Technical,General,Balanced BST from Sorted Array,medium,8,7,5.5
thinkhat,Thinkhat,Campus / Placement,53 real questions from past Thinkhat interviews,Technical,Node.js,"Given a sorted array. The task is to convert it into a Balanced Binary Search Tree (BST). A Balanced BST is a binary search tree in which the depth of the two subtrees of every node differs by at most one. This ensures that the tree remains height-balanced, allowing efficient search, insertion, and deletion operations.",medium,8,7,5.5
thinkhat,Thinkhat,Campus / Placement,53 real questions from past Thinkhat interviews,Technical,General,Note: Your task is to return the only root of the BST.,medium,8,7,5.5
thinkhat,Thinkhat,Campus / Placement,53 real questions from past Thinkhat interviews,Technical,General,Input is handled by the given function.,medium,8,7,5.5
thinkhat,Thinkhat,Campus / Placement,53 real questions from past Thinkhat interviews,Technical,General,Output the root of the Balanced Binary Search Tree.,medium,8,7,5.5
thinkhat,Thinkhat,Campus / Placement,53 real questions from past Thinkhat interviews,Technical,General,1<= n,medium,8,7,5.5
thinkhat,Thinkhat,Campus / Placement,53 real questions from past Thinkhat interviews,Technical,General,<= 1000,medium,8,7,5.5
thinkhat,Thinkhat,Campus / Placement,53 real questions from past Thinkhat interviews,Technical,General,104 <=,medium,8,7,5.5
thinkhat,Thinkhat,Campus / Placement,53 real questions from past Thinkhat interviews,Technical,General,array[i],medium,8,7,5.5
thinkhat,Thinkhat,Campus / Placement,53 real questions from past Thinkhat interviews,Technical,General,<= 104,medium,8,7,5.5
thinkhat,Thinkhat,Campus / Placement,53 real questions from past Thinkhat interviews,Situational,Behavioral,What is multer and how you implemented in your project,medium,8,7,5.5
thinkhat,Thinkhat,Campus / Placement,53 real questions from past Thinkhat interviews,Technical,General,"What is jwt,how jwt works,how to implement it",hard,8,7,5.5
thinkhat,Thinkhat,Campus / Placement,53 real questions from past Thinkhat interviews,Technical,General,About password hashing,medium,8,7,5.5
thinkhat,Thinkhat,Campus / Placement,53 real questions from past Thinkhat interviews,Technical,General,About hooks,medium,8,7,5.5
thinkhat,Thinkhat,Campus / Placement,53 real questions from past Thinkhat interviews,Technical,General,"About var,let,const",medium,8,7,5.5
thinkhat,Thinkhat,Campus / Placement,53 real questions from past Thinkhat interviews,Technical,General,Asked me to solve coding question with good time complexity,medium,8,7,5.5
thinkhat,Thinkhat,Campus / Placement,53 real questions from past Thinkhat interviews,Technical,General,How to manage server crash,medium,8,7,5.5
thinkhat,Thinkhat,Campus / Placement,53 real questions from past Thinkhat interviews,Technical,OOP,About event loop,medium,8,7,5.5
thinkhat,Thinkhat,Campus / Placement,53 real questions from past Thinkhat interviews,Technical,General,Virtual dom and actual dom difference,medium,8,7,5.5
thinkhat,Thinkhat,Campus / Placement,53 real questions from past Thinkhat interviews,Technical,General,Self intro,medium,8,7,5.5
thinkhat,Thinkhat,Campus / Placement,53 real questions from past Thinkhat interviews,Situational,Behavioral,Project explanation,medium,8,7,5.5
thinkhat,Thinkhat,Campus / Placement,53 real questions from past Thinkhat interviews,Technical,General,Valid paranthesis leetcode problem using stack,medium,8,7,5.5
thinkhat,Thinkhat,Campus / Placement,53 real questions from past Thinkhat interviews,Technical,General,Advance DSA adigaru kani radhu ani chpanu mam(tres concept),medium,8,7,5.5
thinkhat,Thinkhat,Campus / Placement,53 real questions from past Thinkhat interviews,Technical,General,creating presonal drive folder structure by js,medium,8,7,5.5
thinkhat,Thinkhat,Campus / Placement,53 real questions from past Thinkhat interviews,Technical,General,ps question on recursion of string,medium,8,7,5.5
tvara,TVARA,Campus / Placement,96 real questions from past TVARA interviews,Technical,General,Tvara Full Stack Interview Questions,medium,10,7,5.5
tvara,TVARA,Campus / Placement,96 real questions from past TVARA interviews,Technical,General,Duration: 45 minutes,medium,10,7,5.5
tvara,TVARA,Campus / Placement,96 real questions from past TVARA interviews,Technical,General,You can solve these questions in any order.,medium,10,7,5.5
tvara,TVARA,Campus / Placement,96 real questions from past TVARA interviews,Technical,General,Candidates are allowed to use:,medium,10,7,5.5
tvara,TVARA,Campus / Placement,96 real questions from past TVARA interviews,Technical,General,"Web-based LLMs such as ChatGPT Web, Claude Web, Gemini Web, etc.",medium,10,7,5.5
tvara,TVARA,Campus / Placement,96 real questions from past TVARA interviews,Technical,General,Candidates are not allowed to use:,medium,10,7,5.5
tvara,TVARA,Campus / Placement,96 real questions from past TVARA interviews,Technical,Git,"IDE-based AI tools or AI coding agents such as GitHub Copilot, Cursor, Antigravity, Windsurf, etc.",medium,10,7,5.5
tvara,TVARA,Campus / Placement,96 real questions from past TVARA interviews,Technical,General,Auto-completion tools that generate large parts of the solution inside the IDE,medium,10,7,5.5
tvara,TVARA,Campus / Placement,96 real questions from past TVARA interviews,Technical,General,Pre-built complete templates for the assignment,medium,10,7,5.5
tvara,TVARA,Campus / Placement,96 real questions from past TVARA interviews,Technical,General,"The goal is not just to finish fast, but to demonstrate problem-solving, clean implementation, UI thinking, and the ability to work with AI responsibly.",medium,10,7,5.5
tvara,TVARA,Campus / Placement,96 real questions from past TVARA interviews,Technical,General,Task 1: DSA — Linked List Cycle II,medium,10,7,5.5
tvara,TVARA,Campus / Placement,96 real questions from past TVARA interviews,Technical,General,Solve the following LeetCode problem:,medium,10,7,5.5
tvara,TVARA,Campus / Placement,96 real questions from past TVARA interviews,Technical,General,Problem: Linked List Cycle II,medium,10,7,5.5
tvara,TVARA,Campus / Placement,96 real questions from past TVARA interviews,Technical,General,Reference: LeetCode,medium,10,7,5.5
tvara,TVARA,Campus / Placement,96 real questions from past TVARA interviews,Technical,General,The solution should be accepted by leetcode evaluation.,medium,10,7,5.5
tvara,TVARA,Campus / Placement,96 real questions from past TVARA interviews,Technical,General,Task 2: Full Stack — LLM Chat Interface with Visual Outputs,medium,10,7,5.5
tvara,TVARA,Campus / Placement,96 real questions from past TVARA interviews,Technical,General,Build a basic full-stack chat interface where a user can send a message and the “LLM response” can render different types of visual outputs.,medium,10,7,5.5
tvara,TVARA,Campus / Placement,96 real questions from past TVARA interviews,Technical,APIs,The LLM response has to be taken by using gemini api.,medium,10,7,5.5
tvara,TVARA,Campus / Placement,96 real questions from past TVARA interviews,Technical,General,Build a chat UI with:,medium,10,7,5.5
tvara,TVARA,Campus / Placement,96 real questions from past TVARA interviews,Technical,General,User messages aligned separately from assistant messages,medium,10,7,5.5
tvara,TVARA,Campus / Placement,96 real questions from past TVARA interviews,Technical,General,Assistant response renderer that can dynamically handle different output types,medium,10,7,5.5
tvara,TVARA,Campus / Placement,96 real questions from past TVARA interviews,Technical,APIs,Create an API endpoint such as:,medium,10,7,5.5
tvara,TVARA,Campus / Placement,96 real questions from past TVARA interviews,Technical,General,Example logic:,medium,10,7,5.5
tvara,TVARA,Campus / Placement,96 real questions from past TVARA interviews,Technical,General,Otherwise → return text response,medium,10,7,5.5
tvara,TVARA,Campus / Placement,96 real questions from past TVARA interviews,Technical,General,Good handling of different UI states,medium,10,7,5.5
tvara,TVARA,Campus / Placement,96 real questions from past TVARA interviews,Technical,General,Type-safe implementation using TypeScript,medium,10,7,5.5
tvara,TVARA,Campus / Placement,96 real questions from past TVARA interviews,Technical,React,Task 3: UI Enhancement with ReactBits Components,medium,10,7,5.5
tvara,TVARA,Campus / Placement,96 real questions from past TVARA interviews,Technical,React,Enhance the chat interface using up to 2 ReactBits UI components.,medium,10,7,5.5
tvara,TVARA,Campus / Placement,96 real questions from past TVARA interviews,Technical,React,Use up to 2 ReactBits components in the visual output UI.,medium,10,7,5.5
tvara,TVARA,Campus / Placement,96 real questions from past TVARA interviews,Technical,General,Suggested usage:,medium,10,7,5.5
tvara,TVARA,Campus / Placement,96 real questions from past TVARA interviews,Technical,General,Option 1: Scroll Stack,medium,10,7,5.5
tvara,TVARA,Campus / Placement,96 real questions from past TVARA interviews,Technical,General,Use Scroll Stack to display multiple LLM visual response cards in a stacked animated format.,medium,10,7,5.5
tvara,TVARA,Campus / Placement,96 real questions from past TVARA interviews,Technical,General,Option 2: Reflective Card,medium,10,7,5.5
tvara,TVARA,Campus / Placement,96 real questions from past TVARA interviews,Technical,General,Use Reflective Card for special assistant-generated visual boxes.,medium,10,7,5.5
tvara,TVARA,Campus / Placement,96 real questions from past TVARA interviews,Technical,React,"Candidates may use any other ReactBits component, but they should not use more than 2.",medium,10,7,5.5
tvara,TVARA,Campus / Placement,96 real questions from past TVARA interviews,Technical,ML/AI,"Components are used meaningfully, not randomly",medium,10,7,5.5
tvara,TVARA,Campus / Placement,96 real questions from past TVARA interviews,Technical,General,Visual output still remains readable,medium,10,7,5.5
tvara,TVARA,Campus / Placement,96 real questions from past TVARA interviews,Technical,General,UI is clean and responsive,medium,10,7,5.5
tvara,TVARA,Campus / Placement,96 real questions from past TVARA interviews,Technical,General,Animation does not break usability,medium,10,7,5.5
tvara,TVARA,Campus / Placement,96 real questions from past TVARA interviews,Technical,General,Candidate can explain why they chose those components,medium,10,7,5.5
tvara,TVARA,Campus / Placement,96 real questions from past TVARA interviews,Technical,General,The candidate should submit or present:,medium,10,7,5.5
tvara,TVARA,Campus / Placement,96 real questions from past TVARA interviews,Technical,General,"Dynamic rendering for text, grid, box, table, and chart",medium,10,7,5.5
tvara,TVARA,Campus / Placement,96 real questions from past TVARA interviews,Technical,React,ReactBits enhancement using up to 2 components,medium,10,7,5.5
tvara,TVARA,Campus / Placement,96 real questions from past TVARA interviews,Technical,SQL,Task 2: SQL — Duplicate Emails,medium,10,7,5.5
tvara,TVARA,Campus / Placement,96 real questions from past TVARA interviews,Technical,SQL,Solve the following LeetCode SQL problem:,medium,10,7,5.5
tvara,TVARA,Campus / Placement,96 real questions from past TVARA interviews,Technical,General,Problem: Duplicate Emails,medium,10,7,5.5
tvara,TVARA,Campus / Placement,96 real questions from past TVARA interviews,Technical,SQL,The solution should be accepted by LeetCode SQL evaluation.,medium,10,7,5.5
tvara,TVARA,Campus / Placement,96 real questions from past TVARA interviews,Technical,General,Task 3: Backend — Gemini LLM Chat Endpoint,medium,10,7,5.5
tvara,TVARA,Campus / Placement,96 real questions from past TVARA interviews,Technical,APIs,Create a backend API endpoint that connects with the Gemini API and returns an LLM-generated response.,medium,10,7,5.5
tvara,TVARA,Campus / Placement,96 real questions from past TVARA interviews,Technical,General,The endpoint should support previous chat context.,medium,10,7,5.5
tvara,TVARA,Campus / Placement,96 real questions from past TVARA interviews,Technical,General,The endpoint should accept:,medium,10,7,5.5
tvara,TVARA,Campus / Placement,96 real questions from past TVARA interviews,Technical,General,Maximum last 10 messages as context,medium,10,7,5.5
tvara,TVARA,Campus / Placement,96 real questions from past TVARA interviews,Technical,General,The response should be generated based on the current message and the previous chat context.,medium,10,7,5.5
tvara,TVARA,Campus / Placement,96 real questions from past TVARA interviews,Technical,General,"The candidate should decide the request structure, response structure, validation approach, and error handling.",medium,10,7,5.5
tvara,TVARA,Campus / Placement,96 real questions from past TVARA interviews,Technical,General,Uses last 10 messages as context,medium,10,7,5.5
tvara,TVARA,Campus / Placement,96 real questions from past TVARA interviews,Technical,General,Does not send unnecessary full chat history,medium,10,7,5.5
tvara,TVARA,Campus / Placement,96 real questions from past TVARA interviews,Technical,General,Handles missing or invalid input,medium,10,7,5.5
tvara,TVARA,Campus / Placement,96 real questions from past TVARA interviews,Technical,APIs,Handles Gemini API errors gracefully,medium,10,7,5.5
tvara,TVARA,Campus / Placement,96 real questions from past TVARA interviews,Technical,General,Clear request and response contract,medium,10,7,5.5
tvara,TVARA,Campus / Placement,96 real questions from past TVARA interviews,Technical,APIs,Environment variable usage for Gemini API key,medium,10,7,5.5
tvara,TVARA,Campus / Placement,96 real questions from past TVARA interviews,Technical,General,Type-safe implementation if using TypeScript,medium,10,7,5.5
tvara,TVARA,Campus / Placement,96 real questions from past TVARA interviews,Technical,APIs,Task 4: Backend — API Key Validation Middleware,medium,10,7,5.5
tvara,TVARA,Campus / Placement,96 real questions from past TVARA interviews,Technical,APIs,Create an API middleware to protect backend endpoints using a secret key or API key validation method.,medium,10,7,5.5
tvara,TVARA,Campus / Placement,96 real questions from past TVARA interviews,Technical,General,The middleware should:,medium,10,7,5.5
tvara,TVARA,Campus / Placement,96 real questions from past TVARA interviews,Technical,General,Allow valid requests to continue,medium,10,7,5.5
tvara,TVARA,Campus / Placement,96 real questions from past TVARA interviews,Technical,APIs,Be reusable across multiple API routes,medium,10,7,5.5
tvara,TVARA,Campus / Placement,96 real questions from past TVARA interviews,Technical,General,The candidate can choose the validation method and header format.,medium,10,7,5.5
tvara,TVARA,Campus / Placement,96 real questions from past TVARA interviews,Technical,General,Secret key is not hardcoded,medium,10,7,5.5
tvara,TVARA,Campus / Placement,96 real questions from past TVARA interviews,Technical,General,Returns proper unauthorized responses,medium,10,7,5.5
tvara,TVARA,Campus / Placement,96 real questions from past TVARA interviews,Technical,General,Does not expose secret values in responses or logs,medium,10,7,5.5
tvara,TVARA,Campus / Placement,96 real questions from past TVARA interviews,Technical,General,Candidate can explain the security approach,medium,10,7,5.5
tvara,TVARA,Campus / Placement,96 real questions from past TVARA interviews,Technical,General,Tvara Frontend Interview Questions:,medium,10,7,5.5
tvara,TVARA,Campus / Placement,96 real questions from past TVARA interviews,Technical,General,Task 2: Frontend — Mock Analytics Dashboard,medium,10,7,5.5
tvara,TVARA,Campus / Placement,96 real questions from past TVARA interviews,Technical,General,Build a mock analytics dashboard page.,medium,10,7,5.5
tvara,TVARA,Campus / Placement,96 real questions from past TVARA interviews,Technical,General,4 separate chart sections/cards,medium,10,7,5.5
tvara,TVARA,Campus / Placement,96 real questions from past TVARA interviews,Technical,General,Toggle or filter to switch between:,medium,10,7,5.5
tvara,TVARA,Campus / Placement,96 real questions from past TVARA interviews,Technical,General,Responsive design for desktop and mobile,medium,10,7,5.5
tvara,TVARA,Campus / Placement,96 real questions from past TVARA interviews,Technical,General,"Proper chart labels, legends, or values wherever required",medium,10,7,5.5
tvara,TVARA,Campus / Placement,96 real questions from past TVARA interviews,Technical,General,The candidate can use any charting library.,medium,10,7,5.5
tvara,TVARA,Campus / Placement,96 real questions from past TVARA interviews,Technical,General,Clean and reusable component structure,medium,10,7,5.5
tvara,TVARA,Campus / Placement,96 real questions from past TVARA interviews,Technical,General,Correct rendering of all 4 chart types,medium,10,7,5.5
tvara,TVARA,Campus / Placement,96 real questions from past TVARA interviews,Technical,General,Proper handling of 1 week and 1 month views,medium,10,7,5.5
tvara,TVARA,Campus / Placement,96 real questions from past TVARA interviews,Technical,General,"Good use of spacing, cards, typography, and alignment",medium,10,7,5.5
tvara,TVARA,Campus / Placement,96 real questions from past TVARA interviews,Technical,General,When the analytics page loads:,medium,10,7,5.5
tvara,TVARA,Campus / Placement,96 real questions from past TVARA interviews,Technical,General,Correct local storage implementation,medium,10,7,5.5
tvara,TVARA,Campus / Placement,96 real questions from past TVARA interviews,Technical,General,Graceful handling if local storage is unavailable or corrupted,medium,10,7,5.5
tvara,TVARA,Campus / Placement,96 real questions from past TVARA interviews,Technical,General,Candidate can explain the caching approach,medium,10,7,5.5
tvara,TVARA,Campus / Placement,96 real questions from past TVARA interviews,Technical,General,"4 chart types: donut, pie, bar graph, and line chart",medium,10,7,5.5
tvara,TVARA,Campus / Placement,96 real questions from past TVARA interviews,Technical,General,Local storage caching with 1-hour expiry,medium,10,7,5.5
tvara,TVARA,Campus / Placement,96 real questions from past TVARA interviews,Technical,General,linked liste problem,medium,10,7,5.5
tvara,TVARA,Campus / Placement,96 real questions from past TVARA interviews,Technical,SQL,sql query to find duplicate emails,medium,10,7,5.5
tvara,TVARA,Campus / Placement,96 real questions from past TVARA interviews,Technical,General,Creat middlwear to protect toutes,medium,10,7,5.5
tvara,TVARA,Campus / Placement,96 real questions from past TVARA interviews,Technical,APIs,Gemini api configure and get response of minimum 10 from user and ai,medium,10,7,5.5
tvara,TVARA,Campus / Placement,96 real questions from past TVARA interviews,Technical,APIs,Build an api for user Authorized servies by using chat gpt,medium,10,7,5.5
tvara,TVARA,Campus / Placement,96 real questions from past TVARA interviews,Technical,APIs,Implement gemini api for responses in the backend,hard,10,7,5.5
tvara,TVARA,Campus / Placement,96 real questions from past TVARA interviews,Technical,SQL,Two leetcode medium questios of linked list and the sql query,medium,10,7,5.5
vinnovate-labs,Vinnovate labs,Campus / Placement,114 real questions from past Vinnovate labs interviews,Technical,General,Just self intro and some coding problems,medium,12,7,5.5
vinnovate-labs,Vinnovate labs,Campus / Placement,114 real questions from past Vinnovate labs interviews,Technical,General,"Given input an array [6,6,8,7,7,5,4,3,3,2]",medium,12,7,5.5
vinnovate-labs,Vinnovate labs,Campus / Placement,114 real questions from past Vinnovate labs interviews,Technical,General,"Output should be the occurrence priority of each element and result should be in acending order of each character occurence like [7,6,3,8,4,2]",medium,12,7,5.5
vinnovate-labs,Vinnovate labs,Campus / Placement,114 real questions from past Vinnovate labs interviews,Technical,General,He gave one problem mam,medium,12,7,5.5
vinnovate-labs,Vinnovate labs,Campus / Placement,114 real questions from past Vinnovate labs interviews,Technical,General,You are given an array of positive integers and an integer k.,medium,12,7,5.5
vinnovate-labs,Vinnovate labs,Campus / Placement,114 real questions from past Vinnovate labs interviews,Technical,General,Your task is to find a contiguous subarray whose sum is equal to k.,medium,12,7,5.5
vinnovate-labs,Vinnovate labs,Campus / Placement,114 real questions from past Vinnovate labs interviews,Technical,General,"arr = [6, 7, 4, 2, 1, 5, 2, 3]",medium,12,7,5.5
vinnovate-labs,Vinnovate labs,Campus / Placement,114 real questions from past Vinnovate labs interviews,Technical,General,k = 8,medium,12,7,5.5
vinnovate-labs,Vinnovate labs,Campus / Placement,114 real questions from past Vinnovate labs interviews,Technical,General,"[2, 1, 5]",medium,12,7,5.5
vinnovate-labs,Vinnovate labs,Campus / Placement,114 real questions from past Vinnovate labs interviews,Aptitude,Logic,And two aptitude questions on time and work,medium,12,7,5.5
vinnovate-labs,Vinnovate labs,Campus / Placement,114 real questions from past Vinnovate labs interviews,Technical,General,"arr = [6, 9, 4, 8, 1, 5, 2, 3]",medium,12,7,5.5
vinnovate-labs,Vinnovate labs,Campus / Placement,114 real questions from past Vinnovate labs interviews,Technical,General,[8],medium,12,7,5.5
vinnovate-labs,Vinnovate labs,Campus / Placement,114 real questions from past Vinnovate labs interviews,Technical,General,"when k = 13 then output: [9,4]",medium,12,7,5.5
vinnovate-labs,Vinnovate labs,Campus / Placement,114 real questions from past Vinnovate labs interviews,Technical,General,"when k=14 then output : [8,1,5]",medium,12,7,5.5
vinnovate-labs,Vinnovate labs,Campus / Placement,114 real questions from past Vinnovate labs interviews,Technical,General,"Output should be the occurrence priority of each element and result should be in descending order of each character occurence like [6,7,3,8,5,4,2]",medium,12,7,5.5
vinnovate-labs,Vinnovate labs,Campus / Placement,114 real questions from past Vinnovate labs interviews,Technical,General,"and ask me to do some modification of code like if occurance of a character is same then small number comes first like ascending order then output will be [3,6,7,2,4,5,8]",medium,12,7,5.5
vinnovate-labs,Vinnovate labs,Campus / Placement,114 real questions from past Vinnovate labs interviews,Technical,General,what is closures?Give me one real time example and what is the use of closures?,medium,12,7,5.5
vinnovate-labs,Vinnovate labs,Campus / Placement,114 real questions from past Vinnovate labs interviews,Technical,General,"What are promises? why we use, give an example and create own promise then invoke it",medium,12,7,5.5
vinnovate-labs,Vinnovate labs,Campus / Placement,114 real questions from past Vinnovate labs interviews,Technical,General,"create a class Employee with fields name,age and salary then create 3 different objects. If we want to give age=-ve it doesn't accept write a code for that in class",medium,12,7,5.5
vinnovate-labs,Vinnovate labs,Campus / Placement,114 real questions from past Vinnovate labs interviews,Technical,General,"What is REST concept, how can we use",medium,12,7,5.5
vinnovate-labs,Vinnovate labs,Campus / Placement,114 real questions from past Vinnovate labs interviews,Technical,General,"we have a swimming pool and 3 taps if i open 1st tap it takes 1 hour to fill , if i opened 2nd tap it takes 2 hours and 3rd tap 3 hours. If i open all them at a time then how much time it takes to fill the pool",medium,12,7,5.5
vinnovate-labs,Vinnovate labs,Campus / Placement,114 real questions from past Vinnovate labs interviews,Technical,General,"self intro, prototype inheritance, closures",medium,12,7,5.5
vinnovate-labs,Vinnovate labs,Campus / Placement,114 real questions from past Vinnovate labs interviews,Technical,General,"Given an array of coin denominations and a target amount, write a program to find the minimum number of coins required to make that amount.",medium,12,7,5.5
vinnovate-labs,Vinnovate labs,Campus / Placement,114 real questions from past Vinnovate labs interviews,Technical,General,"Given an array of integers, ,write a program to:",medium,12,7,5.5
vinnovate-labs,Vinnovate labs,Campus / Placement,114 real questions from past Vinnovate labs interviews,Technical,General,Find the minimum value in the array,medium,12,7,5.5
vinnovate-labs,Vinnovate labs,Campus / Placement,114 real questions from past Vinnovate labs interviews,Technical,General,Replace all elements at even indices with this minimum value,medium,12,7,5.5
vinnovate-labs,Vinnovate labs,Campus / Placement,114 real questions from past Vinnovate labs interviews,Technical,General,Sort the elements at odd indices in ascending order,medium,12,7,5.5
vinnovate-labs,Vinnovate labs,Campus / Placement,114 real questions from past Vinnovate labs interviews,Technical,General,"Given a string, write a program to find the first non-repeating character.",medium,12,7,5.5
vinnovate-labs,Vinnovate labs,Campus / Placement,114 real questions from past Vinnovate labs interviews,Technical,General,what is clourse,medium,12,7,5.5
vinnovate-labs,Vinnovate labs,Campus / Placement,114 real questions from past Vinnovate labs interviews,Technical,General,"let,var and const",medium,12,7,5.5
vinnovate-labs,Vinnovate labs,Campus / Placement,114 real questions from past Vinnovate labs interviews,Technical,General,highe order function and inbuilt higher order function,medium,12,7,5.5
vinnovate-labs,Vinnovate labs,Campus / Placement,114 real questions from past Vinnovate labs interviews,Technical,General,Find the sum of the numbers that are repeated in the array (count each repeated number once).,medium,12,7,5.5
vinnovate-labs,Vinnovate labs,Campus / Placement,114 real questions from past Vinnovate labs interviews,Technical,General,"Rearrange an array so positive and negative numbers appear alternately, starting with a positive number, keeping their order.",medium,12,7,5.5
vinnovate-labs,Vinnovate labs,Campus / Placement,114 real questions from past Vinnovate labs interviews,Technical,General,"Input: [-5, -2, 5, 2, 4, 7, 1, 8, 0, -8]",medium,12,7,5.5
vinnovate-labs,Vinnovate labs,Campus / Placement,114 real questions from past Vinnovate labs interviews,Technical,General,"Output: [5, -5, 2, -2, 4, -8, 7, 1, 8, 0]",medium,12,7,5.5
vinnovate-labs,Vinnovate labs,Campus / Placement,114 real questions from past Vinnovate labs interviews,Technical,General,Promises,medium,12,7,5.5
vinnovate-labs,Vinnovate labs,Campus / Placement,114 real questions from past Vinnovate labs interviews,Technical,General,Diff b/w id & class,medium,12,7,5.5
vinnovate-labs,Vinnovate labs,Campus / Placement,114 real questions from past Vinnovate labs interviews,Technical,General,"Given an array of coin and a target amount, write a program to find the minimum number of coins required to make that amount.",medium,12,7,5.5
vinnovate-labs,Vinnovate labs,Campus / Placement,114 real questions from past Vinnovate labs interviews,Technical,General,Replace all elements at odd indices with this minimum value,medium,12,7,5.5
vinnovate-labs,Vinnovate labs,Campus / Placement,114 real questions from past Vinnovate labs interviews,Technical,General,Sort the elements at even indices in ascending order,medium,12,7,5.5
vinnovate-labs,Vinnovate labs,Campus / Placement,114 real questions from past Vinnovate labs interviews,Technical,General,"high order function and inbuilt higher order function,normal function",medium,12,7,5.5
vinnovate-labs,Vinnovate labs,Campus / Placement,114 real questions from past Vinnovate labs interviews,Technical,General,nested array,medium,12,7,5.5
vinnovate-labs,Vinnovate labs,Campus / Placement,114 real questions from past Vinnovate labs interviews,Technical,General,aartypopp input output:artypo-21113,medium,12,7,5.5
vinnovate-labs,Vinnovate labs,Campus / Placement,114 real questions from past Vinnovate labs interviews,Technical,General,replace even index values with minimum value,medium,12,7,5.5
vinnovate-labs,Vinnovate labs,Campus / Placement,114 real questions from past Vinnovate labs interviews,Technical,General,odd index values arrange in descending order,medium,12,7,5.5
vinnovate-labs,Vinnovate labs,Campus / Placement,114 real questions from past Vinnovate labs interviews,Technical,HTML/CSS,"js function,spread css properties",medium,12,7,5.5
vinnovate-labs,Vinnovate labs,Campus / Placement,114 real questions from past Vinnovate labs interviews,Technical,General,Rounda-4 Client,medium,12,7,5.5
vinnovate-labs,Vinnovate labs,Campus / Placement,114 real questions from past Vinnovate labs interviews,Technical,General,Self intro,medium,12,7,5.5
vinnovate-labs,Vinnovate labs,Campus / Placement,114 real questions from past Vinnovate labs interviews,Technical,General,Palindrome only we have to take number not string or array code in js compiler,medium,12,7,5.5
vinnovate-labs,Vinnovate labs,Campus / Placement,114 real questions from past Vinnovate labs interviews,Technical,General,Promise,medium,12,7,5.5
vinnovate-labs,Vinnovate labs,Campus / Placement,114 real questions from past Vinnovate labs interviews,Technical,General,Given an array as input and output should print the even numbers in that array,medium,12,7,5.5
vinnovate-labs,Vinnovate labs,Campus / Placement,114 real questions from past Vinnovate labs interviews,Technical,General,Self introduction,medium,12,7,5.5
vinnovate-labs,Vinnovate labs,Campus / Placement,114 real questions from past Vinnovate labs interviews,Technical,General,find max without methods,medium,12,7,5.5
vinnovate-labs,Vinnovate labs,Campus / Placement,114 real questions from past Vinnovate labs interviews,Technical,General,"[3,7,2,9,5,1]",medium,12,7,5.5
vinnovate-labs,Vinnovate labs,Campus / Placement,114 real questions from past Vinnovate labs interviews,Technical,General,high order function,medium,12,7,5.5
vinnovate-labs,Vinnovate labs,Campus / Placement,114 real questions from past Vinnovate labs interviews,Technical,General,difference between map and foreach,medium,12,7,5.5
vinnovate-labs,Vinnovate labs,Campus / Placement,114 real questions from past Vinnovate labs interviews,Technical,General,what is null and undefined,medium,12,7,5.5
vinnovate-labs,Vinnovate labs,Campus / Placement,114 real questions from past Vinnovate labs interviews,Technical,Java,create an array in JavaScript,medium,12,7,5.5
vinnovate-labs,Vinnovate labs,Campus / Placement,114 real questions from past Vinnovate labs interviews,Technical,General,what is new,medium,12,7,5.5
vinnovate-labs,Vinnovate labs,Campus / Placement,114 real questions from past Vinnovate labs interviews,Technical,General,what is apply and bind,medium,12,7,5.5
vinnovate-labs,Vinnovate labs,Campus / Placement,114 real questions from past Vinnovate labs interviews,Technical,General,"[5,1,3 ,7, 2,9]",medium,12,7,5.5
vinnovate-labs,Vinnovate labs,Campus / Placement,114 real questions from past Vinnovate labs interviews,Technical,General,"{5: 1, 3: 7, 2: 9}",medium,12,7,5.5
vinnovate-labs,Vinnovate labs,Campus / Placement,114 real questions from past Vinnovate labs interviews,Technical,General,async and await,medium,12,7,5.5
vinnovate-labs,Vinnovate labs,Campus / Placement,114 real questions from past Vinnovate labs interviews,Technical,General,"Callback, callback hell",medium,12,7,5.5
vinnovate-labs,Vinnovate labs,Campus / Placement,114 real questions from past Vinnovate labs interviews,Technical,General,Explain this,medium,12,7,5.5
vinnovate-labs,Vinnovate labs,Campus / Placement,114 real questions from past Vinnovate labs interviews,Technical,General,Code for creating an object,medium,12,7,5.5
vinnovate-labs,Vinnovate labs,Campus / Placement,114 real questions from past Vinnovate labs interviews,Technical,General,Code to check whether a string is Palindrome or not,medium,12,7,5.5
vinnovate-labs,Vinnovate labs,Campus / Placement,114 real questions from past Vinnovate labs interviews,Technical,General,"Input: "" racecar""",medium,12,7,5.5
vinnovate-labs,Vinnovate labs,Campus / Placement,114 real questions from past Vinnovate labs interviews,Technical,General,"Input: [1,2,3,4,5,6]",medium,12,7,5.5
vinnovate-labs,Vinnovate labs,Campus / Placement,114 real questions from past Vinnovate labs interviews,Technical,General,convert above array into an object,medium,12,7,5.5
vinnovate-labs,Vinnovate labs,Campus / Placement,114 real questions from past Vinnovate labs interviews,Technical,General,"output: [1:2,3:4,5:6]",medium,12,7,5.5
vinnovate-labs,Vinnovate labs,Campus / Placement,114 real questions from past Vinnovate labs interviews,Technical,General,Create an object,medium,12,7,5.5
vinnovate-labs,Vinnovate labs,Campus / Placement,114 real questions from past Vinnovate labs interviews,Technical,General,Reverse of an array,medium,12,7,5.5
vinnovate-labs,Vinnovate labs,Campus / Placement,114 real questions from past Vinnovate labs interviews,Technical,General,Questions regarding to the coding,medium,12,7,5.5
vinnovate-labs,Vinnovate labs,Campus / Placement,114 real questions from past Vinnovate labs interviews,Technical,General,this keyword,medium,12,7,5.5
vinnovate-labs,Vinnovate labs,Campus / Placement,114 real questions from past Vinnovate labs interviews,Technical,General,"Async, await",medium,12,7,5.5
vinnovate-labs,Vinnovate labs,Campus / Placement,114 real questions from past Vinnovate labs interviews,Technical,General,"Map, forEach",medium,12,7,5.5
vinnovate-labs,Vinnovate labs,Campus / Placement,114 real questions from past Vinnovate labs interviews,Technical,General,"Slice, splice",medium,12,7,5.5
vinnovate-labs,Vinnovate labs,Campus / Placement,114 real questions from past Vinnovate labs interviews,Technical,General,"Object (add, delete)",medium,12,7,5.5
vinnovate-labs,Vinnovate labs,Campus / Placement,114 real questions from past Vinnovate labs interviews,Technical,General,Problem solving:,medium,12,7,5.5
vinnovate-labs,Vinnovate labs,Campus / Placement,114 real questions from past Vinnovate labs interviews,Technical,General,"input:[1, [2, [3, 4]],5]",medium,12,7,5.5
vinnovate-labs,Vinnovate labs,Campus / Placement,114 real questions from past Vinnovate labs interviews,Technical,General,Output:5,medium,12,7,5.5
vinnovate-labs,Vinnovate labs,Campus / Placement,114 real questions from past Vinnovate labs interviews,Technical,General,"Output:{a:b, c:d}",medium,12,7,5.5
vinnovate-labs,Vinnovate labs,Campus / Placement,114 real questions from past Vinnovate labs interviews,Technical,General,"input:[-5, -2, 5,2,4,7,1,8,0,-8]",medium,12,7,5.5
vinnovate-labs,Vinnovate labs,Campus / Placement,114 real questions from past Vinnovate labs interviews,Technical,General,"Output:[5,-5, 2,-2, 4,-8, 7,1,8,0]",medium,12,7,5.5
vinnovate-labs,Vinnovate labs,Campus / Placement,114 real questions from past Vinnovate labs interviews,Technical,General,"var,let,const difference",medium,12,7,5.5
vinnovate-labs,Vinnovate labs,Campus / Placement,114 real questions from past Vinnovate labs interviews,Technical,General,define promise,medium,12,7,5.5
vinnovate-labs,Vinnovate labs,Campus / Placement,114 real questions from past Vinnovate labs interviews,Technical,General,define async/await,medium,12,7,5.5
vinnovate-labs,Vinnovate labs,Campus / Placement,114 real questions from past Vinnovate labs interviews,Technical,General,write higherorder function,medium,12,7,5.5
vinnovate-labs,Vinnovate labs,Campus / Placement,114 real questions from past Vinnovate labs interviews,Technical,General,call back function,medium,12,7,5.5
vinnovate-labs,Vinnovate labs,Campus / Placement,114 real questions from past Vinnovate labs interviews,Technical,General,grid,medium,12,7,5.5
vinnovate-labs,Vinnovate labs,Campus / Placement,114 real questions from past Vinnovate labs interviews,Technical,General,"padding,margin difference",medium,12,7,5.5
vinnovate-labs,Vinnovate labs,Campus / Placement,114 real questions from past Vinnovate labs interviews,Technical,General,o/p:15,medium,12,7,5.5
vinnovate-labs,Vinnovate labs,Campus / Placement,114 real questions from past Vinnovate labs interviews,Technical,General,sum of elements in given number.it is a number is not a string,medium,12,7,5.5
vinnovate-labs,Vinnovate labs,Campus / Placement,114 real questions from past Vinnovate labs interviews,Technical,General,o/p:abcdef-->both are string then conact,medium,12,7,5.5
vinnovate-labs,Vinnovate labs,Campus / Placement,114 real questions from past Vinnovate labs interviews,Technical,General,o/P:123456-->both are numbers then conact,medium,12,7,5.5
vinnovate-labs,Vinnovate labs,Campus / Placement,114 real questions from past Vinnovate labs interviews,Technical,General,o/P:not valid-->both are not same type then print not valid,medium,12,7,5.5
vinnovate-labs,Vinnovate labs,Campus / Placement,114 real questions from past Vinnovate labs interviews,Technical,General,"arr[9,4,0,1,0,0,2]",medium,12,7,5.5
vinnovate-labs,Vinnovate labs,Campus / Placement,114 real questions from past Vinnovate labs interviews,Technical,General,"[0,0,0,9,4,1,2]",medium,12,7,5.5
vinnovate-labs,Vinnovate labs,Campus / Placement,114 real questions from past Vinnovate labs interviews,Technical,General,moves zeros to before,medium,12,7,5.5
vinnovate-labs,Vinnovate labs,Campus / Placement,114 real questions from past Vinnovate labs interviews,Technical,General,What is asynchronous,medium,12,7,5.5
vinnovate-labs,Vinnovate labs,Campus / Placement,114 real questions from past Vinnovate labs interviews,Technical,General,"Pseduo class,pseduo elements",medium,12,7,5.5
vinnovate-labs,Vinnovate labs,Campus / Placement,114 real questions from past Vinnovate labs interviews,Technical,General,Slice vs splice == or ===,medium,12,7,5.5
vinnovate-labs,Vinnovate labs,Campus / Placement,114 real questions from past Vinnovate labs interviews,Technical,General,Convert object to array,medium,12,7,5.5
vinnovate-labs,Vinnovate labs,Campus / Placement,114 real questions from past Vinnovate labs interviews,Technical,General,You are given an integer array coins representing coins of different,medium,12,7,5.5
vinnovate-labs,Vinnovate labs,Campus / Placement,114 real questions from past Vinnovate labs interviews,Technical,General,denominations and an integer amount representing a total amount of,medium,12,7,5.5
vinnovate-labs,Vinnovate labs,Campus / Placement,114 real questions from past Vinnovate labs interviews,Technical,General,"money. Input: coins = [1,2,5], amount = 11",medium,12,7,5.5
vinnovate-labs,Vinnovate labs,Campus / Placement,114 real questions from past Vinnovate labs interviews,Technical,General,duplicates of array,medium,12,7,5.5
vinnovate-labs,Vinnovate labs,Campus / Placement,114 real questions from past Vinnovate labs interviews,Technical,General,"Self intro,",medium,12,7,5.5
vinnovate-labs,Vinnovate labs,Campus / Placement,114 real questions from past Vinnovate labs interviews,Technical,HTML/CSS,Create Table and add some css rows,medium,12,7,5.5
vinnovate-labs,Vinnovate labs,Campus / Placement,114 real questions from past Vinnovate labs interviews,Technical,General,"arr=[2,10,8,4,14], target=22",medium,12,7,5.5
vinnovate-labs,Vinnovate labs,Campus / Placement,114 real questions from past Vinnovate labs interviews,Technical,General,"Output=[2,4]",medium,12,7,5.5
vinnovate-labs,Vinnovate labs,Campus / Placement,114 real questions from past Vinnovate labs interviews,Technical,General,And give a code and we have tell the what is output in promises,medium,12,7,5.5
vinnovate-labs,Vinnovate labs,Campus / Placement,114 real questions from past Vinnovate labs interviews,Technical,General,"Padding, margin",medium,12,7,5.5
vinnovate-labz,Vinnovate Labz,Campus / Placement,10 real questions from past Vinnovate Labz interviews,Technical,General,Self intro,medium,8,7,5.5
vinnovate-labz,Vinnovate Labz,Campus / Placement,10 real questions from past Vinnovate Labz interviews,Technical,General,Hoisting,medium,8,7,5.5
vinnovate-labz,Vinnovate Labz,Campus / Placement,10 real questions from past Vinnovate Labz interviews,Technical,General,"Let, var, const",medium,8,7,5.5
vinnovate-labz,Vinnovate Labz,Campus / Placement,10 real questions from past Vinnovate Labz interviews,Technical,General,How many way to create objects,medium,8,7,5.5
vinnovate-labz,Vinnovate Labz,Campus / Placement,10 real questions from past Vinnovate Labz interviews,Technical,General,Spread parameter == And ===,medium,8,7,5.5
vinnovate-labz,Vinnovate Labz,Campus / Placement,10 real questions from past Vinnovate Labz interviews,Technical,General,Ps ;,medium,8,7,5.5
vinnovate-labz,Vinnovate Labz,Campus / Placement,10 real questions from past Vinnovate Labz interviews,Technical,General,Mr Robert has a string to play with He is given a task to transform the string based on the occurrence of the characters in the string,medium,8,7,5.5
vinnovate-labz,Vinnovate Labz,Campus / Placement,10 real questions from past Vinnovate Labz interviews,Technical,General,"Suppose the string is ‘aabbaa’, after transformation the string becomes ab-42 ((All unique characters in sequence followed by its occurrences. Here 'a' occurs 4 times, 'b' occurs 2 times so the result is ab-42)",medium,8,7,5.5
vinnovate-labz,Vinnovate Labz,Campus / Placement,10 real questions from past Vinnovate Labz interviews,Technical,General,Method transformedString Parameters String Returns String,medium,8,7,5.5
vinnovate-labz,Vinnovate Labz,Campus / Placement,10 real questions from past Vinnovate Labz interviews,Technical,General,Sample Case 1:,medium,8,7,5.5
vinnovate-labzs,Vinnovate labzs,Campus / Placement,44 real questions from past Vinnovate labzs interviews,Technical,General,3 codes,medium,8,7,5.5
vinnovate-labzs,Vinnovate labzs,Campus / Placement,44 real questions from past Vinnovate labzs interviews,Technical,General,1 execute chesa madam,medium,8,7,5.5
vinnovate-labzs,Vinnovate labzs,Campus / Placement,44 real questions from past Vinnovate labzs interviews,Technical,General,60% better madam,medium,8,7,5.5
vinnovate-labzs,Vinnovate labzs,Campus / Placement,44 real questions from past Vinnovate labzs interviews,Technical,General,Diff between flex and grid,medium,8,7,5.5
vinnovate-labzs,Vinnovate labzs,Campus / Placement,44 real questions from past Vinnovate labzs interviews,Technical,General,Diff between map and for each,medium,8,7,5.5
vinnovate-labzs,Vinnovate labzs,Campus / Placement,44 real questions from past Vinnovate labzs interviews,Technical,General,Replace odd places in acending order,medium,8,7,5.5
vinnovate-labzs,Vinnovate labzs,Campus / Placement,44 real questions from past Vinnovate labzs interviews,Technical,General,Self intro,medium,8,7,5.5
vinnovate-labzs,Vinnovate labzs,Campus / Placement,44 real questions from past Vinnovate labzs interviews,Technical,General,"Diff between let, var const",medium,8,7,5.5
vinnovate-labzs,Vinnovate labzs,Campus / Placement,44 real questions from past Vinnovate labzs interviews,Technical,General,hoisting,medium,8,7,5.5
vinnovate-labzs,Vinnovate labzs,Campus / Placement,44 real questions from past Vinnovate labzs interviews,Technical,General,Promises,medium,8,7,5.5
vinnovate-labzs,Vinnovate labzs,Campus / Placement,44 real questions from past Vinnovate labzs interviews,Technical,General,Problem solving,medium,8,7,5.5
vinnovate-labzs,Vinnovate labzs,Campus / Placement,44 real questions from past Vinnovate labzs interviews,Technical,General,occurance of characters,medium,8,7,5.5
vinnovate-labzs,Vinnovate labzs,Campus / Placement,44 real questions from past Vinnovate labzs interviews,Technical,General,flattend array,medium,8,7,5.5
vinnovate-labzs,Vinnovate labzs,Campus / Placement,44 real questions from past Vinnovate labzs interviews,Technical,General,"arrange a array first positive element after negative like wise upto end of the array,arrange in same order the remaining onces",medium,8,7,5.5
vinnovate-labzs,Vinnovate labzs,Campus / Placement,44 real questions from past Vinnovate labzs interviews,Technical,General,Diff between var let const,medium,8,7,5.5
vinnovate-labzs,Vinnovate labzs,Campus / Placement,44 real questions from past Vinnovate labzs interviews,Technical,General,Promise,medium,8,7,5.5
vinnovate-labzs,Vinnovate labzs,Campus / Placement,44 real questions from past Vinnovate labzs interviews,Technical,General,"You are given an integer array coins representing coins of different denominations and an integer amount representing a total amount of money. Input: coins = [1,2,5], amount = 11",medium,8,7,5.5
vinnovate-labzs,Vinnovate labzs,Campus / Placement,44 real questions from past Vinnovate labzs interviews,Technical,General,Output: 3,medium,8,7,5.5
vinnovate-labzs,Vinnovate labzs,Campus / Placement,44 real questions from past Vinnovate labzs interviews,Technical,General,Explanation: 11 = 5 + 5 + 1,medium,8,7,5.5
vinnovate-labzs,Vinnovate labzs,Campus / Placement,44 real questions from past Vinnovate labzs interviews,Technical,General,"What is the difference between let, var, const",medium,8,7,5.5
vinnovate-labzs,Vinnovate labzs,Campus / Placement,44 real questions from past Vinnovate labzs interviews,Situational,React,Projects explain (focus on react project),medium,8,7,5.5
vinnovate-labzs,Vinnovate labzs,Campus / Placement,44 real questions from past Vinnovate labzs interviews,Technical,General,What is an object,medium,8,7,5.5
vinnovate-labzs,Vinnovate labzs,Campus / Placement,44 real questions from past Vinnovate labzs interviews,Technical,General,What is an array and methods,medium,8,7,5.5
vinnovate-labzs,Vinnovate labzs,Campus / Placement,44 real questions from past Vinnovate labzs interviews,Technical,General,"What is defination of apply blind,this",medium,8,7,5.5
vinnovate-labzs,Vinnovate labzs,Campus / Placement,44 real questions from past Vinnovate labzs interviews,Technical,General,What is use of this keyword,medium,8,7,5.5
vinnovate-labzs,Vinnovate labzs,Campus / Placement,44 real questions from past Vinnovate labzs interviews,Technical,General,What is scope and types,medium,8,7,5.5
vinnovate-labzs,Vinnovate labzs,Campus / Placement,44 real questions from past Vinnovate labzs interviews,Technical,General,Why we use promise and reason,medium,8,7,5.5
vinnovate-labzs,Vinnovate labzs,Campus / Placement,44 real questions from past Vinnovate labzs interviews,Technical,General,Promise example code they given we say output of the code,medium,8,7,5.5
vinnovate-labzs,Vinnovate labzs,Campus / Placement,44 real questions from past Vinnovate labzs interviews,Technical,General,What is class in js,medium,8,7,5.5
vinnovate-labzs,Vinnovate labzs,Campus / Placement,44 real questions from past Vinnovate labzs interviews,Technical,General,Write one example and explain,medium,8,7,5.5
vinnovate-labzs,Vinnovate labzs,Campus / Placement,44 real questions from past Vinnovate labzs interviews,Technical,General,Problem solving questions on array,medium,8,7,5.5
vinnovate-labzs,Vinnovate labzs,Campus / Placement,44 real questions from past Vinnovate labzs interviews,Technical,General,"Let arr :[ 4,5,6,7,1,2,10] , find the min value and for even indices replace and odd indices not changed",medium,8,7,5.5
vinnovate-labzs,Vinnovate labzs,Campus / Placement,44 real questions from past Vinnovate labzs interviews,Technical,General,"Self intro,",medium,8,7,5.5
vinnovate-labzs,Vinnovate labzs,Campus / Placement,44 real questions from past Vinnovate labzs interviews,Technical,General,Diff between apply and bind,medium,8,7,5.5
vinnovate-labzs,Vinnovate labzs,Campus / Placement,44 real questions from past Vinnovate labzs interviews,Technical,General,Diff between obsulte and relative,medium,8,7,5.5
vinnovate-labzs,Vinnovate labzs,Campus / Placement,44 real questions from past Vinnovate labzs interviews,Technical,General,even place of array changed as min val in array odd places of ele remains same,medium,8,7,5.5
vinnovate-labzs,Vinnovate labzs,Campus / Placement,44 real questions from past Vinnovate labzs interviews,Technical,General,Ps 1 st problem with execution,medium,8,7,5.5
vinnovate-labzs,Vinnovate labzs,Campus / Placement,44 real questions from past Vinnovate labzs interviews,Technical,General,"Var,let,const difference",medium,8,7,5.5
vinnovate-labzs,Vinnovate labzs,Campus / Placement,44 real questions from past Vinnovate labzs interviews,Technical,General,create a register form,medium,8,7,5.5
vinnovate-labzs,Vinnovate labzs,Campus / Placement,44 real questions from past Vinnovate labzs interviews,Technical,General,promises in js,medium,8,7,5.5
vinnovate-labzs,Vinnovate labzs,Campus / Placement,44 real questions from past Vinnovate labzs interviews,Technical,General,closures,medium,8,7,5.5
vinnovate-labzs,Vinnovate labzs,Campus / Placement,44 real questions from past Vinnovate labzs interviews,Technical,General,!important? Why is this used,medium,8,7,5.5
vinnovate-labzs,Vinnovate labzs,Campus / Placement,44 real questions from past Vinnovate labzs interviews,Technical,General,ps- return second largest element from array,medium,8,7,5.5
vinnovate-labzs,Vinnovate labzs,Campus / Placement,44 real questions from past Vinnovate labzs interviews,Technical,General,ps-given array and target return the indices of the eelemt where two elemnst sum equal to target,medium,8,7,5.5
vinnovatelabz,Vinnovatelabz,Campus / Placement,5 real questions from past Vinnovatelabz interviews,Technical,General,In Js they have asked multiple choice question all are,medium,8,7,5.5
vinnovatelabz,Vinnovatelabz,Campus / Placement,5 real questions from past Vinnovatelabz interviews,Technical,General,one questionis from array,medium,8,7,5.5
vinnovatelabz,Vinnovatelabz,Campus / Placement,5 real questions from past Vinnovatelabz interviews,Technical,General,"Code_1 Example:- ['abcd', 'ghy', 'gh'] largest string:abcd",medium,8,7,5.5
vinnovatelabz,Vinnovatelabz,Campus / Placement,5 real questions from past Vinnovatelabz interviews,Technical,General,Code_2 input 12:30pm - 1:30am,medium,8,7,5.5
vinnovatelabz,Vinnovatelabz,Campus / Placement,5 real questions from past Vinnovatelabz interviews,Technical,General,Output example : 639,medium,8,7,5.5
zithara,Zithara,Campus / Placement,45 real questions from past Zithara interviews,Technical,General,"Given JS code of different userId's and amounts (u1=100,u2=150,u1=150,u3=300). Total amount of each userId",medium,8,7,5.5
zithara,Zithara,Campus / Placement,45 real questions from past Zithara interviews,Technical,SQL,Same question for the sql,medium,8,7,5.5
zithara,Zithara,Campus / Placement,45 real questions from past Zithara interviews,HR,Introduction,Questions about projects in resume,easy,8,7,5.5
zithara,Zithara,Campus / Placement,45 real questions from past Zithara interviews,Technical,React,Questions on React & Node,medium,8,7,5.5
zithara,Zithara,Campus / Placement,45 real questions from past Zithara interviews,Technical,General,Questions from answers what we given,medium,8,7,5.5
zithara,Zithara,Campus / Placement,45 real questions from past Zithara interviews,Technical,Java,JavaScript,medium,8,7,5.5
zithara,Zithara,Campus / Placement,45 real questions from past Zithara interviews,Technical,General,Hooks,medium,8,7,5.5
zithara,Zithara,Campus / Placement,45 real questions from past Zithara interviews,Situational,Behavioral,What uh have used in ur project,medium,8,7,5.5
zithara,Zithara,Campus / Placement,45 real questions from past Zithara interviews,Technical,General,Explain projects,medium,8,7,5.5
zithara,Zithara,Campus / Placement,45 real questions from past Zithara interviews,Technical,React,What is react,medium,8,7,5.5
zithara,Zithara,Campus / Placement,45 real questions from past Zithara interviews,Technical,Node.js,What is node js,medium,8,7,5.5
zithara,Zithara,Campus / Placement,45 real questions from past Zithara interviews,Technical,Node.js,What are node js frameworks,medium,8,7,5.5
zithara,Zithara,Campus / Placement,45 real questions from past Zithara interviews,Technical,General,What are HTTP methods,medium,8,7,5.5
zithara,Zithara,Campus / Placement,45 real questions from past Zithara interviews,Technical,General,What is redux,medium,8,7,5.5
zithara,Zithara,Campus / Placement,45 real questions from past Zithara interviews,Technical,React,Explain me the hooks in react,medium,8,7,5.5
zithara,Zithara,Campus / Placement,45 real questions from past Zithara interviews,Technical,General,"// Given an array of integers nums and an integer target, return the indices of the two numbers such that they add up to target.",medium,8,7,5.5
zithara,Zithara,Campus / Placement,45 real questions from past Zithara interviews,Technical,General,"// Input: nums = [2,7,11,15], target = 9",medium,8,7,5.5
zithara,Zithara,Campus / Placement,45 real questions from past Zithara interviews,Technical,General,"// Output: [0,1]",medium,8,7,5.5
zithara,Zithara,Campus / Placement,45 real questions from past Zithara interviews,Situational,Behavioral,"Project explanation with code ,he reviewed code and asked some questions",medium,8,7,5.5
zithara,Zithara,Campus / Placement,45 real questions from past Zithara interviews,Technical,SQL,Asked to write Two SQL queries,medium,8,7,5.5
zithara,Zithara,Campus / Placement,45 real questions from past Zithara interviews,Technical,React,About react and hooks,medium,8,7,5.5
zithara,Zithara,Campus / Placement,45 real questions from past Zithara interviews,Situational,Behavioral,About the project,medium,8,7,5.5
zithara,Zithara,Campus / Placement,45 real questions from past Zithara interviews,Technical,React,What are the hooks in react,medium,8,7,5.5
zithara,Zithara,Campus / Placement,45 real questions from past Zithara interviews,Technical,SQL,Gave an SQL table and asked to write the queries based on the tables,medium,8,7,5.5
zithara,Zithara,Campus / Placement,45 real questions from past Zithara interviews,Technical,General,Mongodb,medium,8,7,5.5
zithara,Zithara,Campus / Placement,45 real questions from past Zithara interviews,Technical,General,Asked coding question and Solved,medium,8,7,5.5
zithara,Zithara,Campus / Placement,45 real questions from past Zithara interviews,Technical,SQL,Asked to explain the SQL commands,medium,8,7,5.5
zithara,Zithara,Campus / Placement,45 real questions from past Zithara interviews,Technical,General,Hoisting,medium,8,7,5.5
zithara,Zithara,Campus / Placement,45 real questions from past Zithara interviews,Technical,General,Closures,medium,8,7,5.5
zithara,Zithara,Campus / Placement,45 real questions from past Zithara interviews,Technical,General,Why js is asynchronous - i confused here mam,medium,8,7,5.5
zithara,Zithara,Campus / Placement,45 real questions from past Zithara interviews,Technical,General,Explain all,medium,8,7,5.5
zithara,Zithara,Campus / Placement,45 real questions from past Zithara interviews,Technical,General,Lastly asked how soon will join in the company if we give chance,medium,8,7,5.5
zithara,Zithara,Campus / Placement,45 real questions from past Zithara interviews,Technical,General,problem solving to print odd and even in a format,medium,8,7,5.5
zithara,Zithara,Campus / Placement,45 real questions from past Zithara interviews,HR,Introduction,projects in resume,easy,8,7,5.5
zithara,Zithara,Campus / Placement,45 real questions from past Zithara interviews,Technical,General,where do you stay,medium,8,7,5.5
zithara,Zithara,Campus / Placement,45 real questions from past Zithara interviews,HR,Introduction,Asked about projects mentioned in resume,easy,8,7,5.5
zithara,Zithara,Campus / Placement,45 real questions from past Zithara interviews,Technical,APIs,REST APIs and HTTP methods,medium,8,7,5.5
zithara,Zithara,Campus / Placement,45 real questions from past Zithara interviews,Technical,General,Is JS sync or async,medium,8,7,5.5
zithara,Zithara,Campus / Placement,45 real questions from past Zithara interviews,Technical,General,"array [2, 7, 11, 15], target = 9, so find the array’s indices whose sum of elements is equal to target",medium,8,7,5.5
zithara,Zithara,Campus / Placement,45 real questions from past Zithara interviews,Technical,General,problem solving question based on recursion,medium,8,7,5.5
zithara,Zithara,Campus / Placement,45 real questions from past Zithara interviews,HR,Introduction,asked projects in resume,easy,8,7,5.5
zithara,Zithara,Campus / Placement,45 real questions from past Zithara interviews,Technical,General,backend and front end authentication logic,medium,8,7,5.5
zithara,Zithara,Campus / Placement,45 real questions from past Zithara interviews,Technical,APIs,context api,medium,8,7,5.5
zithara,Zithara,Campus / Placement,45 real questions from past Zithara interviews,Technical,General,redux,medium,8,7,5.5
zithara,Zithara,Campus / Placement,45 real questions from past Zithara interviews,Technical,Node.js,how to interact with the Mongodb from node,medium,8,7,5.5
